source_row,source_panel,gene,HGVSc,transcript_as_supplied,HGVSp,rsID_as_supplied,in_17_gene_scope,clinical_classification,classification_date,reference_evidence,genome_build,normalised_SPDI,transcript_version,PP3_BP4_used,upstream_training_overlap,prediction_status
1,HCS,MUTYH,c.842C>T,NM_001048171,p.(Pro281Leu),rs374950566,False,,,,,,,,,UNSCORED: reference evidence and matched annotations required
2,HCS,MUTYH,c.842C>T,NM_001048171,p.(Pro281Leu),rs374950566,False,,,,,,,,,UNSCORED: reference evidence and matched annotations required
3,HCS,MUTYH,c.842C>T,NM_001048171,p.(Pro281Leu),rs374950566,False,,,,,,,,,UNSCORED: reference evidence and matched annotations required
4,HCS,MUTYH,c.842C>T,NM_001048171,p.(Pro281Leu),rs374950566,False,,,,,,,,,UNSCORED: reference evidence and matched annotations required
5,HCS,MUTYH,c.842C>T,NM_001048171,p.(Pro281Leu),RS374950566,False,,,,,,,,,UNSCORED: reference evidence and matched annotations required
6,HCS,MUTYH,c.842C>T,NM_001048171,p.(Pro281Leu),rs374950566,False,,,,,,,,,UNSCORED: reference evidence and matched annotations required
7,HCS,MUTYH,c.842C>T,NM_001048171,p.(Pro281Leu),RS374950566,False,,,,,,,,,UNSCORED: reference evidence and matched annotations required
8,HCS,MUTYH,c.842C>T,NM_001048171,p.(Pro281Leu),rs374950566,False,,,,,,,,,UNSCORED: reference evidence and matched annotations required
9,HCS,MUTYH,c.842C>T,NM_001048171,p.(Pro281Leu),RS374950566,False,,,,,,,,,UNSCORED: reference evidence and matched annotations required
10,HCS,MUTYH,c.842C>T,NM_001048171,p.(Pro281Leu),rs374950566,False,,,,,,,,,UNSCORED: reference evidence and matched annotations required
11,HCS,MUTYH,c.842C>T,NM_00104817,p.(Pro281Leu),rs374950566,False,,,,,,,,,UNSCORED: reference evidence and matched annotations required
12,HCS,MUTYH,c.842C>T,NM_00104817,p.(Pro281Leu),rs374950566,False,,,,,,,,,UNSCORED: reference evidence and matched annotations required
13,HCS,MUTYH,c.842C>T,NM_00104817,p.(Pro281Leu),rs374950566,False,,,,,,,,,UNSCORED: reference evidence and matched annotations required
14,HCS,MUTYH,c.842C>T,NM_00104817,p.(Pro281Leu),rs374950566,False,,,,,,,,,UNSCORED: reference evidence and matched annotations required
15,HCS,MUTYH,c.842C>T,NM_001048171.1,p.(Pro281Leu),rs374950566,False,,,,,,,,,UNSCORED: reference evidence and matched annotations required
16,HCS,MUTYH,c.842C>T,NM_001048171,p.(Pro281Leu),rs374950566,False,,,,,,,,,UNSCORED: reference evidence and matched annotations required
17,HCS,MUTYH,c.842C>T,NM_001048171,p.(Pro281Leu),rs374950566,False,,,,,,,,,UNSCORED: reference evidence and matched annotations required
18,HCS,MUTYH,c.842C>T,NM_001048171,p.(Pro281Leu),rs374950566,False,,,,,,,,,UNSCORED: reference evidence and matched annotations required
19,HCS,SMAD4,c.804C>G,NM_005359,p.(Asn268Lys),rs771076131,False,,,,,,,,,UNSCORED: reference evidence and matched annotations required
20,HCS,BRCA1,c.5096G>A,NM_007294,p.(Arg1699Gln),rs41293459,True,,,,,,,,,UNSCORED: reference evidence and matched annotations required
21,HCS,BRCA2,c.8351G>A,NM_000059,p.(Arg2784Gln),rs80359076,True,,,,,,,,,UNSCORED: reference evidence and matched annotations required
22,HCS,POLE,c.1270C>G,NM_00623,p.(Leu424Val,rs483352909,False,,,,,,,,,UNSCORED: reference evidence and matched annotations required
23,HCS,POLE,c.1270C>G,NM_006231.3,p.(Leu424Val),rs483352909,False,,,,,,,,,UNSCORED: reference evidence and matched annotations required
24,HCS,ERCC4,c.2395C>T,NM_005236,p.(Arg799Trp),rs121913049,False,,,,,,,,,UNSCORED: reference evidence and matched annotations required
25,HCS,BRCA2,c.8524C>T,NM_000059,p.(Arg2842Cys),rs80359104,True,,,,,,,,,UNSCORED: reference evidence and matched annotations required
26,HCS,MLH1,c.1649T>C,NM_000249,p.(Leu550Pro),rs63750193,False,,,,,,,,,UNSCORED: reference evidence and matched annotations required
27,HCS,ATM,c.6047A>G,NM_000051,p.(Asp2016Gly),rs587781302,True,,,,,,,,,UNSCORED: reference evidence and matched annotations required
28,HCS,ATM,c.6047A>G,NM_000051,p.(Asp2016Gly),rs587781303,True,,,,,,,,,UNSCORED: reference evidence and matched annotations required
29,HCS,ATM,c.6047A>G,NM_000051,p.(Asp2016Gly),rs587781302,True,,,,,,,,,UNSCORED: reference evidence and matched annotations required
30,HCS,MUTYH,c.1145G>A,NM_001048171,p.(Gly382Asp),rs36053993,False,,,,,,,,,UNSCORED: reference evidence and matched annotations required
31,HCS,MUTYH,c.1145G>A,NM_001048171,p.(Gly382Asp),rs36053993,False,,,,,,,,,UNSCORED: reference evidence and matched annotations required
32,HCS,MUTYH,c.1103G>A,NM_001048171,p.(Gly368Asp),rs36053993,False,,,,,,,,,UNSCORED: reference evidence and matched annotations required
33,HCS,MUTYH,c.1145G>A,NM_001048171,p.(Gly382Asp),rs36053993,False,,,,,,,,,UNSCORED: reference evidence and matched annotations required
34,HCS,MUTYH,c.1145G>A,NM_001048171.1,p.(Gly382Asp),rs36053993,False,,,,,,,,,UNSCORED: reference evidence and matched annotations required
35,HCS,MUTYH,c.1145G>A,NM_001048171.1,p.(Gly382Asp),rs36053993,False,,,,,,,,,UNSCORED: reference evidence and matched annotations required
36,HCS,MUTYH,c.1145G>A,NM_001048171.1,p.(Gly382Asp),rs36053993,False,,,,,,,,,UNSCORED: reference evidence and matched annotations required
37,HCS,MUTYH,c.1145G>A,NM_001048171.1,p.(Gly382Asp),rs36053993,False,,,,,,,,,UNSCORED: reference evidence and matched annotations required
38,HCS,MUTYH,c.1145G>A,NM_001048171.1,p.(Gly382Asp),rs36053993,False,,,,,,,,,UNSCORED: reference evidence and matched annotations required
39,HCS,MUTYH,c.1145G>A,NM_001048171,p.(Gly382Asp),,False,,,,,,,,,UNSCORED: reference evidence and matched annotations required
40,HCS,MUTYH,c.1145G>A,NM_001048171.1,p.(Gly382Asp),rs36053993,False,,,,,,,,,UNSCORED: reference evidence and matched annotations required
41,HCS,MUTYH,c.1145G>A,NM_001048171.1,p.(Gly382Asp),rs36053993,False,,,,,,,,,UNSCORED: reference evidence and matched annotations required
42,HCS,BRCA1,c.181T>G,NM_007294,p.(Cys61Gly),rs28897672,True,,,,,,,,,UNSCORED: reference evidence and matched annotations required
43,HCS,MUTYH,c.1145G>A,NM_001048171.1,p.(Gly382Asp),rs36053993,False,,,,,,,,,UNSCORED: reference evidence and matched annotations required
44,HCS,MUTYH,c.1145G>A,NM_001048171.1,p.(Gly382Asp),rs36053993,False,,,,,,,,,UNSCORED: reference evidence and matched annotations required
45,HCS,MUTYH,c.1145G>A,NM_001048171.1,p.(Gly382Asp),rs36053993,False,,,,,,,,,UNSCORED: reference evidence and matched annotations required
46,HCS,MUTYH,c.1145G>A,NM_001048171.1,p.(Gly382Asp),rs36053993,False,,,,,,,,,UNSCORED: reference evidence and matched annotations required
47,HCS,TP53,c.856G>A,NM_000546.5,p.(Glu286Lys),rs786201059,True,,,,,,,,,UNSCORED: reference evidence and matched annotations required
48,HCS,MEN1,c.1263C>A,NM_000244,p.(Phe421Leu),-,False,,,,,,,,,UNSCORED: reference evidence and matched annotations required
49,HCS,ATM,c.967A>G,NM_000051,p.(Ile323Val),rs587781511,True,,,,,,,,,UNSCORED: reference evidence and matched annotations required
50,HCS,CHEK2,c.562C>T,NM_001005735,p.(Arg188Trp),rs137853007,True,,,,,,,,,UNSCORED: reference evidence and matched annotations required
51,HCS,CHEK2,c.562C>T,NM_001005735,p.(Arg188Trp),rs137853007,True,,,,,,,,,UNSCORED: reference evidence and matched annotations required
52,HCS,CHEK2,c.562C>T,NM_001005735,p.(Arg188Trp),rs137853007,True,,,,,,,,,UNSCORED: reference evidence and matched annotations required
53,HCS,CHEK2,c.599T>C,NM_001005735,p.(Ile200Thr),rs17879961,True,,,,,,,,,UNSCORED: reference evidence and matched annotations required
54,HCS,CHEK2,c.599T>C,NM_001005735.1,p.(Ile200Thr),rs17879961,True,,,,,,,,,UNSCORED: reference evidence and matched annotations required
55,HCS,CHEK2,c.599T>C,NM_001005735,p.(Ile200Thr),rs17879961,True,,,,,,,,,UNSCORED: reference evidence and matched annotations required
56,HCS,CHEK2,c.599T>C,NM_001005735,p.(Ile200Thr),rs17879961,True,,,,,,,,,UNSCORED: reference evidence and matched annotations required
57,HCS,ATM,c.8122G>A,NM_000051,p.(Asp2708Asn),rs587782719,True,,,,,,,,,UNSCORED: reference evidence and matched annotations required
58,HCS,BRCA2,c.8177A>G,NM_000059,p.(Tyr2726Cys),rs80359064,True,,,,,,,,,UNSCORED: reference evidence and matched annotations required
59,HCS,MEN1,c.355A>G,NM_000244,p.(Lys119Glu),-,False,,,,,,,,,UNSCORED: reference evidence and matched annotations required
60,HCS,ATM,c.6154G>A,NM_000051,p.(Glu2052Lys),rs202206540,True,,,,,,,,,UNSCORED: reference evidence and matched annotations required
61,HCS,ATM,c.6154G>A,NM_000051,p.(Glu2052Lys),rs202206540,True,,,,,,,,,UNSCORED: reference evidence and matched annotations required
62,HCS,CDKN2A,c.176T>G,NM_000077,p.(Val59Gly),rs104894099,False,,,,,,,,,UNSCORED: reference evidence and matched annotations required
63,HCS,FANCA,c.4009A>G,NM_000135,p.(Ser1337Gly),,True,,,,,,,,,UNSCORED: reference evidence and matched annotations required
64,HCS,BRCA1,c.5074G>C,NM_007294,p.(Asp1692His),,True,,,,,,,,,UNSCORED: reference evidence and matched annotations required
65,HCS,MUTYH,c.494A>G,NM_001048171,p.(Tyr165Cys),,False,,,,,,,,,UNSCORED: reference evidence and matched annotations required
66,HCS,CHEK2,c.556C>T,NM_001005735,p.(His186Tyr),rs1060502688,True,,,,,,,,,UNSCORED: reference evidence and matched annotations required
67,HCS,CHEK2,c.190G>A,NM_001005735,p.(Glu64Lys),rs141568342,True,,,,,,,,,UNSCORED: reference evidence and matched annotations required
68,HCS,CHEK2,c.190G>A,NM_001005735,p.(Glu64Lys),rs141568342,True,,,,,,,,,UNSCORED: reference evidence and matched annotations required
69,HCS,MLH1,c.884G>C,NM_000249,p.(Ser295Thr),rs63750144,False,,,,,,,,,UNSCORED: reference evidence and matched annotations required
70,HCS,MUTYH,c.692G>A,NM_001048174.2,p.(Arg231His),rs140342925,False,,,,,,,,,UNSCORED: reference evidence and matched annotations required
71,HCS,MUTYH,c.692G>A,NM_001048171,p.(Arg231His),rs140342925,False,,,,,,,,,UNSCORED: reference evidence and matched annotations required
72,HCS,MUTYH,c.692G>A,NM_001048171.1,p.(Arg231His),rs140342925,False,,,,,,,,,UNSCORED: reference evidence and matched annotations required
73,HCS,MUTYH,c.692G>A,NM_001048171,p.(Arg231His),rs140342925,False,,,,,,,,,UNSCORED: reference evidence and matched annotations required
74,HCS,VHL,c.598C>T,NM_000551.3,p.(Arg200Trp),rs28940298,False,,,,,,,,,UNSCORED: reference evidence and matched annotations required
75,HCS,ATM,c.6188G>A,NM_000051,p.(Gly2063Glu),rs866290641,True,,,,,,,,,UNSCORED: reference evidence and matched annotations required
76,HCS,ATM,c.6188G>A,NM_000051,p.(Gly2063Glu),rs866290641,True,,,,,,,,,UNSCORED: reference evidence and matched annotations required
77,HCS,BRCA1,c.53T>C,NM_007294,p.(Met18Thr),rs80356929,True,,,,,,,,,UNSCORED: reference evidence and matched annotations required
78,HCS,CHEK2,c.686A>G,NM_001005735,p.(Asn229Ser),rs369223840,True,,,,,,,,,UNSCORED: reference evidence and matched annotations required
79,HCS,TP53,c.473G>A,NM_000546,p.(Arg158His),rs587782144,True,,,,,,,,,UNSCORED: reference evidence and matched annotations required
80,HCS,ATM,c.6679C>T,NM_000051,p.(Arg2227Cys),rs564652222,True,,,,,,,,,UNSCORED: reference evidence and matched annotations required
81,HCS,MLH1,c.1876T>C,NM_000249,p.(Phe626Leu),rs377241633,False,,,,,,,,,UNSCORED: reference evidence and matched annotations required
82,HCS,MLH1,c.1876T>C,NM_000249,p.(Phe626Leu),rs377241633,False,,,,,,,,,UNSCORED: reference evidence and matched annotations required
83,HCS,CDKN2A,c.159G>A,NM_000077,p.(Met53Ile),rs104894095,False,,,,,,,,,UNSCORED: reference evidence and matched annotations required
84,HCS,TP53,c.742C>T,NM_000546.5,p.(Arg248Trp),rs121912651,True,,,,,,,,,UNSCORED: reference evidence and matched annotations required
85,HCS,RET,c.2410G>A,NM_020630,p.(Val804Met),rs79658334,False,,,,,,,,,UNSCORED: reference evidence and matched annotations required
86,HCS,RET,c.2410G>A,NM_020630.4,p.(Val804Met),rs79658334,False,,,,,,,,,UNSCORED: reference evidence and matched annotations required
87,RET DİZİ,RET,c.2410G>A,NM_020630.4,p.(Val804Met),rs79658334,False,,,,,,,,,UNSCORED: reference evidence and matched annotations required
88,RET DİZİ,RET,c.2410G>A,NM_020630.4,p.(Val804Met),rs79658334,False,,,,,,,,,UNSCORED: reference evidence and matched annotations required
89,HCS,FH,c.1127A>C,NM_000143,p.(Gln376Pro),rs200796606,False,,,,,,,,,UNSCORED: reference evidence and matched annotations required
90,HCS,FH,c.1127A>C,NM_000143,p.(Gln376Pro),rs200796606,False,,,,,,,,,UNSCORED: reference evidence and matched annotations required
91,HCS,FH,c.1127A>C,NM_000143,p.(Gln376Pro),rs200796606,False,,,,,,,,,UNSCORED: reference evidence and matched annotations required
92,HCS,FH,c.1127A>C,NM_000143,p.(Gln376Pro),rs200796606,False,,,,,,,,,UNSCORED: reference evidence and matched annotations required
93,HCS,FH,c.1127A>C,NM_000143,p.(Gln376Pro),rs200796606,False,,,,,,,,,UNSCORED: reference evidence and matched annotations required
94,HCS,ERCC2,c.1636G>A,NM_000400,p.(Glu546Lys),rs769146546,False,,,,,,,,,UNSCORED: reference evidence and matched annotations required
95,HCS,BRCA2,c.9371A>T,NM_000059,p.(Asn3124Ile),rs28897759,True,,,,,,,,,UNSCORED: reference evidence and matched annotations required
96,HCS,BRCA2,c.9371A>T,NM_000059,p.(Asn3124Ile),rs28897759,True,,,,,,,,,UNSCORED: reference evidence and matched annotations required
97,HCS,ATM,c.875C>T,NM_000051,p.(Pro292Leu),rs747727055,True,,,,,,,,,UNSCORED: reference evidence and matched annotations required
98,HCS,BRCA1,c.5123C>A,NM_007294.3,p.(Ala1708Glu),rs28897696,True,,,,,,,,,UNSCORED: reference evidence and matched annotations required
99,HCS,BRCA1,c.5123C>A,NM_007294,p.(Ala1708Glu),rs28897696,True,,,,,,,,,UNSCORED: reference evidence and matched annotations required
100,HCS,MSH6,c.1316A>G,NM_000179,p.(Asp439Gly),rs786202363,False,,,,,,,,,UNSCORED: reference evidence and matched annotations required
101,HCS,CHEK2,c.470T>C,NM_001005735,p.(Ile157Thr),rs17879961,True,,,,,,,,,UNSCORED: reference evidence and matched annotations required
102,HCS,MUTYH,c.494A>G,NM_001048171,p.(Tyr165Cys,rs34612342,False,,,,,,,,,UNSCORED: reference evidence and matched annotations required
103,HCS,MUTYH,c.494A>G,NM_001048171,p.(Tyr165Cys),rs34612342,False,,,,,,,,,UNSCORED: reference evidence and matched annotations required
104,HCS,MUTYH,c.494A>G,NM_001048171,p.(Tyr165Cys),rs34612342,False,,,,,,,,,UNSCORED: reference evidence and matched annotations required
105,HCS,MUTYH,c.283C>T,NM_001048171.1,p.(Arg95Trp),rs765123255,False,,,,,,,,,UNSCORED: reference evidence and matched annotations required
106,HCS,PMS2,c.1939A>T,NM_000535,p.(Lys647Ter),rs201451115,False,,,,,,,,,UNSCORED: reference evidence and matched annotations required
107,BRCA1/2,BRCA1,c.5497G>A,NM_007294,p.(Val1833Met),rs80357268,True,,,,,,,,,UNSCORED: reference evidence and matched annotations required
108,HCS,MSH6,c.3226C>T,NM_000179,p.(Arg1076Cys),rs63750617,False,,,,,,,,,UNSCORED: reference evidence and matched annotations required
109,HCS,FH,c.585G>A,NM_000143,p.(Met195Ile),-,False,,,,,,,,,UNSCORED: reference evidence and matched annotations required
110,HCS,CHEK2,c.499G>A,NM_007194,p.(Gly167Arg),rs72552322,True,,,,,,,,,UNSCORED: reference evidence and matched annotations required
111,HCS,CHEK2,c.628G>A,NM_001005735,p.(Gly210Arg),rs72552322,True,,,,,,,,,UNSCORED: reference evidence and matched annotations required
112,HCS,CHEK2,c.628G>A,NM_001005735,p.(Gly210Arg),rs72552322,True,,,,,,,,,UNSCORED: reference evidence and matched annotations required
113,HCS,CDKN2A,c.212A>G,NM_000077,p.(Asn71Ser),rs559848002,False,,,,,,,,,UNSCORED: reference evidence and matched annotations required
114,HCS,TP53,c.818G>A,NM_000546,p.(Arg273His),rs28934576,True,,,,,,,,,UNSCORED: reference evidence and matched annotations required
115,HCS,RAD51C,c.414G>C,NM_058216,p.(Leu138Phe),rs267606999,True,,,,,,,,,UNSCORED: reference evidence and matched annotations required
116,HCS,RAD51C,c.414G>C,NM_058216,p.(Leu138Phe),rs267606999,True,,,,,,,,,UNSCORED: reference evidence and matched annotations required
117,HCS,MUTYH,c.778C>T,NM_001048171,p.(Arg260Trp),rs769237459,False,,,,,,,,,UNSCORED: reference evidence and matched annotations required
118,HCS,PALB2,c.3113G>C,NM_024675,p.(Trp1038Ser),-,True,,,,,,,,,UNSCORED: reference evidence and matched annotations required
119,HCS,RET,c.2370G>T,NM_020630,p.(Leu790Phe),rs75030001,False,,,,,,,,,UNSCORED: reference evidence and matched annotations required
120,HCS,HOXB13,c.251G>A,NM_006361,p.(Gly84Glu),rs138213197,False,,,,,,,,,UNSCORED: reference evidence and matched annotations required
121,HCS,BRCA1,c.5072C>G,NM_007294,p.(Thr1691Arg),rs80357034,True,,,,,,,,,UNSCORED: reference evidence and matched annotations required
122,HCS,RET,c.1900T>G,NM_020630,p.(Cys634Gly),rs75076352,False,,,,,,,,,UNSCORED: reference evidence and matched annotations required
