source_row,source_panel,gene,HGVSc,transcript_as_supplied,HGVSp,rsID_as_supplied,in_17_gene_scope,clinical_classification,classification_date,reference_evidence,genome_build,normalised_SPDI,transcript_version,PP3_BP4_used,upstream_training_overlap,prediction_status,matched_SPDI,identity_status,identity_note,candidate_SPDIs,matched_HGVSc,matched_HGVSp,matched_transcript,identity_source,record_origin,overlaps_anchors,overlaps_full_training_archive,overlaps_application_catalogue,n_observed_panel,complete_flag,vote_vector,V,S_MAC
1,HCS,MUTYH,c.842C>T,NM_001048171,p.(Pro281Leu),rs374950566,False,,,,,,,,,NOT SCORED: gene outside prespecified scope,,OUTSIDE_17_GENES,Gene outside the prespecified 17-gene scope; not scored.,,,,,,,,,,,,,,
2,HCS,MUTYH,c.842C>T,NM_001048171,p.(Pro281Leu),rs374950566,False,,,,,,,,,NOT SCORED: gene outside prespecified scope,,OUTSIDE_17_GENES,Gene outside the prespecified 17-gene scope; not scored.,,,,,,,,,,,,,,
3,HCS,MUTYH,c.842C>T,NM_001048171,p.(Pro281Leu),rs374950566,False,,,,,,,,,NOT SCORED: gene outside prespecified scope,,OUTSIDE_17_GENES,Gene outside the prespecified 17-gene scope; not scored.,,,,,,,,,,,,,,
4,HCS,MUTYH,c.842C>T,NM_001048171,p.(Pro281Leu),rs374950566,False,,,,,,,,,NOT SCORED: gene outside prespecified scope,,OUTSIDE_17_GENES,Gene outside the prespecified 17-gene scope; not scored.,,,,,,,,,,,,,,
5,HCS,MUTYH,c.842C>T,NM_001048171,p.(Pro281Leu),RS374950566,False,,,,,,,,,NOT SCORED: gene outside prespecified scope,,OUTSIDE_17_GENES,Gene outside the prespecified 17-gene scope; not scored.,,,,,,,,,,,,,,
6,HCS,MUTYH,c.842C>T,NM_001048171,p.(Pro281Leu),rs374950566,False,,,,,,,,,NOT SCORED: gene outside prespecified scope,,OUTSIDE_17_GENES,Gene outside the prespecified 17-gene scope; not scored.,,,,,,,,,,,,,,
7,HCS,MUTYH,c.842C>T,NM_001048171,p.(Pro281Leu),RS374950566,False,,,,,,,,,NOT SCORED: gene outside prespecified scope,,OUTSIDE_17_GENES,Gene outside the prespecified 17-gene scope; not scored.,,,,,,,,,,,,,,
8,HCS,MUTYH,c.842C>T,NM_001048171,p.(Pro281Leu),rs374950566,False,,,,,,,,,NOT SCORED: gene outside prespecified scope,,OUTSIDE_17_GENES,Gene outside the prespecified 17-gene scope; not scored.,,,,,,,,,,,,,,
9,HCS,MUTYH,c.842C>T,NM_001048171,p.(Pro281Leu),RS374950566,False,,,,,,,,,NOT SCORED: gene outside prespecified scope,,OUTSIDE_17_GENES,Gene outside the prespecified 17-gene scope; not scored.,,,,,,,,,,,,,,
10,HCS,MUTYH,c.842C>T,NM_001048171,p.(Pro281Leu),rs374950566,False,,,,,,,,,NOT SCORED: gene outside prespecified scope,,OUTSIDE_17_GENES,Gene outside the prespecified 17-gene scope; not scored.,,,,,,,,,,,,,,
11,HCS,MUTYH,c.842C>T,NM_00104817,p.(Pro281Leu),rs374950566,False,,,,,,,,,NOT SCORED: gene outside prespecified scope,,OUTSIDE_17_GENES,Gene outside the prespecified 17-gene scope; not scored.,,,,,,,,,,,,,,
12,HCS,MUTYH,c.842C>T,NM_00104817,p.(Pro281Leu),rs374950566,False,,,,,,,,,NOT SCORED: gene outside prespecified scope,,OUTSIDE_17_GENES,Gene outside the prespecified 17-gene scope; not scored.,,,,,,,,,,,,,,
13,HCS,MUTYH,c.842C>T,NM_00104817,p.(Pro281Leu),rs374950566,False,,,,,,,,,NOT SCORED: gene outside prespecified scope,,OUTSIDE_17_GENES,Gene outside the prespecified 17-gene scope; not scored.,,,,,,,,,,,,,,
14,HCS,MUTYH,c.842C>T,NM_00104817,p.(Pro281Leu),rs374950566,False,,,,,,,,,NOT SCORED: gene outside prespecified scope,,OUTSIDE_17_GENES,Gene outside the prespecified 17-gene scope; not scored.,,,,,,,,,,,,,,
15,HCS,MUTYH,c.842C>T,NM_001048171.1,p.(Pro281Leu),rs374950566,False,,,,,,,,,NOT SCORED: gene outside prespecified scope,,OUTSIDE_17_GENES,Gene outside the prespecified 17-gene scope; not scored.,,,,,,,,,,,,,,
16,HCS,MUTYH,c.842C>T,NM_001048171,p.(Pro281Leu),rs374950566,False,,,,,,,,,NOT SCORED: gene outside prespecified scope,,OUTSIDE_17_GENES,Gene outside the prespecified 17-gene scope; not scored.,,,,,,,,,,,,,,
17,HCS,MUTYH,c.842C>T,NM_001048171,p.(Pro281Leu),rs374950566,False,,,,,,,,,NOT SCORED: gene outside prespecified scope,,OUTSIDE_17_GENES,Gene outside the prespecified 17-gene scope; not scored.,,,,,,,,,,,,,,
18,HCS,MUTYH,c.842C>T,NM_001048171,p.(Pro281Leu),rs374950566,False,,,,,,,,,NOT SCORED: gene outside prespecified scope,,OUTSIDE_17_GENES,Gene outside the prespecified 17-gene scope; not scored.,,,,,,,,,,,,,,
19,HCS,SMAD4,c.804C>G,NM_005359,p.(Asn268Lys),rs771076131,False,,,,,,,,,NOT SCORED: gene outside prespecified scope,,OUTSIDE_17_GENES,Gene outside the prespecified 17-gene scope; not scored.,,,,,,,,,,,,,,
20,HCS,BRCA1,c.5096G>A,NM_007294,p.(Arg1699Gln),rs41293459,True,,,,,,,,,SCORED: frozen deployment; reference outcome not adjudicated,NC_000017.11:43063929:C:T,RESOLVED,"Same-gene, coding-allele and protein match; available source RefSeq/MANE transcript used for disambiguation. Original source strings retained.",NC_000017.11:43063929:C:T,ENST00000357654.9:c.5096G>A,ENSP00000350283.3:p.Arg1699Gln,ENST00000357654,Ensembl VEP response snapshot,Anchor,True,True,False,25,1,1111,4.0,0.9905971327014479
21,HCS,BRCA2,c.8351G>A,NM_000059,p.(Arg2784Gln),rs80359076,True,,,,,,,,,SCORED: frozen deployment; reference outcome not adjudicated,NC_000013.11:32370420:G:A,RESOLVED,"Same-gene, coding-allele and protein match; available source RefSeq/MANE transcript used for disambiguation. Original source strings retained.",NC_000013.11:32370420:G:A,ENST00000380152.8:c.8351G>A,ENSP00000369497.3:p.Arg2784Gln,ENST00000380152.8,Frozen application annotation,Catalogue,False,False,True,22,1,1101,3.0,0.7155552405263045
22,HCS,POLE,c.1270C>G,NM_00623,p.(Leu424Val,rs483352909,False,,,,,,,,,NOT SCORED: gene outside prespecified scope,,OUTSIDE_17_GENES,Gene outside the prespecified 17-gene scope; not scored.,,,,,,,,,,,,,,
23,HCS,POLE,c.1270C>G,NM_006231.3,p.(Leu424Val),rs483352909,False,,,,,,,,,NOT SCORED: gene outside prespecified scope,,OUTSIDE_17_GENES,Gene outside the prespecified 17-gene scope; not scored.,,,,,,,,,,,,,,
24,HCS,ERCC4,c.2395C>T,NM_005236,p.(Arg799Trp),rs121913049,False,,,,,,,,,NOT SCORED: gene outside prespecified scope,,OUTSIDE_17_GENES,Gene outside the prespecified 17-gene scope; not scored.,,,,,,,,,,,,,,
25,HCS,BRCA2,c.8524C>T,NM_000059,p.(Arg2842Cys),rs80359104,True,,,,,,,,,SCORED: frozen deployment; reference outcome not adjudicated,NC_000013.11:32370991:C:T,RESOLVED,"Same-gene, coding-allele and protein match; available source RefSeq/MANE transcript used for disambiguation. Original source strings retained.",NC_000013.11:32370991:C:T,ENST00000380152.8:c.8524C>T,ENSP00000369497.3:p.Arg2842Cys,ENST00000380152.8,Frozen application annotation,Catalogue,False,False,True,22,1,1111,4.0,0.9345259517337764
26,HCS,MLH1,c.1649T>C,NM_000249,p.(Leu550Pro),rs63750193,False,,,,,,,,,NOT SCORED: gene outside prespecified scope,,OUTSIDE_17_GENES,Gene outside the prespecified 17-gene scope; not scored.,,,,,,,,,,,,,,
27,HCS,ATM,c.6047A>G,NM_000051,p.(Asp2016Gly),rs587781302,True,,,,,,,,,SCORED: frozen deployment; reference outcome not adjudicated,NC_000011.10:108315862:A:G,RESOLVED,"Same-gene, coding-allele and protein match; available source RefSeq/MANE transcript used for disambiguation. Original source strings retained. Source rsIDs disagree within this description; they were not used to override the coding/protein match.",NC_000011.10:108315862:A:G,ENST00000675843.1:c.6047A>G,ENSP00000501606.1:p.Asp2016Gly,ENST00000675843,Ensembl VEP response snapshot,Anchor,True,True,False,25,1,1111,4.0,0.9978195857858592
28,HCS,ATM,c.6047A>G,NM_000051,p.(Asp2016Gly),rs587781303,True,,,,,,,,,SCORED: frozen deployment; reference outcome not adjudicated,NC_000011.10:108315862:A:G,RESOLVED,"Same-gene, coding-allele and protein match; available source RefSeq/MANE transcript used for disambiguation. Original source strings retained. Source rsIDs disagree within this description; they were not used to override the coding/protein match.",NC_000011.10:108315862:A:G,ENST00000675843.1:c.6047A>G,ENSP00000501606.1:p.Asp2016Gly,ENST00000675843,Ensembl VEP response snapshot,Anchor,True,True,False,25,1,1111,4.0,0.9978195857858592
29,HCS,ATM,c.6047A>G,NM_000051,p.(Asp2016Gly),rs587781302,True,,,,,,,,,SCORED: frozen deployment; reference outcome not adjudicated,NC_000011.10:108315862:A:G,RESOLVED,"Same-gene, coding-allele and protein match; available source RefSeq/MANE transcript used for disambiguation. Original source strings retained. Source rsIDs disagree within this description; they were not used to override the coding/protein match.",NC_000011.10:108315862:A:G,ENST00000675843.1:c.6047A>G,ENSP00000501606.1:p.Asp2016Gly,ENST00000675843,Ensembl VEP response snapshot,Anchor,True,True,False,25,1,1111,4.0,0.9978195857858592
30,HCS,MUTYH,c.1145G>A,NM_001048171,p.(Gly382Asp),rs36053993,False,,,,,,,,,NOT SCORED: gene outside prespecified scope,,OUTSIDE_17_GENES,Gene outside the prespecified 17-gene scope; not scored.,,,,,,,,,,,,,,
31,HCS,MUTYH,c.1145G>A,NM_001048171,p.(Gly382Asp),rs36053993,False,,,,,,,,,NOT SCORED: gene outside prespecified scope,,OUTSIDE_17_GENES,Gene outside the prespecified 17-gene scope; not scored.,,,,,,,,,,,,,,
32,HCS,MUTYH,c.1103G>A,NM_001048171,p.(Gly368Asp),rs36053993,False,,,,,,,,,NOT SCORED: gene outside prespecified scope,,OUTSIDE_17_GENES,Gene outside the prespecified 17-gene scope; not scored.,,,,,,,,,,,,,,
33,HCS,MUTYH,c.1145G>A,NM_001048171,p.(Gly382Asp),rs36053993,False,,,,,,,,,NOT SCORED: gene outside prespecified scope,,OUTSIDE_17_GENES,Gene outside the prespecified 17-gene scope; not scored.,,,,,,,,,,,,,,
34,HCS,MUTYH,c.1145G>A,NM_001048171.1,p.(Gly382Asp),rs36053993,False,,,,,,,,,NOT SCORED: gene outside prespecified scope,,OUTSIDE_17_GENES,Gene outside the prespecified 17-gene scope; not scored.,,,,,,,,,,,,,,
35,HCS,MUTYH,c.1145G>A,NM_001048171.1,p.(Gly382Asp),rs36053993,False,,,,,,,,,NOT SCORED: gene outside prespecified scope,,OUTSIDE_17_GENES,Gene outside the prespecified 17-gene scope; not scored.,,,,,,,,,,,,,,
36,HCS,MUTYH,c.1145G>A,NM_001048171.1,p.(Gly382Asp),rs36053993,False,,,,,,,,,NOT SCORED: gene outside prespecified scope,,OUTSIDE_17_GENES,Gene outside the prespecified 17-gene scope; not scored.,,,,,,,,,,,,,,
37,HCS,MUTYH,c.1145G>A,NM_001048171.1,p.(Gly382Asp),rs36053993,False,,,,,,,,,NOT SCORED: gene outside prespecified scope,,OUTSIDE_17_GENES,Gene outside the prespecified 17-gene scope; not scored.,,,,,,,,,,,,,,
38,HCS,MUTYH,c.1145G>A,NM_001048171.1,p.(Gly382Asp),rs36053993,False,,,,,,,,,NOT SCORED: gene outside prespecified scope,,OUTSIDE_17_GENES,Gene outside the prespecified 17-gene scope; not scored.,,,,,,,,,,,,,,
39,HCS,MUTYH,c.1145G>A,NM_001048171,p.(Gly382Asp),,False,,,,,,,,,NOT SCORED: gene outside prespecified scope,,OUTSIDE_17_GENES,Gene outside the prespecified 17-gene scope; not scored.,,,,,,,,,,,,,,
40,HCS,MUTYH,c.1145G>A,NM_001048171.1,p.(Gly382Asp),rs36053993,False,,,,,,,,,NOT SCORED: gene outside prespecified scope,,OUTSIDE_17_GENES,Gene outside the prespecified 17-gene scope; not scored.,,,,,,,,,,,,,,
41,HCS,MUTYH,c.1145G>A,NM_001048171.1,p.(Gly382Asp),rs36053993,False,,,,,,,,,NOT SCORED: gene outside prespecified scope,,OUTSIDE_17_GENES,Gene outside the prespecified 17-gene scope; not scored.,,,,,,,,,,,,,,
42,HCS,BRCA1,c.181T>G,NM_007294,p.(Cys61Gly),rs28897672,True,,,,,,,,,SCORED: frozen deployment; reference outcome not adjudicated,NC_000017.11:43106486:A:C,RESOLVED,"Same-gene, coding-allele and protein match; available source RefSeq/MANE transcript used for disambiguation. Original source strings retained.",NC_000017.11:43106486:A:C,ENST00000357654.9:c.181T>G,ENSP00000350283.3:p.Cys61Gly,ENST00000357654,Ensembl VEP response snapshot,Anchor,True,True,False,25,1,1111,4.0,0.997658652006152
43,HCS,MUTYH,c.1145G>A,NM_001048171.1,p.(Gly382Asp),rs36053993,False,,,,,,,,,NOT SCORED: gene outside prespecified scope,,OUTSIDE_17_GENES,Gene outside the prespecified 17-gene scope; not scored.,,,,,,,,,,,,,,
44,HCS,MUTYH,c.1145G>A,NM_001048171.1,p.(Gly382Asp),rs36053993,False,,,,,,,,,NOT SCORED: gene outside prespecified scope,,OUTSIDE_17_GENES,Gene outside the prespecified 17-gene scope; not scored.,,,,,,,,,,,,,,
45,HCS,MUTYH,c.1145G>A,NM_001048171.1,p.(Gly382Asp),rs36053993,False,,,,,,,,,NOT SCORED: gene outside prespecified scope,,OUTSIDE_17_GENES,Gene outside the prespecified 17-gene scope; not scored.,,,,,,,,,,,,,,
46,HCS,MUTYH,c.1145G>A,NM_001048171.1,p.(Gly382Asp),rs36053993,False,,,,,,,,,NOT SCORED: gene outside prespecified scope,,OUTSIDE_17_GENES,Gene outside the prespecified 17-gene scope; not scored.,,,,,,,,,,,,,,
47,HCS,TP53,c.856G>A,NM_000546.5,p.(Glu286Lys),rs786201059,True,,,,,,,,,SCORED: frozen deployment; reference outcome not adjudicated,NC_000017.11:7673763:C:T,RESOLVED,"Same-gene, coding-allele and protein match; available source RefSeq/MANE transcript used for disambiguation. Original source strings retained.",NC_000017.11:7673763:C:T,ENST00000269305.9:c.856G>A,ENSP00000269305.4:p.Glu286Lys,ENST00000269305,Ensembl VEP response snapshot,Anchor,True,True,False,25,1,1111,4.0,0.9948113358411703
48,HCS,MEN1,c.1263C>A,NM_000244,p.(Phe421Leu),-,False,,,,,,,,,NOT SCORED: gene outside prespecified scope,,OUTSIDE_17_GENES,Gene outside the prespecified 17-gene scope; not scored.,,,,,,,,,,,,,,
49,HCS,ATM,c.967A>G,NM_000051,p.(Ile323Val),rs587781511,True,,,,,,,,,SCORED: frozen deployment; reference outcome not adjudicated,NC_000011.10:108247028:A:G,RESOLVED,"Same-gene, coding-allele and protein match; available source RefSeq/MANE transcript used for disambiguation. Original source strings retained.",NC_000011.10:108247028:A:G,ENST00000675843.1:c.967A>G,ENSP00000501606.1:p.Ile323Val,ENST00000675843,Ensembl VEP response snapshot,Anchor,True,True,False,25,1,1111,4.0,0.9947320150987086
50,HCS,CHEK2,c.562C>T,NM_001005735,p.(Arg188Trp),rs137853007,True,,,,,,,,,SCORED: frozen deployment; reference outcome not adjudicated,NC_000022.11:28725253:G:A,RESOLVED,"Same-gene, coding-allele and protein match; available source RefSeq/MANE transcript used for disambiguation. Original source strings retained.",NC_000022.11:28725253:G:A,ENST00000382580.7:c.562C>T,ENSP00000372023.2:p.Arg188Trp,ENST00000382580,Ensembl VEP response snapshot,Anchor,True,True,False,24,1,1111,4.0,0.9882516375851584
51,HCS,CHEK2,c.562C>T,NM_001005735,p.(Arg188Trp),rs137853007,True,,,,,,,,,SCORED: frozen deployment; reference outcome not adjudicated,NC_000022.11:28725253:G:A,RESOLVED,"Same-gene, coding-allele and protein match; available source RefSeq/MANE transcript used for disambiguation. Original source strings retained.",NC_000022.11:28725253:G:A,ENST00000382580.7:c.562C>T,ENSP00000372023.2:p.Arg188Trp,ENST00000382580,Ensembl VEP response snapshot,Anchor,True,True,False,24,1,1111,4.0,0.9882516375851584
52,HCS,CHEK2,c.562C>T,NM_001005735,p.(Arg188Trp),rs137853007,True,,,,,,,,,SCORED: frozen deployment; reference outcome not adjudicated,NC_000022.11:28725253:G:A,RESOLVED,"Same-gene, coding-allele and protein match; available source RefSeq/MANE transcript used for disambiguation. Original source strings retained.",NC_000022.11:28725253:G:A,ENST00000382580.7:c.562C>T,ENSP00000372023.2:p.Arg188Trp,ENST00000382580,Ensembl VEP response snapshot,Anchor,True,True,False,24,1,1111,4.0,0.9882516375851584
53,HCS,CHEK2,c.599T>C,NM_001005735,p.(Ile200Thr),rs17879961,True,,,,,,,,,SCORED: frozen deployment; reference outcome not adjudicated,NC_000022.11:28725098:A:G,RESOLVED,"Same-gene, coding-allele and protein match; available source RefSeq/MANE transcript used for disambiguation. Original source strings retained.",NC_000022.11:28725098:A:G,ENST00000382580.7:c.599T>C,ENSP00000372023.2:p.Ile200Thr,ENST00000382580,Ensembl VEP response snapshot,Catalogue,False,False,True,24,1,0000,0.0,0.009337026011739778
54,HCS,CHEK2,c.599T>C,NM_001005735.1,p.(Ile200Thr),rs17879961,True,,,,,,,,,SCORED: frozen deployment; reference outcome not adjudicated,NC_000022.11:28725098:A:G,RESOLVED,"Same-gene, coding-allele and protein match; available source RefSeq/MANE transcript used for disambiguation. Original source strings retained.",NC_000022.11:28725098:A:G,ENST00000382580.7:c.599T>C,ENSP00000372023.2:p.Ile200Thr,ENST00000382580,Ensembl VEP response snapshot,Catalogue,False,False,True,24,1,0000,0.0,0.009337026011739778
55,HCS,CHEK2,c.599T>C,NM_001005735,p.(Ile200Thr),rs17879961,True,,,,,,,,,SCORED: frozen deployment; reference outcome not adjudicated,NC_000022.11:28725098:A:G,RESOLVED,"Same-gene, coding-allele and protein match; available source RefSeq/MANE transcript used for disambiguation. Original source strings retained.",NC_000022.11:28725098:A:G,ENST00000382580.7:c.599T>C,ENSP00000372023.2:p.Ile200Thr,ENST00000382580,Ensembl VEP response snapshot,Catalogue,False,False,True,24,1,0000,0.0,0.009337026011739778
56,HCS,CHEK2,c.599T>C,NM_001005735,p.(Ile200Thr),rs17879961,True,,,,,,,,,SCORED: frozen deployment; reference outcome not adjudicated,NC_000022.11:28725098:A:G,RESOLVED,"Same-gene, coding-allele and protein match; available source RefSeq/MANE transcript used for disambiguation. Original source strings retained.",NC_000022.11:28725098:A:G,ENST00000382580.7:c.599T>C,ENSP00000372023.2:p.Ile200Thr,ENST00000382580,Ensembl VEP response snapshot,Catalogue,False,False,True,24,1,0000,0.0,0.009337026011739778
57,HCS,ATM,c.8122G>A,NM_000051,p.(Asp2708Asn),rs587782719,True,,,,,,,,,SCORED: frozen deployment; reference outcome not adjudicated,NC_000011.10:108335079:G:A,RESOLVED,"Same-gene, coding-allele and protein match; available source RefSeq/MANE transcript used for disambiguation. Original source strings retained.",NC_000011.10:108335079:G:A,ENST00000675843.1:c.8122G>A,ENSP00000501606.1:p.Asp2708Asn,ENST00000675843,Ensembl VEP response snapshot,Anchor,True,True,False,25,1,1111,4.0,0.9631852927420861
58,HCS,BRCA2,c.8177A>G,NM_000059,p.(Tyr2726Cys),rs80359064,True,,,,,,,,,SCORED: frozen deployment; reference outcome not adjudicated,NC_000013.11:32363378:A:G,RESOLVED,"Same-gene, coding-allele and protein match; available source RefSeq/MANE transcript used for disambiguation. Original source strings retained.",NC_000013.11:32363378:A:G,ENST00000380152.8:c.8177A>G,ENSP00000369497.3:p.Tyr2726Cys,ENST00000380152,Ensembl VEP response snapshot,Anchor,True,True,False,22,1,1111,4.0,0.9789392437214364
59,HCS,MEN1,c.355A>G,NM_000244,p.(Lys119Glu),-,False,,,,,,,,,NOT SCORED: gene outside prespecified scope,,OUTSIDE_17_GENES,Gene outside the prespecified 17-gene scope; not scored.,,,,,,,,,,,,,,
60,HCS,ATM,c.6154G>A,NM_000051,p.(Glu2052Lys),rs202206540,True,,,,,,,,,SCORED: frozen deployment; reference outcome not adjudicated,NC_000011.10:108316068:G:A,RESOLVED,"Same-gene, coding-allele and protein match; available source RefSeq/MANE transcript used for disambiguation. Original source strings retained.",NC_000011.10:108316068:G:A,ENST00000675843.1:c.6154G>A,ENSP00000501606.1:p.Glu2052Lys,ENST00000675843.1,Frozen application annotation,Catalogue,False,False,True,25,1,0001,1.0,0.2645673894976141
61,HCS,ATM,c.6154G>A,NM_000051,p.(Glu2052Lys),rs202206540,True,,,,,,,,,SCORED: frozen deployment; reference outcome not adjudicated,NC_000011.10:108316068:G:A,RESOLVED,"Same-gene, coding-allele and protein match; available source RefSeq/MANE transcript used for disambiguation. Original source strings retained.",NC_000011.10:108316068:G:A,ENST00000675843.1:c.6154G>A,ENSP00000501606.1:p.Glu2052Lys,ENST00000675843.1,Frozen application annotation,Catalogue,False,False,True,25,1,0001,1.0,0.2645673894976141
62,HCS,CDKN2A,c.176T>G,NM_000077,p.(Val59Gly),rs104894099,False,,,,,,,,,NOT SCORED: gene outside prespecified scope,,OUTSIDE_17_GENES,Gene outside the prespecified 17-gene scope; not scored.,,,,,,,,,,,,,,
63,HCS,FANCA,c.4009A>G,NM_000135,p.(Ser1337Gly),,True,,,,,,,,,SCORED: frozen deployment; reference outcome not adjudicated,NC_000016.10:89739478:T:C,RESOLVED,"Same-gene, coding-allele and protein match; available source RefSeq/MANE transcript used for disambiguation. Original source strings retained.",NC_000016.10:89739478:T:C,ENST00000389301.8:c.4009A>G,ENSP00000373952.3:p.Ser1337Gly,ENST00000389301,Ensembl VEP response snapshot,Anchor,True,True,False,24,1,1111,4.0,0.9597383888037437
64,HCS,BRCA1,c.5074G>C,NM_007294,p.(Asp1692His),,True,,,,,,,,,SCORED: frozen deployment; reference outcome not adjudicated,NC_000017.11:43067607:C:G,RESOLVED,"Same-gene, coding-allele and protein match; available source RefSeq/MANE transcript used for disambiguation. Original source strings retained.",NC_000017.11:43067607:C:G,ENST00000357654.9:c.5074G>C,ENSP00000350283.3:p.Asp1692His,ENST00000357654,Ensembl VEP response snapshot,Anchor,True,True,False,24,1,1111,4.0,0.9981500744205999
65,HCS,MUTYH,c.494A>G,NM_001048171,p.(Tyr165Cys),,False,,,,,,,,,NOT SCORED: gene outside prespecified scope,,OUTSIDE_17_GENES,Gene outside the prespecified 17-gene scope; not scored.,,,,,,,,,,,,,,
66,HCS,CHEK2,c.556C>T,NM_001005735,p.(His186Tyr),rs1060502688,True,,,,,,,,,SCORED: frozen deployment; reference outcome not adjudicated,NC_000022.11:28725259:G:A,RESOLVED,"Same-gene, coding-allele and protein match; available source RefSeq/MANE transcript used for disambiguation. Original source strings retained.",NC_000022.11:28725259:G:A,ENST00000382580.7:c.556C>T,ENSP00000372023.2:p.His186Tyr,ENST00000382580,Ensembl VEP response snapshot,Catalogue,False,False,True,24,1,1111,4.0,0.9857570439200235
67,HCS,CHEK2,c.190G>A,NM_001005735,p.(Glu64Lys),rs141568342,True,,,,,,,,,SCORED: frozen deployment; reference outcome not adjudicated,NC_000022.11:28734531:C:T,RESOLVED,"Same-gene, coding-allele and protein match; available source RefSeq/MANE transcript used for disambiguation. Original source strings retained.",NC_000022.11:28734531:C:T,ENST00000404276.6:c.190G>A,ENSP00000385747.1:p.Glu64Lys,ENST00000404276.6,Frozen application annotation,Catalogue,False,False,True,24,1,0000,0.0,0.09465266990986813
68,HCS,CHEK2,c.190G>A,NM_001005735,p.(Glu64Lys),rs141568342,True,,,,,,,,,SCORED: frozen deployment; reference outcome not adjudicated,NC_000022.11:28734531:C:T,RESOLVED,"Same-gene, coding-allele and protein match; available source RefSeq/MANE transcript used for disambiguation. Original source strings retained.",NC_000022.11:28734531:C:T,ENST00000404276.6:c.190G>A,ENSP00000385747.1:p.Glu64Lys,ENST00000404276.6,Frozen application annotation,Catalogue,False,False,True,24,1,0000,0.0,0.09465266990986813
69,HCS,MLH1,c.884G>C,NM_000249,p.(Ser295Thr),rs63750144,False,,,,,,,,,NOT SCORED: gene outside prespecified scope,,OUTSIDE_17_GENES,Gene outside the prespecified 17-gene scope; not scored.,,,,,,,,,,,,,,
70,HCS,MUTYH,c.692G>A,NM_001048174.2,p.(Arg231His),rs140342925,False,,,,,,,,,NOT SCORED: gene outside prespecified scope,,OUTSIDE_17_GENES,Gene outside the prespecified 17-gene scope; not scored.,,,,,,,,,,,,,,
71,HCS,MUTYH,c.692G>A,NM_001048171,p.(Arg231His),rs140342925,False,,,,,,,,,NOT SCORED: gene outside prespecified scope,,OUTSIDE_17_GENES,Gene outside the prespecified 17-gene scope; not scored.,,,,,,,,,,,,,,
72,HCS,MUTYH,c.692G>A,NM_001048171.1,p.(Arg231His),rs140342925,False,,,,,,,,,NOT SCORED: gene outside prespecified scope,,OUTSIDE_17_GENES,Gene outside the prespecified 17-gene scope; not scored.,,,,,,,,,,,,,,
73,HCS,MUTYH,c.692G>A,NM_001048171,p.(Arg231His),rs140342925,False,,,,,,,,,NOT SCORED: gene outside prespecified scope,,OUTSIDE_17_GENES,Gene outside the prespecified 17-gene scope; not scored.,,,,,,,,,,,,,,
74,HCS,VHL,c.598C>T,NM_000551.3,p.(Arg200Trp),rs28940298,False,,,,,,,,,NOT SCORED: gene outside prespecified scope,,OUTSIDE_17_GENES,Gene outside the prespecified 17-gene scope; not scored.,,,,,,,,,,,,,,
75,HCS,ATM,c.6188G>A,NM_000051,p.(Gly2063Glu),rs866290641,True,,,,,,,,,SCORED: frozen deployment; reference outcome not adjudicated,NC_000011.10:108316102:G:A,RESOLVED,"Same-gene, coding-allele and protein match; available source RefSeq/MANE transcript used for disambiguation. Original source strings retained.",NC_000011.10:108316102:G:A,ENST00000675843.1:c.6188G>A,ENSP00000501606.1:p.Gly2063Glu,ENST00000675843.1,Frozen application annotation,Catalogue,False,False,True,25,1,1111,4.0,0.9866914374845531
76,HCS,ATM,c.6188G>A,NM_000051,p.(Gly2063Glu),rs866290641,True,,,,,,,,,SCORED: frozen deployment; reference outcome not adjudicated,NC_000011.10:108316102:G:A,RESOLVED,"Same-gene, coding-allele and protein match; available source RefSeq/MANE transcript used for disambiguation. Original source strings retained.",NC_000011.10:108316102:G:A,ENST00000675843.1:c.6188G>A,ENSP00000501606.1:p.Gly2063Glu,ENST00000675843.1,Frozen application annotation,Catalogue,False,False,True,25,1,1111,4.0,0.9866914374845531
77,HCS,BRCA1,c.53T>C,NM_007294,p.(Met18Thr),rs80356929,True,,,,,,,,,SCORED: frozen deployment; reference outcome not adjudicated,NC_000017.11:43124043:A:G,RESOLVED,"Same-gene, coding-allele and protein match; available source RefSeq/MANE transcript used for disambiguation. Original source strings retained.",NC_000017.11:43124043:A:G,ENST00000357654.9:c.53T>C,ENSP00000350283.3:p.Met18Thr,ENST00000357654,Ensembl VEP response snapshot,Anchor,True,True,False,25,1,1111,4.0,0.992166231464225
78,HCS,CHEK2,c.686A>G,NM_001005735,p.(Asn229Ser),rs369223840,True,,,,,,,,,SCORED: frozen deployment; reference outcome not adjudicated,NC_000022.11:28725011:T:C,RESOLVED,"Same-gene, coding-allele and protein match; available source RefSeq/MANE transcript used for disambiguation. Original source strings retained.",NC_000022.11:28725011:T:C,ENST00000382580.7:c.686A>G,ENSP00000372023.2:p.Asn229Ser,ENST00000382580,Ensembl VEP response snapshot,Catalogue,False,False,True,24,1,0000,0.0,0.003968372687163503
79,HCS,TP53,c.473G>A,NM_000546,p.(Arg158His),rs587782144,True,,,,,,,,,SCORED: frozen deployment; reference outcome not adjudicated,NC_000017.11:7675138:C:T,RESOLVED,"Same-gene, coding-allele and protein match; available source RefSeq/MANE transcript used for disambiguation. Original source strings retained.",NC_000017.11:7675138:C:T,ENST00000269305.9:c.473G>A,ENSP00000269305.4:p.Arg158His,ENST00000269305,Ensembl VEP response snapshot,Anchor,True,True,False,25,1,1111,4.0,0.9930072557190904
80,HCS,ATM,c.6679C>T,NM_000051,p.(Arg2227Cys),rs564652222,True,,,,,,,,,SCORED: frozen deployment; reference outcome not adjudicated,NC_000011.10:108325415:C:T,RESOLVED,"Same-gene, coding-allele and protein match; available source RefSeq/MANE transcript used for disambiguation. Original source strings retained.",NC_000011.10:108325415:C:T,ENST00000675843.1:c.6679C>T,ENSP00000501606.1:p.Arg2227Cys,ENST00000675843,Ensembl VEP response snapshot,Anchor,True,True,False,25,1,1111,4.0,0.9937433210132607
81,HCS,MLH1,c.1876T>C,NM_000249,p.(Phe626Leu),rs377241633,False,,,,,,,,,NOT SCORED: gene outside prespecified scope,,OUTSIDE_17_GENES,Gene outside the prespecified 17-gene scope; not scored.,,,,,,,,,,,,,,
82,HCS,MLH1,c.1876T>C,NM_000249,p.(Phe626Leu),rs377241633,False,,,,,,,,,NOT SCORED: gene outside prespecified scope,,OUTSIDE_17_GENES,Gene outside the prespecified 17-gene scope; not scored.,,,,,,,,,,,,,,
83,HCS,CDKN2A,c.159G>A,NM_000077,p.(Met53Ile),rs104894095,False,,,,,,,,,NOT SCORED: gene outside prespecified scope,,OUTSIDE_17_GENES,Gene outside the prespecified 17-gene scope; not scored.,,,,,,,,,,,,,,
84,HCS,TP53,c.742C>T,NM_000546.5,p.(Arg248Trp),rs121912651,True,,,,,,,,,SCORED: frozen deployment; reference outcome not adjudicated,NC_000017.11:7674220:G:A,RESOLVED,"Same-gene, coding-allele and protein match; available source RefSeq/MANE transcript used for disambiguation. Original source strings retained.",NC_000017.11:7674220:G:A,ENST00000269305.9:c.742C>T,ENSP00000269305.4:p.Arg248Trp,ENST00000269305,Ensembl VEP response snapshot,Anchor,True,True,False,25,1,1111,4.0,0.9988286689658961
85,HCS,RET,c.2410G>A,NM_020630,p.(Val804Met),rs79658334,False,,,,,,,,,NOT SCORED: gene outside prespecified scope,,OUTSIDE_17_GENES,Gene outside the prespecified 17-gene scope; not scored.,,,,,,,,,,,,,,
86,HCS,RET,c.2410G>A,NM_020630.4,p.(Val804Met),rs79658334,False,,,,,,,,,NOT SCORED: gene outside prespecified scope,,OUTSIDE_17_GENES,Gene outside the prespecified 17-gene scope; not scored.,,,,,,,,,,,,,,
87,RET DİZİ,RET,c.2410G>A,NM_020630.4,p.(Val804Met),rs79658334,False,,,,,,,,,NOT SCORED: gene outside prespecified scope,,OUTSIDE_17_GENES,Gene outside the prespecified 17-gene scope; not scored.,,,,,,,,,,,,,,
88,RET DİZİ,RET,c.2410G>A,NM_020630.4,p.(Val804Met),rs79658334,False,,,,,,,,,NOT SCORED: gene outside prespecified scope,,OUTSIDE_17_GENES,Gene outside the prespecified 17-gene scope; not scored.,,,,,,,,,,,,,,
89,HCS,FH,c.1127A>C,NM_000143,p.(Gln376Pro),rs200796606,False,,,,,,,,,NOT SCORED: gene outside prespecified scope,,OUTSIDE_17_GENES,Gene outside the prespecified 17-gene scope; not scored.,,,,,,,,,,,,,,
90,HCS,FH,c.1127A>C,NM_000143,p.(Gln376Pro),rs200796606,False,,,,,,,,,NOT SCORED: gene outside prespecified scope,,OUTSIDE_17_GENES,Gene outside the prespecified 17-gene scope; not scored.,,,,,,,,,,,,,,
91,HCS,FH,c.1127A>C,NM_000143,p.(Gln376Pro),rs200796606,False,,,,,,,,,NOT SCORED: gene outside prespecified scope,,OUTSIDE_17_GENES,Gene outside the prespecified 17-gene scope; not scored.,,,,,,,,,,,,,,
92,HCS,FH,c.1127A>C,NM_000143,p.(Gln376Pro),rs200796606,False,,,,,,,,,NOT SCORED: gene outside prespecified scope,,OUTSIDE_17_GENES,Gene outside the prespecified 17-gene scope; not scored.,,,,,,,,,,,,,,
93,HCS,FH,c.1127A>C,NM_000143,p.(Gln376Pro),rs200796606,False,,,,,,,,,NOT SCORED: gene outside prespecified scope,,OUTSIDE_17_GENES,Gene outside the prespecified 17-gene scope; not scored.,,,,,,,,,,,,,,
94,HCS,ERCC2,c.1636G>A,NM_000400,p.(Glu546Lys),rs769146546,False,,,,,,,,,NOT SCORED: gene outside prespecified scope,,OUTSIDE_17_GENES,Gene outside the prespecified 17-gene scope; not scored.,,,,,,,,,,,,,,
95,HCS,BRCA2,c.9371A>T,NM_000059,p.(Asn3124Ile),rs28897759,True,,,,,,,,,SCORED: frozen deployment; reference outcome not adjudicated,NC_000013.11:32394802:A:T,RESOLVED,"Same-gene, coding-allele and protein match; available source RefSeq/MANE transcript used for disambiguation. Original source strings retained.",NC_000013.11:32394802:A:T,ENST00000380152.8:c.9371A>T,ENSP00000369497.3:p.Asn3124Ile,ENST00000380152,Ensembl VEP response snapshot,Anchor,True,True,False,22,1,1111,4.0,0.9814870788797749
96,HCS,BRCA2,c.9371A>T,NM_000059,p.(Asn3124Ile),rs28897759,True,,,,,,,,,SCORED: frozen deployment; reference outcome not adjudicated,NC_000013.11:32394802:A:T,RESOLVED,"Same-gene, coding-allele and protein match; available source RefSeq/MANE transcript used for disambiguation. Original source strings retained.",NC_000013.11:32394802:A:T,ENST00000380152.8:c.9371A>T,ENSP00000369497.3:p.Asn3124Ile,ENST00000380152,Ensembl VEP response snapshot,Anchor,True,True,False,22,1,1111,4.0,0.9814870788797749
97,HCS,ATM,c.875C>T,NM_000051,p.(Pro292Leu),rs747727055,True,,,,,,,,,SCORED: frozen deployment; reference outcome not adjudicated,NC_000011.10:108244999:C:T,RESOLVED,"Same-gene, coding-allele and protein match; available source RefSeq/MANE transcript used for disambiguation. Original source strings retained.",NC_000011.10:108244999:C:T,ENST00000675843.1:c.875C>T,ENSP00000501606.1:p.Pro292Leu,ENST00000675843,Ensembl VEP response snapshot,Anchor,True,True,False,25,1,1111,4.0,0.9780208589566601
98,HCS,BRCA1,c.5123C>A,NM_007294.3,p.(Ala1708Glu),rs28897696,True,,,,,,,,,SCORED: frozen deployment; reference outcome not adjudicated,NC_000017.11:43063902:G:T,RESOLVED,"Same-gene, coding-allele and protein match; available source RefSeq/MANE transcript used for disambiguation. Original source strings retained.",NC_000017.11:43063902:G:T,ENST00000357654.9:c.5123C>A,ENSP00000350283.3:p.Ala1708Glu,ENST00000357654,Ensembl VEP response snapshot,Anchor,True,True,False,25,1,1111,4.0,0.9976457913379843
99,HCS,BRCA1,c.5123C>A,NM_007294,p.(Ala1708Glu),rs28897696,True,,,,,,,,,SCORED: frozen deployment; reference outcome not adjudicated,NC_000017.11:43063902:G:T,RESOLVED,"Same-gene, coding-allele and protein match; available source RefSeq/MANE transcript used for disambiguation. Original source strings retained.",NC_000017.11:43063902:G:T,ENST00000357654.9:c.5123C>A,ENSP00000350283.3:p.Ala1708Glu,ENST00000357654,Ensembl VEP response snapshot,Anchor,True,True,False,25,1,1111,4.0,0.9976457913379843
100,HCS,MSH6,c.1316A>G,NM_000179,p.(Asp439Gly),rs786202363,False,,,,,,,,,NOT SCORED: gene outside prespecified scope,,OUTSIDE_17_GENES,Gene outside the prespecified 17-gene scope; not scored.,,,,,,,,,,,,,,
101,HCS,CHEK2,c.470T>C,NM_001005735,p.(Ile157Thr),rs17879961,True,,,,,,,,,SCORED: frozen deployment; reference outcome not adjudicated,NC_000022.11:28725098:A:G,RESOLVED,"Same-gene, coding-allele and protein match; available source RefSeq/MANE transcript used for disambiguation. Original source strings retained.",NC_000022.11:28725098:A:G,ENST00000348295.8:c.470T>C,ENSP00000329012.5:p.Ile157Thr,ENST00000348295,Ensembl VEP response snapshot,Catalogue,False,False,True,24,1,0000,0.0,0.009337026011739778
102,HCS,MUTYH,c.494A>G,NM_001048171,p.(Tyr165Cys,rs34612342,False,,,,,,,,,NOT SCORED: gene outside prespecified scope,,OUTSIDE_17_GENES,Gene outside the prespecified 17-gene scope; not scored.,,,,,,,,,,,,,,
103,HCS,MUTYH,c.494A>G,NM_001048171,p.(Tyr165Cys),rs34612342,False,,,,,,,,,NOT SCORED: gene outside prespecified scope,,OUTSIDE_17_GENES,Gene outside the prespecified 17-gene scope; not scored.,,,,,,,,,,,,,,
104,HCS,MUTYH,c.494A>G,NM_001048171,p.(Tyr165Cys),rs34612342,False,,,,,,,,,NOT SCORED: gene outside prespecified scope,,OUTSIDE_17_GENES,Gene outside the prespecified 17-gene scope; not scored.,,,,,,,,,,,,,,
105,HCS,MUTYH,c.283C>T,NM_001048171.1,p.(Arg95Trp),rs765123255,False,,,,,,,,,NOT SCORED: gene outside prespecified scope,,OUTSIDE_17_GENES,Gene outside the prespecified 17-gene scope; not scored.,,,,,,,,,,,,,,
106,HCS,PMS2,c.1939A>T,NM_000535,p.(Lys647Ter),rs201451115,False,,,,,,,,,NOT SCORED: gene outside prespecified scope,,OUTSIDE_17_GENES,Gene outside the prespecified 17-gene scope; not scored.,,,,,,,,,,,,,,
107,BRCA1/2,BRCA1,c.5497G>A,NM_007294,p.(Val1833Met),rs80357268,True,,,,,,,,,SCORED: frozen deployment; reference outcome not adjudicated,NC_000017.11:43045772:C:T,RESOLVED,"Same-gene, coding-allele and protein match; available source RefSeq/MANE transcript used for disambiguation. Original source strings retained.",NC_000017.11:43045772:C:T,ENST00000357654.9:c.5497G>A,ENSP00000350283.3:p.Val1833Met,ENST00000357654,Ensembl VEP response snapshot,Anchor,True,True,False,25,1,1111,4.0,0.9860866490235111
108,HCS,MSH6,c.3226C>T,NM_000179,p.(Arg1076Cys),rs63750617,False,,,,,,,,,NOT SCORED: gene outside prespecified scope,,OUTSIDE_17_GENES,Gene outside the prespecified 17-gene scope; not scored.,,,,,,,,,,,,,,
109,HCS,FH,c.585G>A,NM_000143,p.(Met195Ile),-,False,,,,,,,,,NOT SCORED: gene outside prespecified scope,,OUTSIDE_17_GENES,Gene outside the prespecified 17-gene scope; not scored.,,,,,,,,,,,,,,
110,HCS,CHEK2,c.499G>A,NM_007194,p.(Gly167Arg),rs72552322,True,,,,,,,,,SCORED: frozen deployment; reference outcome not adjudicated,NC_000022.11:28725069:C:T,RESOLVED,"Same-gene, coding-allele and protein match; available source RefSeq/MANE transcript used for disambiguation. Original source strings retained.",NC_000022.11:28725069:C:T,ENST00000404276.6:c.499G>A,ENSP00000385747.1:p.Gly167Arg,ENST00000404276,Ensembl VEP response snapshot,Anchor,True,True,False,24,1,1111,4.0,0.9908832767527758
111,HCS,CHEK2,c.628G>A,NM_001005735,p.(Gly210Arg),rs72552322,True,,,,,,,,,SCORED: frozen deployment; reference outcome not adjudicated,NC_000022.11:28725069:C:T,RESOLVED,"Same-gene, coding-allele and protein match; available source RefSeq/MANE transcript used for disambiguation. Original source strings retained.",NC_000022.11:28725069:C:T,ENST00000382580.7:c.628G>A,ENSP00000372023.2:p.Gly210Arg,ENST00000382580,Ensembl VEP response snapshot,Anchor,True,True,False,24,1,1111,4.0,0.9908832767527758
112,HCS,CHEK2,c.628G>A,NM_001005735,p.(Gly210Arg),rs72552322,True,,,,,,,,,SCORED: frozen deployment; reference outcome not adjudicated,NC_000022.11:28725069:C:T,RESOLVED,"Same-gene, coding-allele and protein match; available source RefSeq/MANE transcript used for disambiguation. Original source strings retained.",NC_000022.11:28725069:C:T,ENST00000382580.7:c.628G>A,ENSP00000372023.2:p.Gly210Arg,ENST00000382580,Ensembl VEP response snapshot,Anchor,True,True,False,24,1,1111,4.0,0.9908832767527758
113,HCS,CDKN2A,c.212A>G,NM_000077,p.(Asn71Ser),rs559848002,False,,,,,,,,,NOT SCORED: gene outside prespecified scope,,OUTSIDE_17_GENES,Gene outside the prespecified 17-gene scope; not scored.,,,,,,,,,,,,,,
114,HCS,TP53,c.818G>A,NM_000546,p.(Arg273His),rs28934576,True,,,,,,,,,SCORED: frozen deployment; reference outcome not adjudicated,NC_000017.11:7673801:C:T,RESOLVED,"Same-gene, coding-allele and protein match; available source RefSeq/MANE transcript used for disambiguation. Original source strings retained.",NC_000017.11:7673801:C:T,ENST00000269305.9:c.818G>A,ENSP00000269305.4:p.Arg273His,ENST00000269305,Ensembl VEP response snapshot,Anchor,True,True,False,25,1,1111,4.0,0.9901209282233685
115,HCS,RAD51C,c.414G>C,NM_058216,p.(Leu138Phe),rs267606999,True,,,,,,,,,SCORED: frozen deployment; reference outcome not adjudicated,NC_000017.11:58696701:G:C,RESOLVED,"Same-gene, coding-allele and protein match; available source RefSeq/MANE transcript used for disambiguation. Original source strings retained.",NC_000017.11:58696701:G:C,ENST00000337432.9:c.414G>C,ENSP00000336701.4:p.Leu138Phe,ENST00000337432,Ensembl VEP response snapshot,Anchor,True,True,False,25,1,1011,3.0,0.8902760148007104
116,HCS,RAD51C,c.414G>C,NM_058216,p.(Leu138Phe),rs267606999,True,,,,,,,,,SCORED: frozen deployment; reference outcome not adjudicated,NC_000017.11:58696701:G:C,RESOLVED,"Same-gene, coding-allele and protein match; available source RefSeq/MANE transcript used for disambiguation. Original source strings retained.",NC_000017.11:58696701:G:C,ENST00000337432.9:c.414G>C,ENSP00000336701.4:p.Leu138Phe,ENST00000337432,Ensembl VEP response snapshot,Anchor,True,True,False,25,1,1011,3.0,0.8902760148007104
117,HCS,MUTYH,c.778C>T,NM_001048171,p.(Arg260Trp),rs769237459,False,,,,,,,,,NOT SCORED: gene outside prespecified scope,,OUTSIDE_17_GENES,Gene outside the prespecified 17-gene scope; not scored.,,,,,,,,,,,,,,
118,HCS,PALB2,c.3113G>C,NM_024675,p.(Trp1038Ser),-,True,,,,,,,,,SCORED: frozen deployment; reference outcome not adjudicated,NC_000016.10:23621361:C:G,RESOLVED,"Same-gene, coding-allele and protein match; available source RefSeq/MANE transcript used for disambiguation. Original source strings retained.",NC_000016.10:23621361:C:G,ENST00000261584.9:c.3113G>C,ENSP00000261584.4:p.Trp1038Ser,ENST00000261584,Ensembl VEP response snapshot,Archive,False,True,False,23,1,1111,4.0,0.9695010343582486
119,HCS,RET,c.2370G>T,NM_020630,p.(Leu790Phe),rs75030001,False,,,,,,,,,NOT SCORED: gene outside prespecified scope,,OUTSIDE_17_GENES,Gene outside the prespecified 17-gene scope; not scored.,,,,,,,,,,,,,,
120,HCS,HOXB13,c.251G>A,NM_006361,p.(Gly84Glu),rs138213197,False,,,,,,,,,NOT SCORED: gene outside prespecified scope,,OUTSIDE_17_GENES,Gene outside the prespecified 17-gene scope; not scored.,,,,,,,,,,,,,,
121,HCS,BRCA1,c.5072C>G,NM_007294,p.(Thr1691Arg),rs80357034,True,,,,,,,,,SCORED: frozen deployment; reference outcome not adjudicated,NC_000017.11:43067609:G:C,RESOLVED,"Same-gene, coding-allele and protein match; available source RefSeq/MANE transcript used for disambiguation. Original source strings retained.",NC_000017.11:43067609:G:C,ENST00000357654.9:c.5072C>G,ENSP00000350283.3:p.Thr1691Arg,ENST00000357654,Ensembl VEP response snapshot,Anchor,True,True,False,24,1,1111,4.0,0.9807996860039365
122,HCS,RET,c.1900T>G,NM_020630,p.(Cys634Gly),rs75076352,False,,,,,,,,,NOT SCORED: gene outside prespecified scope,,OUTSIDE_17_GENES,Gene outside the prespecified 17-gene scope; not scored.,,,,,,,,,,,,,,
