source_row,Gene,source_transcript,source_HGVSc,source_HGVSp,rsID,SPDI,catalogue_transcript,MANE_SELECT,catalogue_HGVSc,catalogue_HGVSp,V,vote_vector,S_MAC,n_observed_panel,source_annotation,identity_note,analysis_scope
21,BRCA2,NM_000059,c.8351G>A,p.(Arg2784Gln),rs80359076,NC_000013.11:32370420:G:A,ENST00000380152.8,NM_000059.4,ENST00000380152.8:c.8351G>A,ENSP00000369497.3:p.Arg2784Gln,3,1101,0.7155552405263045,22,"uncertain_significance,likely_pathogenic,conflicting_classifications_of_pathogenicity","Concordant gene, supplied coding/protein consequence and rsID; source transcript versions may be absent.",Existing application-catalogue illustration; no independent clinical reference label
25,BRCA2,NM_000059,c.8524C>T,p.(Arg2842Cys),rs80359104,NC_000013.11:32370991:C:T,ENST00000380152.8,NM_000059.4,ENST00000380152.8:c.8524C>T,ENSP00000369497.3:p.Arg2842Cys,4,1111,0.9345259517337764,22,"conflicting_classifications_of_pathogenicity,likely_pathogenic,uncertain_significance","Concordant gene, supplied coding/protein consequence and rsID; source transcript versions may be absent.",Existing application-catalogue illustration; no independent clinical reference label
53,CHEK2,NM_001005735,c.599T>C,p.(Ile200Thr),rs17879961,NC_000022.11:28725098:A:G,ENST00000404276.6,NM_007194.4,ENST00000404276.6:c.470T>C,ENSP00000385747.1:p.Ile157Thr,0,0000,0.0093370260117397,24,"uncertain_significance,conflicting_classifications_of_pathogenicity,pathogenic/established_risk_allele,pathogenic/likely_pathogenic,pathogenic,likely_pathogenic",CHEK2 rs17879961: c.599T>C / Ile200Thr on NM_001005735.3 and c.470T>C / Ile157Thr on NM_007194.4 are aliases; source transcript/version retained as supplied and is not silently corrected.,Existing application-catalogue illustration; no independent clinical reference label
54,CHEK2,NM_001005735.1,c.599T>C,p.(Ile200Thr),rs17879961,NC_000022.11:28725098:A:G,ENST00000404276.6,NM_007194.4,ENST00000404276.6:c.470T>C,ENSP00000385747.1:p.Ile157Thr,0,0000,0.0093370260117397,24,"uncertain_significance,conflicting_classifications_of_pathogenicity,pathogenic/established_risk_allele,pathogenic/likely_pathogenic,pathogenic,likely_pathogenic",CHEK2 rs17879961: c.599T>C / Ile200Thr on NM_001005735.3 and c.470T>C / Ile157Thr on NM_007194.4 are aliases; source transcript/version retained as supplied and is not silently corrected.,Existing application-catalogue illustration; no independent clinical reference label
55,CHEK2,NM_001005735,c.599T>C,p.(Ile200Thr),rs17879961,NC_000022.11:28725098:A:G,ENST00000404276.6,NM_007194.4,ENST00000404276.6:c.470T>C,ENSP00000385747.1:p.Ile157Thr,0,0000,0.0093370260117397,24,"uncertain_significance,conflicting_classifications_of_pathogenicity,pathogenic/established_risk_allele,pathogenic/likely_pathogenic,pathogenic,likely_pathogenic",CHEK2 rs17879961: c.599T>C / Ile200Thr on NM_001005735.3 and c.470T>C / Ile157Thr on NM_007194.4 are aliases; source transcript/version retained as supplied and is not silently corrected.,Existing application-catalogue illustration; no independent clinical reference label
56,CHEK2,NM_001005735,c.599T>C,p.(Ile200Thr),rs17879961,NC_000022.11:28725098:A:G,ENST00000404276.6,NM_007194.4,ENST00000404276.6:c.470T>C,ENSP00000385747.1:p.Ile157Thr,0,0000,0.0093370260117397,24,"uncertain_significance,conflicting_classifications_of_pathogenicity,pathogenic/established_risk_allele,pathogenic/likely_pathogenic,pathogenic,likely_pathogenic",CHEK2 rs17879961: c.599T>C / Ile200Thr on NM_001005735.3 and c.470T>C / Ile157Thr on NM_007194.4 are aliases; source transcript/version retained as supplied and is not silently corrected.,Existing application-catalogue illustration; no independent clinical reference label
60,ATM,NM_000051,c.6154G>A,p.(Glu2052Lys),rs202206540,NC_000011.10:108316068:G:A,ENST00000675843.1,NM_000051.4,ENST00000675843.1:c.6154G>A,ENSP00000501606.1:p.Glu2052Lys,1,0001,0.2645673894976141,25,"uncertain_significance,conflicting_classifications_of_pathogenicity,likely_pathogenic","Concordant gene, supplied coding/protein consequence and rsID; source transcript versions may be absent.",Existing application-catalogue illustration; no independent clinical reference label
61,ATM,NM_000051,c.6154G>A,p.(Glu2052Lys),rs202206540,NC_000011.10:108316068:G:A,ENST00000675843.1,NM_000051.4,ENST00000675843.1:c.6154G>A,ENSP00000501606.1:p.Glu2052Lys,1,0001,0.2645673894976141,25,"uncertain_significance,conflicting_classifications_of_pathogenicity,likely_pathogenic","Concordant gene, supplied coding/protein consequence and rsID; source transcript versions may be absent.",Existing application-catalogue illustration; no independent clinical reference label
67,CHEK2,NM_001005735,c.190G>A,p.(Glu64Lys),rs141568342,NC_000022.11:28734531:C:T,ENST00000404276.6,NM_007194.4,ENST00000404276.6:c.190G>A,ENSP00000385747.1:p.Glu64Lys,0,0000,0.0946526699098681,24,"conflicting_classifications_of_pathogenicity,likely_pathogenic,uncertain_significance","Concordant gene, supplied coding/protein consequence and rsID; source transcript versions may be absent.",Existing application-catalogue illustration; no independent clinical reference label
68,CHEK2,NM_001005735,c.190G>A,p.(Glu64Lys),rs141568342,NC_000022.11:28734531:C:T,ENST00000404276.6,NM_007194.4,ENST00000404276.6:c.190G>A,ENSP00000385747.1:p.Glu64Lys,0,0000,0.0946526699098681,24,"conflicting_classifications_of_pathogenicity,likely_pathogenic,uncertain_significance","Concordant gene, supplied coding/protein consequence and rsID; source transcript versions may be absent.",Existing application-catalogue illustration; no independent clinical reference label
75,ATM,NM_000051,c.6188G>A,p.(Gly2063Glu),rs866290641,NC_000011.10:108316102:G:A,ENST00000675843.1,NM_000051.4,ENST00000675843.1:c.6188G>A,ENSP00000501606.1:p.Gly2063Glu,4,1111,0.9866914374845532,25,"likely_pathogenic,uncertain_significance","Concordant gene, supplied coding/protein consequence and rsID; source transcript versions may be absent.",Existing application-catalogue illustration; no independent clinical reference label
76,ATM,NM_000051,c.6188G>A,p.(Gly2063Glu),rs866290641,NC_000011.10:108316102:G:A,ENST00000675843.1,NM_000051.4,ENST00000675843.1:c.6188G>A,ENSP00000501606.1:p.Gly2063Glu,4,1111,0.9866914374845532,25,"likely_pathogenic,uncertain_significance","Concordant gene, supplied coding/protein consequence and rsID; source transcript versions may be absent.",Existing application-catalogue illustration; no independent clinical reference label
101,CHEK2,NM_001005735,c.470T>C,p.(Ile157Thr),rs17879961,NC_000022.11:28725098:A:G,ENST00000404276.6,NM_007194.4,ENST00000404276.6:c.470T>C,ENSP00000385747.1:p.Ile157Thr,0,0000,0.0093370260117397,24,"uncertain_significance,conflicting_classifications_of_pathogenicity,pathogenic/established_risk_allele,pathogenic/likely_pathogenic,pathogenic,likely_pathogenic",CHEK2 rs17879961: c.599T>C / Ile200Thr on NM_001005735.3 and c.470T>C / Ile157Thr on NM_007194.4 are aliases; source transcript/version retained as supplied and is not silently corrected.,Existing application-catalogue illustration; no independent clinical reference label
