gene,variant_id,in_any_training_record,in_application_catalogue,in_HBOC_anchors,qualifying_populations
ATM,11-108235716-T-A,True,False,True,"[[""exome"", ""afr"", 6728, 33356, 0.20170284206739417], [""genome"", ""afr"", 8151, 41526, 0.19628666377691084]]"
ATM,11-108251006-G-A,True,False,True,"[[""exome"", ""afr"", 2154, 33478, 0.06434076109683971], [""genome"", ""afr"", 2479, 41522, 0.059703289822262896]]"
ATM,11-108251865-C-G,True,False,True,"[[""exome"", ""afr"", 1678, 33448, 0.05016742406122937]]"
ATM,11-108289005-C-T,True,False,True,"[[""exome"", ""afr"", 2391, 33460, 0.0714584578601315], [""genome"", ""afr"", 2778, 41572, 0.0668238237275089]]"
ATM,11-108304735-G-A,True,False,True,"[[""exome"", ""amr"", 2890, 44720, 0.06462432915921287], [""exome"", ""mid"", 689, 5768, 0.11945214979195562], [""exome"", ""nfe"", 159492, 1111756, 0.1434595360852561], [""exome"", ""sas"", 6683, 86250, 0.07748405797101449], [""genome"", ""amr"", 1385, 15288, 0.09059392987964417], [""genome"", ""sas"", 366, 4828, 0.07580778790389395], [""genome"", ""nfe"", 9837, 68000, 0.14466176470588235]]"
BARD1,2-214730479-A-G,True,False,True,"[[""exome"", ""afr"", 2286, 33460, 0.06832038254632397], [""genome"", ""afr"", 2793, 41528, 0.06725582739356578]]"
BARD1,2-214767531-C-T,True,False,True,"[[""exome"", ""amr"", 13315, 44710, 0.2978080966226795], [""exome"", ""mid"", 2220, 5766, 0.3850156087408949], [""exome"", ""nfe"", 400164, 1110540, 0.36033281106488735], [""exome"", ""sas"", 35057, 86218, 0.40660882878285276], [""exome"", ""eas"", 14201, 39686, 0.35783399687547246], [""exome"", ""afr"", 12263, 33408, 0.3670677681992337], [""genome"", ""amr"", 4870, 15284, 0.31863386548024075], [""genome"", ""eas"", 1921, 5166, 0.3718544328300426], [""genome"", ""sas"", 1987, 4824, 0.41189883913764513], [""genome"", ""afr"", 15396, 41480, 0.3711668273866924], [""genome"", ""nfe"", 24734, 67966, 0.3639172527440191]]"
BARD1,2-214780740-C-G,True,False,True,"[[""exome"", ""amr"", 18756, 44704, 0.4195597709377237], [""exome"", ""mid"", 3038, 5768, 0.5266990291262136], [""exome"", ""nfe"", 679690, 1111886, 0.6112946830880144], [""exome"", ""sas"", 41909, 86258, 0.485856384335366], [""exome"", ""eas"", 14161, 39690, 0.3567901234567901], [""exome"", ""afr"", 13172, 33476, 0.3934759230493488], [""genome"", ""amr"", 7156, 15256, 0.46906135291033035], [""genome"", ""eas"", 1918, 5142, 0.3730066122131466], [""genome"", ""sas"", 2321, 4818, 0.4817351598173516], [""genome"", ""afr"", 16490, 41388, 0.398424664153861], [""genome"", ""nfe"", 41559, 67940, 0.6117015013246982]]"
BARD1,2-214809500-G-A,True,False,True,"[[""exome"", ""amr"", 18758, 44110, 0.42525504420766264], [""exome"", ""mid"", 1900, 5746, 0.33066481030281936], [""exome"", ""nfe"", 401213, 1108060, 0.3620859881233868], [""exome"", ""sas"", 35216, 85336, 0.41267460391862754], [""exome"", ""eas"", 13722, 39356, 0.3486634820611851], [""exome"", ""afr"", 6869, 33328, 0.2061029764762362], [""genome"", ""amr"", 5908, 15300, 0.3861437908496732], [""genome"", ""eas"", 1855, 5144, 0.3606143079315708], [""genome"", ""sas"", 1972, 4826, 0.4086199751346871], [""genome"", ""afr"", 8810, 41538, 0.2120949492031393], [""genome"", ""nfe"", 25141, 67974, 0.369862006061141]]"
BLM,15-90751880-C-T,True,False,True,"[[""exome"", ""eas"", 3757, 39636, 0.09478756685841154], [""genome"", ""eas"", 475, 5192, 0.0914869029275809]]"
BLM,15-90782869-C-T,True,False,True,"[[""exome"", ""nfe"", 78641, 1110842, 0.07079404631801822], [""exome"", ""afr"", 2138, 33454, 0.06390865068452203], [""genome"", ""amr"", 844, 15280, 0.05523560209424084], [""genome"", ""afr"", 2748, 41462, 0.06627755535188848], [""genome"", ""nfe"", 4684, 67980, 0.06890261841718152]]"
BLM,15-90811291-G-A,True,False,True,"[[""exome"", ""nfe"", 80125, 1111982, 0.07205602248957267], [""exome"", ""sas"", 5610, 86256, 0.06503895381190873], [""exome"", ""afr"", 3112, 33480, 0.0929510155316607], [""genome"", ""amr"", 904, 15288, 0.05913134484563056], [""genome"", ""sas"", 333, 4828, 0.06897265948632975], [""genome"", ""afr"", 4035, 41516, 0.09719144426245303], [""genome"", ""nfe"", 4808, 68012, 0.07069340704581545]]"
BRCA1,17-43071077-T-C,True,False,True,"[[""exome"", ""amr"", 14344, 44724, 0.32072265450317505], [""exome"", ""mid"", 2154, 5768, 0.3734396671289875], [""exome"", ""nfe"", 364076, 1111986, 0.3274105968960041], [""exome"", ""sas"", 43064, 86256, 0.4992580226303098], [""exome"", ""eas"", 14028, 39698, 0.3533679278553076], [""exome"", ""afr"", 7805, 33480, 0.23312425328554362], [""genome"", ""amr"", 5029, 15262, 0.3295112042982571], [""genome"", ""eas"", 1917, 5178, 0.3702201622247972], [""genome"", ""sas"", 2370, 4816, 0.49210963455149503], [""genome"", ""afr"", 9828, 41468, 0.23700202565833897], [""genome"", ""nfe"", 22581, 67976, 0.33219077321407553]]"
BRCA1,17-43091983-T-C,True,False,True,"[[""exome"", ""amr"", 14304, 44708, 0.31994273955444213], [""exome"", ""mid"", 2138, 5766, 0.3707943114810961], [""exome"", ""nfe"", 362045, 1111812, 0.32563508938561553], [""exome"", ""sas"", 43055, 86252, 0.4991768306821871], [""exome"", ""eas"", 14022, 39694, 0.35325238071245024], [""exome"", ""afr"", 7695, 33472, 0.22989364244741875], [""genome"", ""amr"", 5005, 15256, 0.32806764551651807], [""genome"", ""eas"", 1907, 5164, 0.3692873741285825], [""genome"", ""sas"", 2377, 4820, 0.4931535269709544], [""genome"", ""afr"", 9647, 41490, 0.23251385876114727], [""genome"", ""nfe"", 22434, 67956, 0.33012537524280416]]"
BRCA1,17-43092418-T-C,True,False,True,"[[""exome"", ""amr"", 14072, 44720, 0.3146690518783542], [""exome"", ""mid"", 2123, 5768, 0.3680651872399445], [""exome"", ""nfe"", 363291, 1111782, 0.3267645995348009], [""exome"", ""sas"", 43005, 86246, 0.49863182060617306], [""exome"", ""eas"", 13995, 39682, 0.35267879643163147], [""exome"", ""afr"", 5849, 33478, 0.17471175100065714], [""genome"", ""amr"", 4864, 15236, 0.3192438960357049], [""genome"", ""eas"", 1910, 5180, 0.3687258687258687], [""genome"", ""sas"", 2363, 4802, 0.4920866305705956], [""genome"", ""afr"", 7456, 41456, 0.17985333847935162], [""genome"", ""nfe"", 22507, 67942, 0.33126784610402993]]"
BRCA1,17-43092919-G-A,True,False,True,"[[""exome"", ""amr"", 15931, 44720, 0.3562388193202147], [""exome"", ""mid"", 2454, 5768, 0.4254507628294036], [""exome"", ""nfe"", 372640, 1111814, 0.3351639752692447], [""exome"", ""sas"", 45503, 86250, 0.5275710144927537], [""exome"", ""eas"", 14011, 39684, 0.3530642072371737], [""exome"", ""afr"", 27827, 33476, 0.8312522404110407], [""genome"", ""amr"", 5962, 15276, 0.3902854150301126], [""genome"", ""eas"", 1913, 5168, 0.3701625386996904], [""genome"", ""sas"", 2521, 4826, 0.5223787815996684], [""genome"", ""afr"", 33664, 41522, 0.8107509272193054], [""genome"", ""nfe"", 23151, 67946, 0.34072645924704914]]"
BRCA1,17-43093454-C-T,True,False,True,"[[""exome"", ""mid"", 428, 5768, 0.07420249653259361], [""exome"", ""nfe"", 86992, 1111924, 0.07823556286221], [""genome"", ""amr"", 817, 15296, 0.05341265690376569], [""genome"", ""nfe"", 5214, 68004, 0.07667196047291336]]"
BRCA1,17-43094464-T-C,True,False,True,"[[""exome"", ""mid"", 340, 5768, 0.05894590846047157], [""exome"", ""nfe"", 69675, 1112000, 0.06265737410071942], [""genome"", ""nfe"", 4454, 68014, 0.06548651748169494]]"
BRCA2,13-32332343-A-C,True,False,True,"[[""exome"", ""amr"", 3144, 41798, 0.07521890999569357], [""exome"", ""mid"", 318, 5674, 0.05604511808248149], [""exome"", ""sas"", 9497, 82778, 0.11472855106429244], [""exome"", ""eas"", 4709, 39582, 0.11896821787681269], [""genome"", ""amr"", 1496, 15302, 0.09776499803947196], [""genome"", ""eas"", 520, 5192, 0.10015408320493066], [""genome"", ""sas"", 550, 4820, 0.11410788381742738]]"
BRCA2,13-32332592-A-C,True,False,True,"[[""exome"", ""amr"", 13480, 44642, 0.30195779758971375], [""exome"", ""mid"", 1735, 5768, 0.30079750346740636], [""exome"", ""nfe"", 312835, 1111836, 0.28136793555884143], [""exome"", ""sas"", 30093, 86138, 0.34935800691912977], [""exome"", ""eas"", 9379, 39684, 0.23634210261062394], [""exome"", ""afr"", 4191, 33460, 0.1252540346682606], [""genome"", ""amr"", 4642, 15270, 0.3039947609692207], [""genome"", ""eas"", 1338, 5184, 0.25810185185185186], [""genome"", ""sas"", 1722, 4814, 0.35770668882426254], [""genome"", ""afr"", 5198, 41508, 0.12522887154283513], [""genome"", ""nfe"", 18783, 67950, 0.27642384105960266]]"
BRCA2,13-32336705-A-G,True,False,True,"[[""exome"", ""eas"", 2082, 39678, 0.05247240284288523]]"
BRCA2,13-32337326-A-G,True,False,True,"[[""exome"", ""amr"", 3387, 44690, 0.07578876706198255], [""exome"", ""mid"", 324, 5762, 0.056230475529330096], [""exome"", ""sas"", 9907, 86162, 0.11498108214758246], [""exome"", ""eas"", 4715, 39634, 0.11896351617298279], [""genome"", ""amr"", 1516, 15294, 0.09912383941414935], [""genome"", ""eas"", 516, 5176, 0.09969088098918083], [""genome"", ""sas"", 550, 4828, 0.11391880695940348]]"
BRCA2,13-32355250-T-C,True,False,True,"[[""exome"", ""amr"", 44527, 44720, 0.9956842576028623], [""exome"", ""mid"", 5734, 5764, 0.9947952810548231], [""exome"", ""nfe"", 1111380, 1111588, 0.9998128803117702], [""exome"", ""sas"", 86208, 86222, 0.999837628447496], [""exome"", ""eas"", 39634, 39634, 1.0], [""exome"", ""afr"", 31114, 33458, 0.929942016856955], [""genome"", ""amr"", 15199, 15306, 0.9930092774075526], [""genome"", ""eas"", 5177, 5178, 0.999806875241406], [""genome"", ""sas"", 4828, 4830, 0.9995859213250518], [""genome"", ""afr"", 38754, 41548, 0.932752479060364], [""genome"", ""nfe"", 68015, 68032, 0.9997501175917215]]"
BRCA2,13-32356461-T-C,True,False,True,"[[""exome"", ""amr"", 5769, 44724, 0.12899114569358733], [""genome"", ""amr"", 1173, 15292, 0.07670677478420089]]"
BRCA2,13-32379413-G-A,True,False,True,"[[""genome"", ""amr"", 777, 15300, 0.05078431372549019]]"
BRCA2,13-32398747-A-G,True,False,False,"[[""exome"", ""amr"", 3766, 44674, 0.08429959260419931], [""exome"", ""afr"", 3832, 33460, 0.11452480573819486], [""genome"", ""afr"", 4427, 41540, 0.10657197881559942]]"
BRIP1,17-61685986-A-G,True,False,True,"[[""exome"", ""amr"", 35317, 44724, 0.789665503979966], [""exome"", ""mid"", 3790, 5766, 0.657301422129726], [""exome"", ""nfe"", 661511, 1111540, 0.5951301797506162], [""exome"", ""sas"", 39632, 86238, 0.4595653888077182], [""exome"", ""eas"", 29418, 39682, 0.7413436822740789], [""exome"", ""afr"", 22521, 33472, 0.6728310229445507], [""genome"", ""amr"", 11282, 15268, 0.7389310977207231], [""genome"", ""eas"", 3722, 5162, 0.7210383572258814], [""genome"", ""sas"", 2216, 4824, 0.4593698175787728], [""genome"", ""afr"", 27839, 41426, 0.6720175735045624], [""genome"", ""nfe"", 39645, 67918, 0.5837186018433994]]"
CHEK2,22-28712124-A-C,False,False,False,"[[""exome"", ""mid"", 278, 4260, 0.06525821596244132], [""exome"", ""eas"", 2330, 33812, 0.06891044599550455], [""exome"", ""afr"", 944, 17848, 0.052891080233079334], [""genome"", ""eas"", 335, 5188, 0.06457208943716268], [""genome"", ""sas"", 245, 4832, 0.05070364238410596], [""genome"", ""afr"", 2285, 41580, 0.05495430495430496]]"
FANCA,16-89739506-T-C,True,False,True,"[[""exome"", ""nfe"", 93899, 1079098, 0.08701619315391187], [""exome"", ""eas"", 5481, 35758, 0.15328038480899378], [""genome"", ""eas"", 1135, 5178, 0.21919660100424873], [""genome"", ""nfe"", 5664, 68004, 0.08328921828127757]]"
FANCA,16-89740069-C-T,True,False,True,"[[""exome"", ""afr"", 2915, 33478, 0.08707210705537966], [""genome"", ""afr"", 3480, 41552, 0.08375048132460532]]"
FANCA,16-89748744-G-A,True,False,True,"[[""exome"", ""nfe"", 96134, 1111654, 0.08647834667981225], [""genome"", ""nfe"", 5657, 68024, 0.08316182523815124]]"
FANCA,16-89769915-C-T,True,False,True,"[[""exome"", ""amr"", 28447, 44714, 0.6361989533479447], [""exome"", ""mid"", 1860, 5768, 0.3224687933425798], [""exome"", ""nfe"", 349350, 1111930, 0.3141834467997086], [""exome"", ""sas"", 50627, 86254, 0.586952489159923], [""exome"", ""eas"", 38922, 39698, 0.9804524157388281], [""exome"", ""afr"", 22688, 33476, 0.6777392758991516], [""genome"", ""amr"", 8001, 15272, 0.5238999476165531], [""genome"", ""eas"", 5065, 5162, 0.9812088337853545], [""genome"", ""sas"", 3002, 4820, 0.6228215767634855], [""genome"", ""afr"", 27445, 41442, 0.662250856618889], [""genome"", ""nfe"", 21839, 67970, 0.3213035162571723]]"
FANCA,16-89773358-G-C,True,False,True,"[[""exome"", ""nfe"", 93854, 1078310, 0.08703805028238633], [""exome"", ""eas"", 5832, 35714, 0.16329730637845102], [""genome"", ""eas"", 1210, 5180, 0.2335907335907336], [""genome"", ""nfe"", 5672, 68016, 0.08339214302517055]]"
FANCA,16-89783072-C-T,True,False,True,"[[""exome"", ""amr"", 27321, 44694, 0.611290106054504], [""exome"", ""mid"", 2685, 5750, 0.46695652173913044], [""exome"", ""nfe"", 430762, 1110942, 0.3877448147608066], [""exome"", ""sas"", 43226, 86224, 0.5013221376878827], [""exome"", ""eas"", 33542, 39696, 0.8449717855703346], [""exome"", ""afr"", 23280, 33454, 0.6958809111018115], [""genome"", ""amr"", 8028, 15254, 0.5262881867051266], [""genome"", ""eas"", 4360, 5154, 0.8459448971672487], [""genome"", ""sas"", 2447, 4806, 0.5091552226383687], [""genome"", ""afr"", 28339, 41390, 0.6846822904083112], [""genome"", ""nfe"", 26386, 67938, 0.38838352615620125]]"
FANCA,16-89791527-G-A,True,False,True,"[[""exome"", ""nfe"", 96166, 1111930, 0.0864856600685295], [""exome"", ""eas"", 6220, 39690, 0.15671453766691862], [""genome"", ""eas"", 1120, 5174, 0.21646695013529185], [""genome"", ""nfe"", 5661, 68002, 0.08324755154260169]]"
FANCA,16-89799635-T-C,True,False,True,"[[""exome"", ""amr"", 29193, 44704, 0.6530288117394416], [""exome"", ""mid"", 1921, 5762, 0.3333911836167997], [""exome"", ""nfe"", 452720, 1106550, 0.4091274682571958], [""exome"", ""sas"", 50746, 86148, 0.5890560430886381], [""exome"", ""eas"", 38877, 39670, 0.9800100831862869], [""exome"", ""afr"", 24115, 33344, 0.7232185700575816], [""genome"", ""amr"", 8320, 15280, 0.5445026178010471], [""genome"", ""eas"", 5095, 5192, 0.9813174114021571], [""genome"", ""sas"", 3028, 4818, 0.6284765462847655], [""genome"", ""afr"", 29755, 41508, 0.7168497639009348], [""genome"", ""nfe"", 27132, 67994, 0.39903520898902844]]"
FANCA,16-89803296-T-C,True,False,True,"[[""exome"", ""afr"", 2082, 33472, 0.06220124282982792], [""genome"", ""afr"", 2496, 41548, 0.060075093867334166]]"
FANCA,16-89808348-G-A,True,False,True,"[[""exome"", ""afr"", 5574, 33460, 0.16658696951583982], [""genome"", ""afr"", 6641, 41466, 0.16015530796315053]]"
FANCA,16-89816592-G-C,True,False,True,"[[""exome"", ""afr"", 4644, 29140, 0.15936856554564172], [""genome"", ""afr"", 6499, 41536, 0.15646667950693374]]"
FANCA,16-89816599-A-T,True,False,True,"[[""exome"", ""amr"", 1874, 35554, 0.05270855599932497], [""exome"", ""mid"", 427, 4378, 0.09753312014618547], [""exome"", ""nfe"", 109652, 1076550, 0.10185499976777669], [""exome"", ""sas"", 7089, 78120, 0.09074500768049155], [""genome"", ""sas"", 387, 4818, 0.08032378580323786], [""genome"", ""nfe"", 6534, 67920, 0.09620141342756183]]"
FANCC,9-95107254-C-T,True,False,True,"[[""exome"", ""afr"", 2407, 33470, 0.0719151478936361], [""genome"", ""afr"", 3001, 41514, 0.07228886640651347]]"
NBN,8-89978251-C-G,True,False,True,"[[""exome"", ""amr"", 15807, 44690, 0.35370328932647127], [""exome"", ""mid"", 1933, 5728, 0.3374650837988827], [""exome"", ""nfe"", 351002, 1099460, 0.3192494497298674], [""exome"", ""sas"", 36745, 85854, 0.4279940363873553], [""exome"", ""eas"", 18922, 39494, 0.47911075100015194], [""exome"", ""afr"", 7852, 33214, 0.23640633467814776], [""genome"", ""amr"", 5218, 15260, 0.3419397116644823], [""genome"", ""eas"", 2334, 5168, 0.451625386996904], [""genome"", ""sas"", 2108, 4822, 0.4371630029033596], [""genome"", ""afr"", 9845, 41478, 0.2373547422730122], [""genome"", ""nfe"", 21874, 67946, 0.3219321225679216]]"
PALB2,16-23630140-C-G,True,False,True,"[[""exome"", ""mid"", 351, 5768, 0.060852981969486825]]"
PALB2,16-23634870-T-C,True,False,True,"[[""exome"", ""amr"", 3668, 44620, 0.08220528910802331], [""exome"", ""mid"", 733, 5766, 0.12712452306625044], [""exome"", ""nfe"", 97026, 1111420, 0.08729913084162602], [""exome"", ""sas"", 8973, 86200, 0.10409512761020882], [""exome"", ""eas"", 7637, 39690, 0.19241622574955908], [""exome"", ""afr"", 7292, 33452, 0.21798397704173145], [""genome"", ""amr"", 1492, 15274, 0.09768233599580987], [""genome"", ""eas"", 895, 5178, 0.17284665894167633], [""genome"", ""sas"", 496, 4824, 0.10281923714759536], [""genome"", ""afr"", 8874, 41442, 0.21413059215288838], [""genome"", ""nfe"", 6013, 68004, 0.08842126933709782]]"
PALB2,16-23635917-G-A,False,True,False,"[[""exome"", ""afr"", 2354, 33478, 0.07031483362208017], [""genome"", ""afr"", 2827, 41522, 0.06808438899860315]]"
PTEN,10-87863959-G-A,True,False,True,"[[""exome"", ""amr"", 1402, 6590, 0.21274658573596358], [""exome"", ""nfe"", 20128, 149084, 0.13501113466233802], [""exome"", ""sas"", 417, 3202, 0.13023110555902562], [""exome"", ""eas"", 7648, 21894, 0.3493194482506623], [""exome"", ""afr"", 389, 6294, 0.06180489354941214], [""genome"", ""amr"", 2935, 15172, 0.1934484576852096], [""genome"", ""eas"", 1745, 5004, 0.3487210231814548], [""genome"", ""sas"", 593, 4772, 0.12426655490360436], [""genome"", ""afr"", 2524, 41012, 0.06154296303520921], [""genome"", ""nfe"", 9270, 67398, 0.13754117332858543]]"
PTEN,10-87864144-G-C,False,False,False,"[[""exome"", ""amr"", 15396, 15530, 0.9913715389568577], [""exome"", ""nfe"", 229995, 231808, 0.9921788721700718], [""exome"", ""sas"", 41434, 41864, 0.989728645136633], [""exome"", ""eas"", 26267, 26454, 0.9929311257276783], [""exome"", ""afr"", 10556, 10640, 0.9921052631578947], [""genome"", ""amr"", 15284, 15286, 0.9998691613240874], [""genome"", ""eas"", 5086, 5086, 1.0], [""genome"", ""sas"", 4828, 4828, 1.0], [""genome"", ""afr"", 41492, 41496, 0.999903605166763], [""genome"", ""nfe"", 67933, 67938, 0.999926403485531]]"
PTEN,10-87864461-C-G,True,False,True,"[[""genome"", ""eas"", 276, 5182, 0.05326128907757623]]"
RAD51D,17-35106468-C-T,True,False,True,"[[""exome"", ""amr"", 12638, 44354, 0.28493484240429273], [""exome"", ""mid"", 744, 5758, 0.1292115317818687], [""exome"", ""nfe"", 153134, 1110356, 0.13791432657634128], [""exome"", ""sas"", 14025, 85796, 0.1634691594013707], [""genome"", ""amr"", 3326, 15292, 0.21749934606330107], [""genome"", ""sas"", 696, 4818, 0.1444582814445828], [""genome"", ""nfe"", 9794, 67994, 0.14404212136364974]]"
TP53,17-7676154-G-C,True,False,False,"[[""exome"", ""amr"", 31948, 44724, 0.7143368213934352], [""exome"", ""mid"", 3329, 5516, 0.6035170413343002], [""exome"", ""nfe"", 831482, 1111994, 0.747739646077227], [""exome"", ""sas"", 43687, 86236, 0.5065981724569786], [""exome"", ""eas"", 24013, 39700, 0.6048614609571789], [""exome"", ""afr"", 12577, 33470, 0.37576934568270093], [""genome"", ""amr"", 10669, 15252, 0.6995148177288224], [""genome"", ""eas"", 2971, 5162, 0.5755521115846571], [""genome"", ""sas"", 2518, 4814, 0.5230577482343166], [""genome"", ""afr"", 16028, 41460, 0.38658948383984565], [""genome"", ""nfe"", 50641, 67974, 0.7450054432577162]]"
