predictor,missing_n,missing_fraction,observed_mean,observed_sd
BayesDel_addAF_rankscore,102,0.04722222222222222,0.6037510009718173,0.33548856946457867
BayesDel_addAF_score,102,0.04722222222222222,0.13365755324975703,0.33576463157342684
BayesDel_noAF_rankscore,102,0.04722222222222222,0.6644941448007774,0.28237347141703895
BayesDel_noAF_score,102,0.04722222222222222,0.04343226660252673,0.3961612412515614
ClinPred_rankscore,105,0.04861111111111111,0.4769287639902676,0.36886848712976344
ClinPred_score,105,0.04861111111111111,0.581719109315815,0.43105216206184693
DANN_rankscore,102,0.04722222222222222,0.5308088775510204,0.3263788759650085
DANN_score,102,0.04722222222222222,0.8930557225223518,0.2148569148883449
DEOGEN2_rankscore,116,0.053703703703703705,0.7246437426614482,0.21932696266481064
DEOGEN2_score,116,0.053703703703703705,0.4638179735812133,0.31361379001005546
ESM1b_converted_rankscore,101,0.04675925925925926,0.524519227780476,0.3220421896413198
ESM1b_score,101,0.04675925925925926,-7.897461923644489,4.693596778132724
Eigen-PC-phred_coding,102,0.04722222222222222,4.610366819227891,4.43971971412961
Eigen-PC-raw_coding,102,0.04722222222222222,-0.04003859723323613,0.8092333031077824
Eigen-PC-raw_coding_rankscore,102,0.04722222222222222,0.48766150145772597,0.32863693389781995
Eigen-phred_coding,102,0.04722222222222222,4.639267720394072,4.323371875950803
Eigen-raw_coding,102,0.04722222222222222,-0.006623161500971833,0.8298215038049019
Eigen-raw_coding_rankscore,102,0.04722222222222222,0.4941321768707483,0.3320608049329246
GERP++_NR,102,0.04722222222222222,5.227951895043732,0.5383499846734143
GERP++_RS,102,0.04722222222222222,2.8090569970845483,3.3820343705196
GERP++_RS_rankscore,102,0.04722222222222222,0.47225156948493685,0.28489195970445413
GERP_91_mammals,592,0.2740740740740741,1.6285960778061224,3.4177369838245832
GERP_91_mammals_rankscore,592,0.2740740740740741,0.4894190497448979,0.3116321746683146
LIST-S2_rankscore,497,0.2300925925925926,0.6121060553217077,0.2643051341708123
LIST-S2_score,1597,0.7393518518518518,0.8279793678507994,0.19170190602020382
MPC_rankscore,258,0.11944444444444445,0.3897544532071504,0.32353704198099864
MPC_score,1326,0.6138888888888889,1.2233615214952038,1.076436982372543
MVP_rankscore,159,0.07361111111111111,0.8286282858570715,0.19750922734877538
MVP_score,285,0.13194444444444445,0.8289182525274666,0.1983937882439702
MetaLR_rankscore,113,0.052314814814814814,0.7010506839276991,0.3360401011969185
MetaLR_score,113,0.052314814814814814,0.5476141670737664,0.3737785921344391
MetaRNN_rankscore,112,0.05185185185185185,0.57016158203125,0.37884055500835667
MetaRNN_score,247,0.11435185185185186,0.534205802941976,0.40035449806901285
MetaSVM_rankscore,113,0.052314814814814814,0.7189461016121153,0.27875680043385254
MetaSVM_score,113,0.052314814814814814,0.05075969711773324,0.8478675958199785
MutFormer_rankscore,115,0.05324074074074074,0.9607530953545232,0.08553109521846004
MutFormer_score,115,0.05324074074074074,0.9361229759511003,0.1950309750046358
MutPred2_rankscore,112,0.05185185185185185,0.49590781738281253,0.3305453932838488
MutPred2_score,112,0.05185185185185185,0.4337826486088867,0.3335638339505047
MutationAssessor_rankscore,166,0.07685185185185185,0.5979043580742226,0.3022259737619708
MutationAssessor_score,166,0.07685185185185185,2.134450852557673,1.3399744202431427
MutationTaster_rankscore,454,0.2101851851851852,0.6581581301289567,0.3367497075809516
PHACTboost_rankscore,497,0.2300925925925926,0.6894521888153938,0.30014444307279886
PHACTboost_score,497,0.2300925925925926,0.6452625833962717,0.4235506380267874
PROVEAN_converted_rankscore,113,0.052314814814814814,0.5659517586712263,0.3065772956668692
PROVEAN_score,247,0.11435185185185186,-2.7478985886042864,2.7871629064545558
PrimateAI_rankscore,166,0.07685185185185185,0.3778449598796389,0.31183270766054605
PrimateAI_score,166,0.07685185185185185,0.4899621955807422,0.22186148181845813
REVEL_rankscore,113,0.052314814814814814,0.7216179579872986,0.27808541426214567
REVEL_score,247,0.11435185185185186,0.5506168322007318,0.31630086715957834
Reliability_index,113,0.052314814814814814,9.815828041035662,0.4272986663667576
VARITY_ER_LOO_rankscore,498,0.23055555555555557,0.5567153249097473,0.35094229001348987
VARITY_ER_LOO_score,498,0.23055555555555557,0.44742654242298435,0.35806054841748347
VARITY_ER_rankscore,498,0.23055555555555557,0.5558760529482552,0.3520798192551446
VARITY_ER_score,498,0.23055555555555557,0.44735460958784595,0.35888197005835076
VARITY_R_LOO_rankscore,498,0.23055555555555557,0.5995637484957882,0.36210829161099
VARITY_R_LOO_score,498,0.23055555555555557,0.5285588638947052,0.3885799580440704
VARITY_R_rankscore,498,0.23055555555555557,0.5998489951865222,0.36332811369606366
VARITY_R_score,498,0.23055555555555557,0.5298853761823105,0.38999636297106766
bStatistic,101,0.04675925925925926,565.7605633802817,225.31303023279716
bStatistic_converted_rankscore,101,0.04675925925925926,0.6497955803788246,0.23615530806525656
codon_degeneracy,101,0.04675925925925926,0.2525497814473045,0.6710282906009859
fathmm-XF_coding_rankscore,105,0.04861111111111111,0.4942718783454988,0.3154589880744207
fathmm-XF_coding_score,105,0.04861111111111111,0.4688670423357664,0.3577567223822469
gMVP_rankscore,112,0.05185185185185185,0.511379287109375,0.3361323503034879
gMVP_score,803,0.37175925925925923,0.5415297229373618,0.3355176148704894
phastCons100way_vertebrate,101,0.04675925925925926,0.6512671199611461,0.45747137806777066
phastCons100way_vertebrate_rankscore,101,0.04675925925925926,0.45733385138416704,0.2780371364768249
phastCons17way_primate,101,0.04675925925925926,0.6865959203496843,0.38892260654317296
phastCons17way_primate_rankscore,101,0.04675925925925926,0.5015474162214667,0.2915668219893396
phastCons470way_mammalian,103,0.047685185185185185,0.7033894020418084,0.43910152290422716
phastCons470way_mammalian_rankscore,103,0.047685185185185185,0.4733767039377735,0.2551656723774782
phyloP100way_vertebrate,101,0.04675925925925926,3.402894123360855,3.4524534238407254
phyloP100way_vertebrate_rankscore,101,0.04675925925925926,0.4759318795531811,0.29961030066365196
phyloP17way_primate,101,0.04675925925925926,0.3896406022340942,0.5294299573231588
phyloP17way_primate_rankscore,101,0.04675925925925926,0.47819391937833905,0.29154569897296695
phyloP470way_mammalian,103,0.047685185185185185,4.914358774914924,4.568431385981013
phyloP470way_mammalian_rankscore,103,0.047685185185185185,0.4850387214389888,0.3017185423929145
EVE_SCORE,731,0.3384259259259259,0.5474522533764871,0.2966064921703051
ada_score,2039,0.9439814814814815,0.7756463287603306,0.38482338815918443
rf_score,2044,0.9462962962962963,0.7487413793103448,0.3396802107530131
REVEL,278,0.1287037037037037,0.5513570669500532,0.31761778598658225
CADD_PHRED,23,0.010648148148148148,19.182472625175482,10.329978022758722
CADD_RAW,23,0.010648148148148148,3.0080285531118394,2.120273323778286
MaxEntScan_alt,2025,0.9375,4.516703703703703,4.699881003692198
MaxEntScan_diff,2025,0.9375,3.3320000000000003,3.6141456082471195
MaxEntScan_ref,2025,0.9375,7.848674074074073,3.0110120275902217
ClinPred,105,0.04861111111111111,0.581719109315815,0.43105216206184693
am_pathogenicity,143,0.06620370370370371,0.4775958849776897,0.4010409134784797
SpliceAI_DS_max,28,0.012962962962962963,0.05355065666041277,0.1661714830188714
