SPDI,Gene,HGVSc,HGVSp,MANE_SELECT,Feature,n_source_records,source_rows,source_names,source_transcripts,source_rsIDs,record_origin,overlaps_anchors,overlaps_full_training_archive,overlaps_application_catalogue,anchor_source_label,clinical_reference_status,p_SVM_RBF,vote_SVM_RBF,p_ENET_LR,vote_ENET_LR,p_EXTRA_TREES,vote_EXTRA_TREES,p_HIST_GB,vote_HIST_GB,V,vote_vector,Mean4,S_MAC,n_observed_panel,panel_size,complete_flag,directional_descriptor,prediction_context
NC_000017.11:43063929:C:T,BRCA1,ENST00000357654.9:c.5096G>A,ENSP00000350283.3:p.Arg1699Gln,NM_007294.4,ENST00000357654,1,20,c.5096G>A p.(Arg1699Gln),NM_007294,rs41293459,Anchor,True,True,False,LP,Not adjudicated,0.9849071582072165,1.0,0.9587391154944855,1.0,0.9999999536242105,1.0,0.9893356117381832,1.0,4.0,1111,0.983245459766024,0.9905971327014479,25,25,1,Unanimous LP/P-directed,Frozen deployment model; anchor overlap is in-sample; no external performance estimate
NC_000013.11:32370420:G:A,BRCA2,ENST00000380152.8:c.8351G>A,ENSP00000369497.3:p.Arg2784Gln,NM_000059.4,ENST00000380152.8,1,21,c.8351G>A p.(Arg2784Gln),NM_000059,rs80359076,Catalogue,False,False,True,,Not adjudicated,0.7666987628389591,1.0,0.7326690646335776,1.0,0.49884512947456866,0.0,0.7468297273590055,1.0,3.0,1101,0.6862606710765277,0.7155552405263045,22,25,1,Mixed votes,Frozen deployment model; anchor overlap is in-sample; no external performance estimate
NC_000013.11:32370991:C:T,BRCA2,ENST00000380152.8:c.8524C>T,ENSP00000369497.3:p.Arg2842Cys,NM_000059.4,ENST00000380152.8,1,25,c.8524C>T p.(Arg2842Cys),NM_000059,rs80359104,Catalogue,False,False,True,,Not adjudicated,0.9768853150355884,1.0,0.9140901676570785,1.0,0.8404285578449624,1.0,0.9079293997142974,1.0,4.0,1111,0.9098333600629817,0.9345259517337764,22,25,1,Unanimous LP/P-directed,Frozen deployment model; anchor overlap is in-sample; no external performance estimate
NC_000011.10:108315862:A:G,ATM,ENST00000675843.1:c.6047A>G,ENSP00000501606.1:p.Asp2016Gly,NM_000051.4,ENST00000675843,3,"27,28,29",c.6047A>G p.(Asp2016Gly),NM_000051,rs587781302; rs587781303,Anchor,True,True,False,LP,Not adjudicated,0.9989604502937395,1.0,0.9906238212193569,1.0,0.9999999536242105,1.0,0.9918086080491241,1.0,4.0,1111,0.9953482082966078,0.9978195857858592,25,25,1,Unanimous LP/P-directed,Frozen deployment model; anchor overlap is in-sample; no external performance estimate
NC_000017.11:43106486:A:C,BRCA1,ENST00000357654.9:c.181T>G,ENSP00000350283.3:p.Cys61Gly,NM_007294.4,ENST00000357654,1,42,c.181T>G p.(Cys61Gly),NM_007294,rs28897672,Anchor,True,True,False,LP,Not adjudicated,0.9972475858819394,1.0,0.9881877839488056,1.0,0.9999999536242105,1.0,0.9947562224687859,1.0,4.0,1111,0.9950478864809353,0.997658652006152,25,25,1,Unanimous LP/P-directed,Frozen deployment model; anchor overlap is in-sample; no external performance estimate
NC_000017.11:7673763:C:T,TP53,ENST00000269305.9:c.856G>A,ENSP00000269305.4:p.Glu286Lys,NM_000546.6,ENST00000269305,1,47,c.856G>A p.(Glu286Lys),NM_000546.5,rs786201059,Anchor,True,True,False,LP,Not adjudicated,0.9957594855493782,1.0,0.9697210592925032,1.0,0.9999999536242105,1.0,0.9946958566535231,1.0,4.0,1111,0.9900440887799038,0.9948113358411703,25,25,1,Unanimous LP/P-directed,Frozen deployment model; anchor overlap is in-sample; no external performance estimate
NC_000011.10:108247028:A:G,ATM,ENST00000675843.1:c.967A>G,ENSP00000501606.1:p.Ile323Val,NM_000051.4,ENST00000675843,1,49,c.967A>G p.(Ile323Val),NM_000051,rs587781511,Anchor,True,True,False,LP,Not adjudicated,0.9876012197243181,1.0,0.9920725085221281,1.0,0.9999999536242105,1.0,0.9799695455102706,1.0,4.0,1111,0.9899108068452318,0.9947320150987086,25,25,1,Unanimous LP/P-directed,Frozen deployment model; anchor overlap is in-sample; no external performance estimate
NC_000022.11:28725253:G:A,CHEK2,ENST00000404276.6:c.433C>T,ENSP00000385747.1:p.Arg145Trp,NM_007194.4,ENST00000404276,3,"50,51,52",c.562C>T p.(Arg188Trp),NM_001005735,rs137853007,Anchor,True,True,False,LP,Not adjudicated,0.9967456530451181,1.0,0.9322835311266746,1.0,0.9999999536242105,1.0,0.9895580456201032,1.0,4.0,1111,0.9796467958540267,0.9882516375851584,24,25,1,Unanimous LP/P-directed,Frozen deployment model; anchor overlap is in-sample; no external performance estimate
NC_000022.11:28725098:A:G,CHEK2,ENST00000404276.6:c.470T>C,ENSP00000385747.1:p.Ile157Thr,NM_007194.4,ENST00000404276,5,"53,54,55,56,101",c.599T>C p.(Ile200Thr); c.470T>C p.(Ile157Thr),NM_001005735; NM_001005735.1,rs17879961,Catalogue,False,False,True,,Not adjudicated,0.0021788963450033614,0.0,0.007565969258936499,0.0,0.031464374227947664,0.0,0.021600570331421372,0.0,0.0,0000,0.015702452540827225,0.009337026011739778,24,25,1,Unanimous B/LB-directed,Frozen deployment model; anchor overlap is in-sample; no external performance estimate
NC_000011.10:108335079:G:A,ATM,ENST00000675843.1:c.8122G>A,ENSP00000501606.1:p.Asp2708Asn,NM_000051.4,ENST00000675843,1,57,c.8122G>A p.(Asp2708Asn),NM_000051,rs587782719,Anchor,True,True,False,LP,Not adjudicated,0.9401487280709506,1.0,0.8864579028089551,1.0,0.9999999536242105,1.0,0.953698209319847,1.0,4.0,1111,0.9450761984559908,0.9631852927420861,25,25,1,Unanimous LP/P-directed,Frozen deployment model; anchor overlap is in-sample; no external performance estimate
NC_000013.11:32363378:A:G,BRCA2,ENST00000380152.8:c.8177A>G,ENSP00000369497.3:p.Tyr2726Cys,NM_000059.4,ENST00000380152,1,58,c.8177A>G p.(Tyr2726Cys),NM_000059,rs80359064,Anchor,True,True,False,LP,Not adjudicated,0.980057066097659,1.0,0.904360320715316,1.0,0.9999999536242105,1.0,0.9801994756868133,1.0,4.0,1111,0.9661542040309997,0.9789392437214364,22,25,1,Unanimous LP/P-directed,Frozen deployment model; anchor overlap is in-sample; no external performance estimate
NC_000011.10:108316068:G:A,ATM,ENST00000675843.1:c.6154G>A,ENSP00000501606.1:p.Glu2052Lys,NM_000051.4,ENST00000675843.1,2,"60,61",c.6154G>A p.(Glu2052Lys),NM_000051,rs202206540,Catalogue,False,False,True,,Not adjudicated,0.027071576888888005,0.0,0.1450382884480756,0.0,0.42680066715746684,0.0,0.5325379203214143,1.0,1.0,0001,0.28286211320396115,0.2645673894976141,25,25,1,Mixed votes,Frozen deployment model; anchor overlap is in-sample; no external performance estimate
NC_000016.10:89739478:T:C,FANCA,ENST00000389301.8:c.4009A>G,ENSP00000373952.3:p.Ser1337Gly,NM_000135.4,ENST00000389301,1,63,c.4009A>G p.(Ser1337Gly),NM_000135,,Anchor,True,True,False,LP,Not adjudicated,0.940106828978649,1.0,0.8642846599656275,1.0,0.9999999536242105,1.0,0.9582558660860896,1.0,4.0,1111,0.9406618271636442,0.9597383888037437,24,25,1,Unanimous LP/P-directed,Frozen deployment model; anchor overlap is in-sample; no external performance estimate
NC_000017.11:43067607:C:G,BRCA1,ENST00000357654.9:c.5074G>C,ENSP00000350283.3:p.Asp1692His,NM_007294.4,ENST00000357654,1,64,c.5074G>C p.(Asp1692His),NM_007294,,Anchor,True,True,False,LP,Not adjudicated,0.9897958612446067,1.0,0.999056264779121,1.0,0.9999999536242105,1.0,0.9950432226306162,1.0,4.0,1111,0.9959738255696385,0.9981500744205999,24,25,1,Unanimous LP/P-directed,Frozen deployment model; anchor overlap is in-sample; no external performance estimate
NC_000022.11:28725259:G:A,CHEK2,ENST00000404276.6:c.427C>T,ENSP00000385747.1:p.His143Tyr,NM_007194.4,ENST00000404276,1,66,c.556C>T p.(His186Tyr),NM_001005735,rs1060502688,Catalogue,False,False,True,,Not adjudicated,0.9936584977939814,1.0,0.9157673590129475,1.0,0.9999999536242105,1.0,0.994267036091094,1.0,4.0,1111,0.9759232116305583,0.9857570439200235,24,25,1,Unanimous LP/P-directed,Frozen deployment model; anchor overlap is in-sample; no external performance estimate
NC_000022.11:28734531:C:T,CHEK2,ENST00000404276.6:c.190G>A,ENSP00000385747.1:p.Glu64Lys,NM_007194.4,ENST00000404276.6,2,"67,68",c.190G>A p.(Glu64Lys),NM_001005735,rs141568342,Catalogue,False,False,True,,Not adjudicated,0.008751384571449052,0.0,0.0919086596543384,0.0,0.2580759327039802,0.0,0.11027019529547925,0.0,0.0,0000,0.11725154305631173,0.09465266990986813,24,25,1,Unanimous B/LB-directed,Frozen deployment model; anchor overlap is in-sample; no external performance estimate
NC_000011.10:108316102:G:A,ATM,ENST00000675843.1:c.6188G>A,ENSP00000501606.1:p.Gly2063Glu,NM_000051.4,ENST00000675843.1,2,"75,76",c.6188G>A p.(Gly2063Glu),NM_000051,rs866290641,Catalogue,False,False,True,,Not adjudicated,0.9726252735511887,1.0,0.954893075165668,1.0,0.9947542787533125,1.0,0.9869545450869254,1.0,4.0,1111,0.9773067931392736,0.9866914374845531,25,25,1,Unanimous LP/P-directed,Frozen deployment model; anchor overlap is in-sample; no external performance estimate
NC_000017.11:43124043:A:G,BRCA1,ENST00000357654.9:c.53T>C,ENSP00000350283.3:p.Met18Thr,NM_007294.4,ENST00000357654,1,77,c.53T>C p.(Met18Thr),NM_007294,rs80356929,Anchor,True,True,False,LP,Not adjudicated,0.9790678958557553,1.0,0.9724522545086532,1.0,0.9999999536242105,1.0,0.991352862892828,1.0,4.0,1111,0.9857182417203617,0.992166231464225,25,25,1,Unanimous LP/P-directed,Frozen deployment model; anchor overlap is in-sample; no external performance estimate
NC_000022.11:28725011:T:C,CHEK2,ENST00000404276.6:c.557A>G,ENSP00000385747.1:p.Asn186Ser,NM_007194.4,ENST00000404276,1,78,c.686A>G p.(Asn229Ser),NM_001005735,rs369223840,Catalogue,False,False,True,,Not adjudicated,0.00031748813133211385,0.0,0.0035743855916071307,0.0,0.015479440489719453,0.0,0.01029802752100003,0.0,0.0,0000,0.0074173354334146815,0.003968372687163503,24,25,1,Unanimous B/LB-directed,Frozen deployment model; anchor overlap is in-sample; no external performance estimate
NC_000017.11:7675138:C:T,TP53,ENST00000269305.9:c.473G>A,ENSP00000269305.4:p.Arg158His,NM_000546.6,ENST00000269305,1,79,c.473G>A p.(Arg158His),NM_000546,rs587782144,Anchor,True,True,False,LP,Not adjudicated,0.9942172932522921,1.0,0.9636121226329358,1.0,0.9999999536242105,1.0,0.9904492586017501,1.0,4.0,1111,0.9870696570277971,0.9930072557190904,25,25,1,Unanimous LP/P-directed,Frozen deployment model; anchor overlap is in-sample; no external performance estimate
NC_000011.10:108325415:C:T,ATM,ENST00000675843.1:c.6679C>T,ENSP00000501606.1:p.Arg2227Cys,NM_000051.4,ENST00000675843,1,80,c.6679C>T p.(Arg2227Cys),NM_000051,rs564652222,Anchor,True,True,False,LP,Not adjudicated,0.9971818794681337,1.0,0.9707953352315621,1.0,0.9999999536242105,1.0,0.9851015865745207,1.0,4.0,1111,0.9882696887246067,0.9937433210132607,25,25,1,Unanimous LP/P-directed,Frozen deployment model; anchor overlap is in-sample; no external performance estimate
NC_000017.11:7674220:G:A,TP53,ENST00000269305.9:c.742C>T,ENSP00000269305.4:p.Arg248Trp,NM_000546.6,ENST00000269305,1,84,c.742C>T p.(Arg248Trp),NM_000546.5,rs121912651,Anchor,True,True,False,LP,Not adjudicated,0.9995871185153848,1.0,0.9937949984125959,1.0,0.9999999536242105,1.0,0.9958418279810487,1.0,4.0,1111,0.9973059746333099,0.9988286689658961,25,25,1,Unanimous LP/P-directed,Frozen deployment model; anchor overlap is in-sample; no external performance estimate
NC_000013.11:32394802:A:T,BRCA2,ENST00000380152.8:c.9371A>T,ENSP00000369497.3:p.Asn3124Ile,NM_000059.4,ENST00000380152,2,"95,96",c.9371A>T p.(Asn3124Ile),NM_000059,rs28897759,Anchor,True,True,False,LP,Not adjudicated,0.9803011544185879,1.0,0.9169741117630712,1.0,0.9999999536242105,1.0,0.9817042677863406,1.0,4.0,1111,0.9697448718980526,0.9814870788797749,22,25,1,Unanimous LP/P-directed,Frozen deployment model; anchor overlap is in-sample; no external performance estimate
NC_000011.10:108244999:C:T,ATM,ENST00000675843.1:c.875C>T,ENSP00000501606.1:p.Pro292Leu,NM_000051.4,ENST00000675843,1,97,c.875C>T p.(Pro292Leu),NM_000051,rs747727055,Anchor,True,True,False,LP,Not adjudicated,0.9787822727029037,1.0,0.9236054633463662,1.0,0.9999999536242105,1.0,0.9571127056502626,1.0,4.0,1111,0.9648750988309358,0.9780208589566601,25,25,1,Unanimous LP/P-directed,Frozen deployment model; anchor overlap is in-sample; no external performance estimate
NC_000017.11:43063902:G:T,BRCA1,ENST00000357654.9:c.5123C>A,ENSP00000350283.3:p.Ala1708Glu,NM_007294.4,ENST00000357654,2,"98,99",c.5123C>A p.(Ala1708Glu),NM_007294.3; NM_007294,rs28897696,Anchor,True,True,False,LP,Not adjudicated,0.9962933806880472,1.0,0.988216492350373,1.0,0.9999999536242105,1.0,0.995586169865862,1.0,4.0,1111,0.9950239991321232,0.9976457913379843,25,25,1,Unanimous LP/P-directed,Frozen deployment model; anchor overlap is in-sample; no external performance estimate
NC_000017.11:43045772:C:T,BRCA1,ENST00000357654.9:c.5497G>A,ENSP00000350283.3:p.Val1833Met,NM_007294.4,ENST00000357654,1,107,c.5497G>A p.(Val1833Met),NM_007294,rs80357268,Anchor,True,True,False,LP,Not adjudicated,0.9829546212463018,1.0,0.9360200487264011,1.0,0.9999999536242105,1.0,0.9866646889206461,1.0,4.0,1111,0.9764098281293899,0.9860866490235111,25,25,1,Unanimous LP/P-directed,Frozen deployment model; anchor overlap is in-sample; no external performance estimate
NC_000022.11:28725069:C:T,CHEK2,ENST00000404276.6:c.499G>A,ENSP00000385747.1:p.Gly167Arg,NM_007194.4,ENST00000404276,3,"110,111,112",c.499G>A p.(Gly167Arg); c.628G>A p.(Gly210Arg),NM_007194; NM_001005735,rs72552322,Anchor,True,True,False,LP,Not adjudicated,0.9902472684656175,1.0,0.9548798886859752,1.0,0.9999999536242105,1.0,0.9896413068429711,1.0,4.0,1111,0.9836921044046936,0.9908832767527758,24,25,1,Unanimous LP/P-directed,Frozen deployment model; anchor overlap is in-sample; no external performance estimate
NC_000017.11:7673801:C:T,TP53,ENST00000269305.9:c.818G>A,ENSP00000269305.4:p.Arg273His,NM_000546.6,ENST00000269305,1,114,c.818G>A p.(Arg273His),NM_000546,rs28934576,Anchor,True,True,False,LP,Not adjudicated,0.9938164777721719,1.0,0.9433900337295871,1.0,0.9999999536242105,1.0,0.9928177975004225,1.0,4.0,1111,0.982506065656598,0.9901209282233685,25,25,1,Unanimous LP/P-directed,Frozen deployment model; anchor overlap is in-sample; no external performance estimate
NC_000017.11:58696701:G:C,RAD51C,ENST00000337432.9:c.414G>C,ENSP00000336701.4:p.Leu138Phe,NM_058216.3,ENST00000337432,2,"115,116",c.414G>C p.(Leu138Phe),NM_058216,rs267606999,Anchor,True,True,False,LP,Not adjudicated,0.8489179709500653,1.0,0.6726632836120576,0.0,0.9989341781778244,1.0,0.9189213410924464,1.0,3.0,1011,0.8598591934580984,0.8902760148007104,25,25,1,Mixed votes,Frozen deployment model; anchor overlap is in-sample; no external performance estimate
NC_000016.10:23621361:C:G,PALB2,ENST00000261584.9:c.3113G>C,ENSP00000261584.4:p.Trp1038Ser,NM_024675.4,ENST00000261584,1,118,c.3113G>C p.(Trp1038Ser),NM_024675,,Archive,False,True,False,,Not adjudicated,0.9930356719914657,1.0,0.9904211365260094,1.0,0.8468704960119093,1.0,0.9829894257642262,1.0,4.0,1111,0.9533291825734027,0.9695010343582486,23,25,1,Unanimous LP/P-directed,Frozen deployment model; anchor overlap is in-sample; no external performance estimate
NC_000017.11:43067609:G:C,BRCA1,ENST00000357654.9:c.5072C>G,ENSP00000350283.3:p.Thr1691Arg,NM_007294.4,ENST00000357654,1,121,c.5072C>G p.(Thr1691Arg),NM_007294,rs80357034,Anchor,True,True,False,LP,Not adjudicated,0.9401039448469649,1.0,0.9659831574760668,1.0,0.9999999536242105,1.0,0.9689918750400085,1.0,4.0,1111,0.9687697327468127,0.9807996860039365,24,25,1,Unanimous LP/P-directed,Frozen deployment model; anchor overlap is in-sample; no external performance estimate
