gene,variant_id,reference_genome,dataset,consequence,callset,population,AC,AN,AF,minor_AF,global_AF_above_5pct,qualifying_populations,in_HBOC_anchors,in_any_training_record,in_application_catalogue,retrieved_utc,source_url,in_full_VOUS_archive,eligible_after_overlap_screen,BA1_adjudication,prediction_status,MANE_select,MANE_consequence,MANE_HGVSc,MANE_HGVSp,MANE_missense,eligible_after_MANE_and_overlap,any_gene_transcript_missense,eligible_any_transcript_no_overlap
ATM,11-108235716-T-A,GRCh38,gnomad_r4,missense_variant,exome,afr,6728,33356,0.2017028420673941,0.2017028420673941,True,"[[""exome"", ""afr"", 6728, 33356, 0.20170284206739417], [""genome"", ""afr"", 8151, 41526, 0.19628666377691084]]",True,True,False,2026-09-05T11:56:13Z,https://gnomad.broadinstitute.org/variant/11-108235716-T-A?dataset=gnomad_r4,False,False,"Candidate only: verify gene/disease specifications, exception list, MANE consequence and site quality",NOT SCORED: matched full model annotations not available,NM_000051.4,missense_variant,ENST00000675843.1:c.378T>A,ENSP00000501606.1:p.Asp126Glu,True,False,True,False
ATM,11-108251006-G-A,GRCh38,gnomad_r4,missense_variant,exome,afr,2154,33478,0.0643407610968397,0.0643407610968397,False,"[[""exome"", ""afr"", 2154, 33478, 0.06434076109683971], [""genome"", ""afr"", 2479, 41522, 0.059703289822262896]]",True,True,False,2026-09-05T11:56:13Z,https://gnomad.broadinstitute.org/variant/11-108251006-G-A?dataset=gnomad_r4,False,False,"Candidate only: verify gene/disease specifications, exception list, MANE consequence and site quality",NOT SCORED: matched full model annotations not available,NM_000051.4,missense_variant,ENST00000675843.1:c.1541G>A,ENSP00000501606.1:p.Gly514Asp,True,False,True,False
ATM,11-108251865-C-G,GRCh38,gnomad_r4,missense_variant,exome,afr,1678,33448,0.0501674240612293,0.0501674240612293,False,"[[""exome"", ""afr"", 1678, 33448, 0.05016742406122937]]",True,True,False,2026-09-05T11:56:13Z,https://gnomad.broadinstitute.org/variant/11-108251865-C-G?dataset=gnomad_r4,False,False,"Candidate only: verify gene/disease specifications, exception list, MANE consequence and site quality",NOT SCORED: matched full model annotations not available,NM_000051.4,missense_variant,ENST00000675843.1:c.1636C>G,ENSP00000501606.1:p.Leu546Val,True,False,True,False
ATM,11-108289005-C-T,GRCh38,gnomad_r4,missense_variant,exome,afr,2391,33460,0.0714584578601315,0.0714584578601315,False,"[[""exome"", ""afr"", 2391, 33460, 0.0714584578601315], [""genome"", ""afr"", 2778, 41572, 0.0668238237275089]]",True,True,False,2026-09-05T11:56:13Z,https://gnomad.broadinstitute.org/variant/11-108289005-C-T?dataset=gnomad_r4,False,False,"Candidate only: verify gene/disease specifications, exception list, MANE consequence and site quality",NOT SCORED: matched full model annotations not available,NM_000051.4,missense_variant,ENST00000675843.1:c.4138C>T,ENSP00000501606.1:p.His1380Tyr,True,False,True,False
ATM,11-108304735-G-A,GRCh38,gnomad_r4,missense_variant,genome,nfe,9837,68000,0.1446617647058823,0.1446617647058823,True,"[[""genome"", ""nfe"", 9837, 68000, 0.14466176470588235], [""exome"", ""nfe"", 159492, 1111756, 0.1434595360852561], [""exome"", ""mid"", 689, 5768, 0.11945214979195562], [""genome"", ""amr"", 1385, 15288, 0.09059392987964417], [""exome"", ""sas"", 6683, 86250, 0.07748405797101449], [""genome"", ""sas"", 366, 4828, 0.07580778790389395], [""exome"", ""amr"", 2890, 44720, 0.06462432915921287]]",True,True,False,2026-09-05T11:56:13Z,https://gnomad.broadinstitute.org/variant/11-108304735-G-A?dataset=gnomad_r4,False,False,"Candidate only: verify gene/disease specifications, exception list, MANE consequence and site quality",NOT SCORED: matched full model annotations not available,NM_000051.4,missense_variant,ENST00000675843.1:c.5557G>A,ENSP00000501606.1:p.Asp1853Asn,True,False,True,False
BARD1,2-214730479-A-G,GRCh38,gnomad_r4,missense_variant,exome,afr,2286,33460,0.0683203825463239,0.0683203825463239,False,"[[""exome"", ""afr"", 2286, 33460, 0.06832038254632397], [""genome"", ""afr"", 2793, 41528, 0.06725582739356578]]",True,True,False,2026-09-05T11:56:09Z,https://gnomad.broadinstitute.org/variant/2-214730479-A-G?dataset=gnomad_r4,False,False,"Candidate only: verify gene/disease specifications, exception list, MANE consequence and site quality",NOT SCORED: matched full model annotations not available,NM_000465.4,missense_variant,ENST00000260947.9:c.1933T>C,ENSP00000260947.4:p.Cys645Arg,True,False,True,False
BARD1,2-214767531-C-T,GRCh38,gnomad_r4,missense_variant,genome,sas,1987,4824,0.4118988391376451,0.4118988391376451,True,"[[""genome"", ""sas"", 1987, 4824, 0.41189883913764513], [""exome"", ""sas"", 35057, 86218, 0.40660882878285276], [""exome"", ""mid"", 2220, 5766, 0.3850156087408949], [""genome"", ""eas"", 1921, 5166, 0.3718544328300426], [""genome"", ""afr"", 15396, 41480, 0.3711668273866924], [""exome"", ""afr"", 12263, 33408, 0.3670677681992337], [""genome"", ""nfe"", 24734, 67966, 0.3639172527440191], [""exome"", ""nfe"", 400164, 1110540, 0.36033281106488735], [""exome"", ""eas"", 14201, 39686, 0.35783399687547246], [""genome"", ""amr"", 4870, 15284, 0.31863386548024075], [""exome"", ""amr"", 13315, 44710, 0.2978080966226795]]",True,True,False,2026-09-05T11:56:09Z,https://gnomad.broadinstitute.org/variant/2-214767531-C-T?dataset=gnomad_r4,False,False,"Candidate only: verify gene/disease specifications, exception list, MANE consequence and site quality",NOT SCORED: matched full model annotations not available,NM_000465.4,missense_variant,ENST00000260947.9:c.1519G>A,ENSP00000260947.4:p.Val507Met,True,False,True,False
BARD1,2-214780740-C-G,GRCh38,gnomad_r4,missense_variant,exome,sas,41909,86258,0.485856384335366,0.485856384335366,True,"[[""exome"", ""sas"", 41909, 86258, 0.485856384335366], [""genome"", ""sas"", 2321, 4818, 0.4817351598173516], [""exome"", ""mid"", 3038, 5768, 0.5266990291262136], [""genome"", ""amr"", 7156, 15256, 0.46906135291033035], [""exome"", ""amr"", 18756, 44704, 0.4195597709377237], [""genome"", ""afr"", 16490, 41388, 0.398424664153861], [""exome"", ""afr"", 13172, 33476, 0.3934759230493488], [""exome"", ""nfe"", 679690, 1111886, 0.6112946830880144], [""genome"", ""nfe"", 41559, 67940, 0.6117015013246982], [""genome"", ""eas"", 1918, 5142, 0.3730066122131466], [""exome"", ""eas"", 14161, 39690, 0.3567901234567901]]",True,True,False,2026-09-05T11:56:09Z,https://gnomad.broadinstitute.org/variant/2-214780740-C-G?dataset=gnomad_r4,False,False,"Candidate only: verify gene/disease specifications, exception list, MANE consequence and site quality",NOT SCORED: matched full model annotations not available,NM_000465.4,missense_variant,ENST00000260947.9:c.1134G>C,ENSP00000260947.4:p.Arg378Ser,True,False,True,False
BARD1,2-214809500-G-A,GRCh38,gnomad_r4,missense_variant,exome,amr,18758,44110,0.4252550442076626,0.4252550442076626,True,"[[""exome"", ""amr"", 18758, 44110, 0.42525504420766264], [""exome"", ""sas"", 35216, 85336, 0.41267460391862754], [""genome"", ""sas"", 1972, 4826, 0.4086199751346871], [""genome"", ""amr"", 5908, 15300, 0.3861437908496732], [""genome"", ""nfe"", 25141, 67974, 0.369862006061141], [""exome"", ""nfe"", 401213, 1108060, 0.3620859881233868], [""genome"", ""eas"", 1855, 5144, 0.3606143079315708], [""exome"", ""eas"", 13722, 39356, 0.3486634820611851], [""exome"", ""mid"", 1900, 5746, 0.33066481030281936], [""genome"", ""afr"", 8810, 41538, 0.2120949492031393], [""exome"", ""afr"", 6869, 33328, 0.2061029764762362]]",True,True,False,2026-09-05T11:56:09Z,https://gnomad.broadinstitute.org/variant/2-214809500-G-A?dataset=gnomad_r4,False,False,"Candidate only: verify gene/disease specifications, exception list, MANE consequence and site quality",NOT SCORED: matched full model annotations not available,NM_000465.4,missense_variant,ENST00000260947.9:c.70C>T,ENSP00000260947.4:p.Pro24Ser,True,False,True,False
BLM,15-90751880-C-T,GRCh38,gnomad_r4,missense_variant,exome,eas,3757,39636,0.0947875668584115,0.0947875668584115,False,"[[""exome"", ""eas"", 3757, 39636, 0.09478756685841154], [""genome"", ""eas"", 475, 5192, 0.0914869029275809]]",True,True,False,2026-09-05T11:56:13Z,https://gnomad.broadinstitute.org/variant/15-90751880-C-T?dataset=gnomad_r4,False,False,"Candidate only: verify gene/disease specifications, exception list, MANE consequence and site quality",NOT SCORED: matched full model annotations not available,NM_000057.4,missense_variant,ENST00000355112.8:c.893C>T,ENSP00000347232.3:p.Thr298Met,True,False,True,False
BLM,15-90782869-C-T,GRCh38,gnomad_r4,missense_variant,exome,nfe,78641,1110842,0.0707940463180182,0.0707940463180182,True,"[[""exome"", ""nfe"", 78641, 1110842, 0.07079404631801822], [""genome"", ""nfe"", 4684, 67980, 0.06890261841718152], [""genome"", ""afr"", 2748, 41462, 0.06627755535188848], [""exome"", ""afr"", 2138, 33454, 0.06390865068452203], [""genome"", ""amr"", 844, 15280, 0.05523560209424084]]",True,True,False,2026-09-05T11:56:13Z,https://gnomad.broadinstitute.org/variant/15-90782869-C-T?dataset=gnomad_r4,False,False,"Candidate only: verify gene/disease specifications, exception list, MANE consequence and site quality",NOT SCORED: matched full model annotations not available,NM_000057.4,missense_variant,ENST00000355112.8:c.2603C>T,ENSP00000347232.3:p.Pro868Leu,True,False,True,False
BLM,15-90811291-G-A,GRCh38,gnomad_r4,missense_variant,genome,afr,4035,41516,0.097191444262453,0.097191444262453,True,"[[""genome"", ""afr"", 4035, 41516, 0.09719144426245303], [""exome"", ""afr"", 3112, 33480, 0.0929510155316607], [""exome"", ""nfe"", 80125, 1111982, 0.07205602248957267], [""genome"", ""nfe"", 4808, 68012, 0.07069340704581545], [""genome"", ""sas"", 333, 4828, 0.06897265948632975], [""exome"", ""sas"", 5610, 86256, 0.06503895381190873], [""genome"", ""amr"", 904, 15288, 0.05913134484563056]]",True,True,False,2026-09-05T11:56:13Z,https://gnomad.broadinstitute.org/variant/15-90811291-G-A?dataset=gnomad_r4,False,False,"Candidate only: verify gene/disease specifications, exception list, MANE consequence and site quality",NOT SCORED: matched full model annotations not available,NM_000057.4,missense_variant,ENST00000355112.8:c.3961G>A,ENSP00000347232.3:p.Val1321Ile,True,False,True,False
BRCA1,17-43071077-T-C,GRCh38,gnomad_r4,missense_variant,exome,sas,43064,86256,0.4992580226303098,0.4992580226303098,True,"[[""exome"", ""sas"", 43064, 86256, 0.4992580226303098], [""genome"", ""sas"", 2370, 4816, 0.49210963455149503], [""exome"", ""mid"", 2154, 5768, 0.3734396671289875], [""genome"", ""eas"", 1917, 5178, 0.3702201622247972], [""exome"", ""eas"", 14028, 39698, 0.3533679278553076], [""genome"", ""nfe"", 22581, 67976, 0.33219077321407553], [""genome"", ""amr"", 5029, 15262, 0.3295112042982571], [""exome"", ""nfe"", 364076, 1111986, 0.3274105968960041], [""exome"", ""amr"", 14344, 44724, 0.32072265450317505], [""genome"", ""afr"", 9828, 41468, 0.23700202565833897], [""exome"", ""afr"", 7805, 33480, 0.23312425328554362]]",True,True,False,2026-09-05T11:56:26Z,https://gnomad.broadinstitute.org/variant/17-43071077-T-C?dataset=gnomad_r4,False,False,"Candidate only: verify gene/disease specifications, exception list, MANE consequence and site quality",NOT SCORED: matched full model annotations not available,NM_007294.4,missense_variant,ENST00000357654.9:c.4837A>G,ENSP00000350283.3:p.Ser1613Gly,True,False,True,False
BRCA1,17-43091983-T-C,GRCh38,gnomad_r4,missense_variant,exome,sas,43055,86252,0.4991768306821871,0.4991768306821871,True,"[[""exome"", ""sas"", 43055, 86252, 0.4991768306821871], [""genome"", ""sas"", 2377, 4820, 0.4931535269709544], [""exome"", ""mid"", 2138, 5766, 0.3707943114810961], [""genome"", ""eas"", 1907, 5164, 0.3692873741285825], [""exome"", ""eas"", 14022, 39694, 0.35325238071245024], [""genome"", ""nfe"", 22434, 67956, 0.33012537524280416], [""genome"", ""amr"", 5005, 15256, 0.32806764551651807], [""exome"", ""nfe"", 362045, 1111812, 0.32563508938561553], [""exome"", ""amr"", 14304, 44708, 0.31994273955444213], [""genome"", ""afr"", 9647, 41490, 0.23251385876114727], [""exome"", ""afr"", 7695, 33472, 0.22989364244741875]]",True,True,False,2026-09-05T11:56:26Z,https://gnomad.broadinstitute.org/variant/17-43091983-T-C?dataset=gnomad_r4,False,False,"Candidate only: verify gene/disease specifications, exception list, MANE consequence and site quality",NOT SCORED: matched full model annotations not available,NM_007294.4,missense_variant,ENST00000357654.9:c.3548A>G,ENSP00000350283.3:p.Lys1183Arg,True,False,True,False
BRCA1,17-43092418-T-C,GRCh38,gnomad_r4,missense_variant,exome,sas,43005,86246,0.498631820606173,0.498631820606173,True,"[[""exome"", ""sas"", 43005, 86246, 0.49863182060617306], [""genome"", ""sas"", 2363, 4802, 0.4920866305705956], [""genome"", ""eas"", 1910, 5180, 0.3687258687258687], [""exome"", ""mid"", 2123, 5768, 0.3680651872399445], [""exome"", ""eas"", 13995, 39682, 0.35267879643163147], [""genome"", ""nfe"", 22507, 67942, 0.33126784610402993], [""exome"", ""nfe"", 363291, 1111782, 0.3267645995348009], [""genome"", ""amr"", 4864, 15236, 0.3192438960357049], [""exome"", ""amr"", 14072, 44720, 0.3146690518783542], [""genome"", ""afr"", 7456, 41456, 0.17985333847935162], [""exome"", ""afr"", 5849, 33478, 0.17471175100065714]]",True,True,False,2026-09-05T11:56:26Z,https://gnomad.broadinstitute.org/variant/17-43092418-T-C?dataset=gnomad_r4,False,False,"Candidate only: verify gene/disease specifications, exception list, MANE consequence and site quality",NOT SCORED: matched full model annotations not available,NM_007294.4,missense_variant,ENST00000357654.9:c.3113A>G,ENSP00000350283.3:p.Glu1038Gly,True,False,True,False
BRCA1,17-43092919-G-A,GRCh38,gnomad_r4,missense_variant,genome,sas,2521,4826,0.5223787815996684,0.4776212184003315,True,"[[""genome"", ""sas"", 2521, 4826, 0.5223787815996684], [""exome"", ""sas"", 45503, 86250, 0.5275710144927537], [""exome"", ""mid"", 2454, 5768, 0.4254507628294036], [""genome"", ""amr"", 5962, 15276, 0.3902854150301126], [""genome"", ""eas"", 1913, 5168, 0.3701625386996904], [""exome"", ""amr"", 15931, 44720, 0.3562388193202147], [""exome"", ""eas"", 14011, 39684, 0.3530642072371737], [""genome"", ""nfe"", 23151, 67946, 0.34072645924704914], [""exome"", ""nfe"", 372640, 1111814, 0.3351639752692447], [""genome"", ""afr"", 33664, 41522, 0.8107509272193054], [""exome"", ""afr"", 27827, 33476, 0.8312522404110407]]",True,True,False,2026-09-05T11:56:26Z,https://gnomad.broadinstitute.org/variant/17-43092919-G-A?dataset=gnomad_r4,False,False,"Candidate only: verify gene/disease specifications, exception list, MANE consequence and site quality",NOT SCORED: matched full model annotations not available,NM_007294.4,missense_variant,ENST00000357654.9:c.2612C>T,ENSP00000350283.3:p.Pro871Leu,True,False,True,False
BRCA1,17-43093454-C-T,GRCh38,gnomad_r4,missense_variant,exome,nfe,86992,1111924,0.07823556286221,0.07823556286221,True,"[[""exome"", ""nfe"", 86992, 1111924, 0.07823556286221], [""genome"", ""nfe"", 5214, 68004, 0.07667196047291336], [""exome"", ""mid"", 428, 5768, 0.07420249653259361], [""genome"", ""amr"", 817, 15296, 0.05341265690376569]]",True,True,False,2026-09-05T11:56:26Z,https://gnomad.broadinstitute.org/variant/17-43093454-C-T?dataset=gnomad_r4,False,False,"Candidate only: verify gene/disease specifications, exception list, MANE consequence and site quality",NOT SCORED: matched full model annotations not available,NM_007294.4,missense_variant,ENST00000357654.9:c.2077G>A,ENSP00000350283.3:p.Asp693Asn,True,False,True,False
BRCA1,17-43094464-T-C,GRCh38,gnomad_r4,missense_variant,genome,nfe,4454,68014,0.0654865174816949,0.0654865174816949,True,"[[""genome"", ""nfe"", 4454, 68014, 0.06548651748169494], [""exome"", ""nfe"", 69675, 1112000, 0.06265737410071942], [""exome"", ""mid"", 340, 5768, 0.05894590846047157]]",True,True,False,2026-09-05T11:56:26Z,https://gnomad.broadinstitute.org/variant/17-43094464-T-C?dataset=gnomad_r4,False,False,"Candidate only: verify gene/disease specifications, exception list, MANE consequence and site quality",NOT SCORED: matched full model annotations not available,NM_007294.4,missense_variant,ENST00000357654.9:c.1067A>G,ENSP00000350283.3:p.Gln356Arg,True,False,True,False
BRCA2,13-32332343-A-C,GRCh38,gnomad_r4,missense_variant,exome,eas,4709,39582,0.1189682178768126,0.1189682178768126,False,"[[""exome"", ""eas"", 4709, 39582, 0.11896821787681269], [""exome"", ""sas"", 9497, 82778, 0.11472855106429244], [""genome"", ""sas"", 550, 4820, 0.11410788381742738], [""genome"", ""eas"", 520, 5192, 0.10015408320493066], [""genome"", ""amr"", 1496, 15302, 0.09776499803947196], [""exome"", ""amr"", 3144, 41798, 0.07521890999569357], [""exome"", ""mid"", 318, 5674, 0.05604511808248149]]",True,True,False,2026-09-05T11:56:28Z,https://gnomad.broadinstitute.org/variant/13-32332343-A-C?dataset=gnomad_r4,False,False,"Candidate only: verify gene/disease specifications, exception list, MANE consequence and site quality",NOT SCORED: matched full model annotations not available,NM_000059.4,missense_variant,ENST00000380152.8:c.865A>C,ENSP00000369497.3:p.Asn289His,True,False,True,False
BRCA2,13-32332592-A-C,GRCh38,gnomad_r4,missense_variant,genome,sas,1722,4814,0.3577066888242625,0.3577066888242625,True,"[[""genome"", ""sas"", 1722, 4814, 0.35770668882426254], [""exome"", ""sas"", 30093, 86138, 0.34935800691912977], [""genome"", ""amr"", 4642, 15270, 0.3039947609692207], [""exome"", ""amr"", 13480, 44642, 0.30195779758971375], [""exome"", ""mid"", 1735, 5768, 0.30079750346740636], [""exome"", ""nfe"", 312835, 1111836, 0.28136793555884143], [""genome"", ""nfe"", 18783, 67950, 0.27642384105960266], [""genome"", ""eas"", 1338, 5184, 0.25810185185185186], [""exome"", ""eas"", 9379, 39684, 0.23634210261062394], [""exome"", ""afr"", 4191, 33460, 0.1252540346682606], [""genome"", ""afr"", 5198, 41508, 0.12522887154283513]]",True,True,False,2026-09-05T11:56:28Z,https://gnomad.broadinstitute.org/variant/13-32332592-A-C?dataset=gnomad_r4,False,False,"Candidate only: verify gene/disease specifications, exception list, MANE consequence and site quality",NOT SCORED: matched full model annotations not available,NM_000059.4,missense_variant,ENST00000380152.8:c.1114A>C,ENSP00000369497.3:p.Asn372His,True,False,True,False
BRCA2,13-32336705-A-G,GRCh38,gnomad_r4,missense_variant,exome,eas,2082,39678,0.0524724028428852,0.0524724028428852,False,"[[""exome"", ""eas"", 2082, 39678, 0.05247240284288523]]",True,True,False,2026-09-05T11:56:28Z,https://gnomad.broadinstitute.org/variant/13-32336705-A-G?dataset=gnomad_r4,False,False,"Candidate only: verify gene/disease specifications, exception list, MANE consequence and site quality",NOT SCORED: matched full model annotations not available,NM_000059.4,missense_variant,ENST00000380152.8:c.2350A>G,ENSP00000369497.3:p.Met784Val,True,False,True,False
BRCA2,13-32337326-A-G,GRCh38,gnomad_r4,missense_variant,exome,eas,4715,39634,0.1189635161729827,0.1189635161729827,False,"[[""exome"", ""eas"", 4715, 39634, 0.11896351617298279], [""exome"", ""sas"", 9907, 86162, 0.11498108214758246], [""genome"", ""sas"", 550, 4828, 0.11391880695940348], [""genome"", ""eas"", 516, 5176, 0.09969088098918083], [""genome"", ""amr"", 1516, 15294, 0.09912383941414935], [""exome"", ""amr"", 3387, 44690, 0.07578876706198255], [""exome"", ""mid"", 324, 5762, 0.056230475529330096]]",True,True,False,2026-09-05T11:56:28Z,https://gnomad.broadinstitute.org/variant/13-32337326-A-G?dataset=gnomad_r4,False,False,"Candidate only: verify gene/disease specifications, exception list, MANE consequence and site quality",NOT SCORED: matched full model annotations not available,NM_000059.4,missense_variant,ENST00000380152.8:c.2971A>G,ENSP00000369497.3:p.Asn991Asp,True,False,True,False
BRCA2,13-32355250-T-C,GRCh38,gnomad_r4,missense_variant,exome,afr,31114,33458,0.929942016856955,0.070057983143045,True,"[[""exome"", ""afr"", 31114, 33458, 0.929942016856955], [""genome"", ""afr"", 38754, 41548, 0.932752479060364], [""genome"", ""amr"", 15199, 15306, 0.9930092774075526], [""exome"", ""mid"", 5734, 5764, 0.9947952810548231], [""exome"", ""amr"", 44527, 44720, 0.9956842576028623], [""genome"", ""sas"", 4828, 4830, 0.9995859213250518], [""genome"", ""nfe"", 68015, 68032, 0.9997501175917215], [""genome"", ""eas"", 5177, 5178, 0.999806875241406], [""exome"", ""nfe"", 1111380, 1111588, 0.9998128803117702], [""exome"", ""sas"", 86208, 86222, 0.999837628447496], [""exome"", ""eas"", 39634, 39634, 1.0]]",True,True,False,2026-09-05T11:56:28Z,https://gnomad.broadinstitute.org/variant/13-32355250-T-C?dataset=gnomad_r4,False,False,"Candidate only: verify gene/disease specifications, exception list, MANE consequence and site quality",NOT SCORED: matched full model annotations not available,NM_000059.4,missense_variant,ENST00000380152.8:c.7397T>C,ENSP00000369497.3:p.Val2466Ala,True,False,True,False
BRCA2,13-32356461-T-C,GRCh38,gnomad_r4,missense_variant,exome,amr,5769,44724,0.1289911456935873,0.1289911456935873,False,"[[""exome"", ""amr"", 5769, 44724, 0.12899114569358733], [""genome"", ""amr"", 1173, 15292, 0.07670677478420089]]",True,True,False,2026-09-05T11:56:28Z,https://gnomad.broadinstitute.org/variant/13-32356461-T-C?dataset=gnomad_r4,False,False,"Candidate only: verify gene/disease specifications, exception list, MANE consequence and site quality",NOT SCORED: matched full model annotations not available,NM_000059.4,missense_variant,ENST00000380152.8:c.7469T>C,ENSP00000369497.3:p.Ile2490Thr,True,False,True,False
BRCA2,13-32379413-G-A,GRCh38,gnomad_r4,missense_variant,genome,amr,777,15300,0.0507843137254901,0.0507843137254901,False,"[[""genome"", ""amr"", 777, 15300, 0.05078431372549019]]",True,True,False,2026-09-05T11:56:28Z,https://gnomad.broadinstitute.org/variant/13-32379413-G-A?dataset=gnomad_r4,False,False,"Candidate only: verify gene/disease specifications, exception list, MANE consequence and site quality",NOT SCORED: matched full model annotations not available,NM_000059.4,missense_variant,ENST00000380152.8:c.8851G>A,ENSP00000369497.3:p.Ala2951Thr,True,False,True,False
BRCA2,13-32398747-A-G,GRCh38,gnomad_r4,missense_variant,exome,afr,3832,33460,0.1145248057381948,0.1145248057381948,False,"[[""exome"", ""afr"", 3832, 33460, 0.11452480573819486], [""genome"", ""afr"", 4427, 41540, 0.10657197881559942], [""exome"", ""amr"", 3766, 44674, 0.08429959260419931]]",False,True,False,2026-09-05T11:56:28Z,https://gnomad.broadinstitute.org/variant/13-32398747-A-G?dataset=gnomad_r4,False,False,"Candidate only: verify gene/disease specifications, exception list, MANE consequence and site quality",NOT SCORED: matched full model annotations not available,NM_000059.4,missense_variant,ENST00000380152.8:c.10234A>G,ENSP00000369497.3:p.Ile3412Val,True,False,True,False
BRIP1,17-61685986-A-G,GRCh38,gnomad_r4,missense_variant,exome,sas,39632,86238,0.4595653888077182,0.4595653888077182,True,"[[""exome"", ""sas"", 39632, 86238, 0.4595653888077182], [""genome"", ""sas"", 2216, 4824, 0.4593698175787728], [""genome"", ""nfe"", 39645, 67918, 0.5837186018433994], [""exome"", ""nfe"", 661511, 1111540, 0.5951301797506162], [""exome"", ""mid"", 3790, 5766, 0.657301422129726], [""genome"", ""afr"", 27839, 41426, 0.6720175735045624], [""exome"", ""afr"", 22521, 33472, 0.6728310229445507], [""genome"", ""eas"", 3722, 5162, 0.7210383572258814], [""genome"", ""amr"", 11282, 15268, 0.7389310977207231], [""exome"", ""eas"", 29418, 39682, 0.7413436822740789], [""exome"", ""amr"", 35317, 44724, 0.789665503979966]]",True,True,False,2026-09-05T11:56:27Z,https://gnomad.broadinstitute.org/variant/17-61685986-A-G?dataset=gnomad_r4,False,False,"Candidate only: verify gene/disease specifications, exception list, MANE consequence and site quality",NOT SCORED: matched full model annotations not available,NM_032043.3,missense_variant,ENST00000259008.7:c.2755T>C,ENSP00000259008.2:p.Ser919Pro,True,False,True,False
CHEK2,22-28712124-A-C,GRCh38,gnomad_r4,missense_variant,exome,eas,2330,33812,0.0689104459955045,0.0689104459955045,False,"[[""exome"", ""eas"", 2330, 33812, 0.06891044599550455], [""exome"", ""mid"", 278, 4260, 0.06525821596244132], [""genome"", ""eas"", 335, 5188, 0.06457208943716268], [""genome"", ""afr"", 2285, 41580, 0.05495430495430496], [""exome"", ""afr"", 944, 17848, 0.052891080233079334], [""genome"", ""sas"", 245, 4832, 0.05070364238410596]]",False,False,False,2026-09-05T11:56:41Z,https://gnomad.broadinstitute.org/variant/22-28712124-A-C?dataset=gnomad_r4,False,True,"Candidate only: verify gene/disease specifications, exception list, MANE consequence and site quality",NOT SCORED: matched full model annotations not available,NM_007194.4,intron_variant,ENST00000404276.6:c.684-107T>G,,False,False,True,True
FANCA,16-89739506-T-C,GRCh38,gnomad_r4,missense_variant,genome,eas,1135,5178,0.2191966010042487,0.2191966010042487,True,"[[""genome"", ""eas"", 1135, 5178, 0.21919660100424873], [""exome"", ""eas"", 5481, 35758, 0.15328038480899378], [""exome"", ""nfe"", 93899, 1079098, 0.08701619315391187], [""genome"", ""nfe"", 5664, 68004, 0.08328921828127757]]",True,True,False,2026-09-05T11:56:47Z,https://gnomad.broadinstitute.org/variant/16-89739506-T-C?dataset=gnomad_r4,False,False,"Candidate only: verify gene/disease specifications, exception list, MANE consequence and site quality",NOT SCORED: matched full model annotations not available,NM_000135.4,missense_variant,ENST00000389301.8:c.3982A>G,ENSP00000373952.3:p.Thr1328Ala,True,False,True,False
FANCA,16-89740069-C-T,GRCh38,gnomad_r4,missense_variant,exome,afr,2915,33478,0.0870721070553796,0.0870721070553796,False,"[[""exome"", ""afr"", 2915, 33478, 0.08707210705537966], [""genome"", ""afr"", 3480, 41552, 0.08375048132460532]]",True,True,False,2026-09-05T11:56:47Z,https://gnomad.broadinstitute.org/variant/16-89740069-C-T?dataset=gnomad_r4,False,False,"Candidate only: verify gene/disease specifications, exception list, MANE consequence and site quality",NOT SCORED: matched full model annotations not available,NM_000135.4,missense_variant,ENST00000389301.8:c.3859G>A,ENSP00000373952.3:p.Val1287Ile,True,False,True,False
FANCA,16-89748744-G-A,GRCh38,gnomad_r4,missense_variant,exome,nfe,96134,1111654,0.0864783466798122,0.0864783466798122,True,"[[""exome"", ""nfe"", 96134, 1111654, 0.08647834667981225], [""genome"", ""nfe"", 5657, 68024, 0.08316182523815124]]",True,True,False,2026-09-05T11:56:47Z,https://gnomad.broadinstitute.org/variant/16-89748744-G-A?dataset=gnomad_r4,False,False,"Candidate only: verify gene/disease specifications, exception list, MANE consequence and site quality",NOT SCORED: matched full model annotations not available,NM_000135.4,missense_variant,ENST00000389301.8:c.3263C>T,ENSP00000373952.3:p.Ser1088Phe,True,False,True,False
FANCA,16-89769915-C-T,GRCh38,gnomad_r4,missense_variant,genome,amr,8001,15272,0.5238999476165531,0.4761000523834469,True,"[[""genome"", ""amr"", 8001, 15272, 0.5238999476165531], [""exome"", ""sas"", 50627, 86254, 0.586952489159923], [""genome"", ""sas"", 3002, 4820, 0.6228215767634855], [""exome"", ""amr"", 28447, 44714, 0.6361989533479447], [""genome"", ""afr"", 27445, 41442, 0.662250856618889], [""exome"", ""mid"", 1860, 5768, 0.3224687933425798], [""exome"", ""afr"", 22688, 33476, 0.6777392758991516], [""genome"", ""nfe"", 21839, 67970, 0.3213035162571723], [""exome"", ""nfe"", 349350, 1111930, 0.3141834467997086], [""exome"", ""eas"", 38922, 39698, 0.9804524157388281], [""genome"", ""eas"", 5065, 5162, 0.9812088337853545]]",True,True,False,2026-09-05T11:56:47Z,https://gnomad.broadinstitute.org/variant/16-89769915-C-T?dataset=gnomad_r4,False,False,"Candidate only: verify gene/disease specifications, exception list, MANE consequence and site quality",NOT SCORED: matched full model annotations not available,NM_000135.4,missense_variant,ENST00000389301.8:c.2426G>A,ENSP00000373952.3:p.Gly809Asp,True,False,True,False
FANCA,16-89773358-G-C,GRCh38,gnomad_r4,missense_variant,genome,eas,1210,5180,0.2335907335907336,0.2335907335907336,True,"[[""genome"", ""eas"", 1210, 5180, 0.2335907335907336], [""exome"", ""eas"", 5832, 35714, 0.16329730637845102], [""exome"", ""nfe"", 93854, 1078310, 0.08703805028238633], [""genome"", ""nfe"", 5672, 68016, 0.08339214302517055]]",True,True,False,2026-09-05T11:56:47Z,https://gnomad.broadinstitute.org/variant/16-89773358-G-C?dataset=gnomad_r4,False,False,"Candidate only: verify gene/disease specifications, exception list, MANE consequence and site quality",NOT SCORED: matched full model annotations not available,NM_000135.4,missense_variant,ENST00000389301.8:c.1927C>G,ENSP00000373952.3:p.Pro643Ala,True,False,True,False
FANCA,16-89783072-C-T,GRCh38,gnomad_r4,missense_variant,exome,sas,43226,86224,0.5013221376878827,0.4986778623121173,True,"[[""exome"", ""sas"", 43226, 86224, 0.5013221376878827], [""genome"", ""sas"", 2447, 4806, 0.5091552226383687], [""genome"", ""amr"", 8028, 15254, 0.5262881867051266], [""exome"", ""mid"", 2685, 5750, 0.46695652173913044], [""exome"", ""amr"", 27321, 44694, 0.611290106054504], [""genome"", ""nfe"", 26386, 67938, 0.38838352615620125], [""exome"", ""nfe"", 430762, 1110942, 0.3877448147608066], [""genome"", ""afr"", 28339, 41390, 0.6846822904083112], [""exome"", ""afr"", 23280, 33454, 0.6958809111018115], [""exome"", ""eas"", 33542, 39696, 0.8449717855703346], [""genome"", ""eas"", 4360, 5154, 0.8459448971672487]]",True,True,False,2026-09-05T11:56:47Z,https://gnomad.broadinstitute.org/variant/16-89783072-C-T?dataset=gnomad_r4,False,False,"Candidate only: verify gene/disease specifications, exception list, MANE consequence and site quality",NOT SCORED: matched full model annotations not available,NM_000135.4,missense_variant,ENST00000389301.8:c.1501G>A,ENSP00000373952.3:p.Gly501Ser,True,False,True,False
FANCA,16-89791527-G-A,GRCh38,gnomad_r4,missense_variant,genome,eas,1120,5174,0.2164669501352918,0.2164669501352918,True,"[[""genome"", ""eas"", 1120, 5174, 0.21646695013529185], [""exome"", ""eas"", 6220, 39690, 0.15671453766691862], [""exome"", ""nfe"", 96166, 1111930, 0.0864856600685295], [""genome"", ""nfe"", 5661, 68002, 0.08324755154260169]]",True,True,False,2026-09-05T11:56:47Z,https://gnomad.broadinstitute.org/variant/16-89791527-G-A?dataset=gnomad_r4,False,False,"Candidate only: verify gene/disease specifications, exception list, MANE consequence and site quality",NOT SCORED: matched full model annotations not available,NM_000135.4,missense_variant,ENST00000389301.8:c.1235C>T,ENSP00000373952.3:p.Ala412Val,True,False,True,False
FANCA,16-89799635-T-C,GRCh38,gnomad_r4,missense_variant,genome,amr,8320,15280,0.5445026178010471,0.4554973821989528,True,"[[""genome"", ""amr"", 8320, 15280, 0.5445026178010471], [""exome"", ""sas"", 50746, 86148, 0.5890560430886381], [""exome"", ""nfe"", 452720, 1106550, 0.4091274682571958], [""genome"", ""nfe"", 27132, 67994, 0.39903520898902844], [""genome"", ""sas"", 3028, 4818, 0.6284765462847655], [""exome"", ""amr"", 29193, 44704, 0.6530288117394416], [""exome"", ""mid"", 1921, 5762, 0.3333911836167997], [""genome"", ""afr"", 29755, 41508, 0.7168497639009348], [""exome"", ""afr"", 24115, 33344, 0.7232185700575816], [""exome"", ""eas"", 38877, 39670, 0.9800100831862869], [""genome"", ""eas"", 5095, 5192, 0.9813174114021571]]",True,True,False,2026-09-05T11:56:47Z,https://gnomad.broadinstitute.org/variant/16-89799635-T-C?dataset=gnomad_r4,False,False,"Candidate only: verify gene/disease specifications, exception list, MANE consequence and site quality",NOT SCORED: matched full model annotations not available,NM_000135.4,missense_variant,ENST00000389301.8:c.796A>G,ENSP00000373952.3:p.Thr266Ala,True,False,True,False
FANCA,16-89803296-T-C,GRCh38,gnomad_r4,missense_variant,exome,afr,2082,33472,0.0622012428298279,0.0622012428298279,False,"[[""exome"", ""afr"", 2082, 33472, 0.06220124282982792], [""genome"", ""afr"", 2496, 41548, 0.060075093867334166]]",True,True,False,2026-09-05T11:56:47Z,https://gnomad.broadinstitute.org/variant/16-89803296-T-C?dataset=gnomad_r4,False,False,"Candidate only: verify gene/disease specifications, exception list, MANE consequence and site quality",NOT SCORED: matched full model annotations not available,NM_000135.4,missense_variant,ENST00000389301.8:c.755A>G,ENSP00000373952.3:p.Asp252Gly,True,False,True,False
FANCA,16-89808348-G-A,GRCh38,gnomad_r4,missense_variant,exome,afr,5574,33460,0.1665869695158398,0.1665869695158398,False,"[[""exome"", ""afr"", 5574, 33460, 0.16658696951583982], [""genome"", ""afr"", 6641, 41466, 0.16015530796315053]]",True,True,False,2026-09-05T11:56:47Z,https://gnomad.broadinstitute.org/variant/16-89808348-G-A?dataset=gnomad_r4,False,False,"Candidate only: verify gene/disease specifications, exception list, MANE consequence and site quality",NOT SCORED: matched full model annotations not available,NM_000135.4,missense_variant,ENST00000389301.8:c.542C>T,ENSP00000373952.3:p.Ala181Val,True,False,True,False
FANCA,16-89816592-G-C,GRCh38,gnomad_r4,missense_variant,exome,afr,4644,29140,0.1593685655456417,0.1593685655456417,False,"[[""exome"", ""afr"", 4644, 29140, 0.15936856554564172], [""genome"", ""afr"", 6499, 41536, 0.15646667950693374]]",True,True,False,2026-09-05T11:56:47Z,https://gnomad.broadinstitute.org/variant/16-89816592-G-C?dataset=gnomad_r4,False,False,"Candidate only: verify gene/disease specifications, exception list, MANE consequence and site quality",NOT SCORED: matched full model annotations not available,NM_000135.4,missense_variant,ENST00000389301.8:c.24C>G,ENSP00000373952.3:p.Asn8Lys,True,False,True,False
FANCA,16-89816599-A-T,GRCh38,gnomad_r4,missense_variant,exome,nfe,109652,1076550,0.1018549997677766,0.1018549997677766,True,"[[""exome"", ""nfe"", 109652, 1076550, 0.10185499976777669], [""exome"", ""mid"", 427, 4378, 0.09753312014618547], [""genome"", ""nfe"", 6534, 67920, 0.09620141342756183], [""exome"", ""sas"", 7089, 78120, 0.09074500768049155], [""genome"", ""sas"", 387, 4818, 0.08032378580323786], [""exome"", ""amr"", 1874, 35554, 0.05270855599932497]]",True,True,False,2026-09-05T11:56:47Z,https://gnomad.broadinstitute.org/variant/16-89816599-A-T?dataset=gnomad_r4,False,False,"Candidate only: verify gene/disease specifications, exception list, MANE consequence and site quality",NOT SCORED: matched full model annotations not available,NM_000135.4,missense_variant,ENST00000389301.8:c.17T>A,ENSP00000373952.3:p.Val6Asp,True,False,True,False
FANCC,9-95107254-C-T,GRCh38,gnomad_r4,missense_variant,genome,afr,3001,41514,0.0722888664065134,0.0722888664065134,False,"[[""genome"", ""afr"", 3001, 41514, 0.07228886640651347], [""exome"", ""afr"", 2407, 33470, 0.0719151478936361]]",True,True,False,2026-09-05T11:57:05Z,https://gnomad.broadinstitute.org/variant/9-95107254-C-T?dataset=gnomad_r4,False,False,"Candidate only: verify gene/disease specifications, exception list, MANE consequence and site quality",NOT SCORED: matched full model annotations not available,NM_000136.3,missense_variant,ENST00000289081.8:c.1345G>A,ENSP00000289081.3:p.Val449Met,True,False,True,False
NBN,8-89978251-C-G,GRCh38,gnomad_r4,missense_variant,exome,eas,18922,39494,0.4791107510001519,0.4791107510001519,True,"[[""exome"", ""eas"", 18922, 39494, 0.47911075100015194], [""genome"", ""eas"", 2334, 5168, 0.451625386996904], [""genome"", ""sas"", 2108, 4822, 0.4371630029033596], [""exome"", ""sas"", 36745, 85854, 0.4279940363873553], [""exome"", ""amr"", 15807, 44690, 0.35370328932647127], [""genome"", ""amr"", 5218, 15260, 0.3419397116644823], [""exome"", ""mid"", 1933, 5728, 0.3374650837988827], [""genome"", ""nfe"", 21874, 67946, 0.3219321225679216], [""exome"", ""nfe"", 351002, 1099460, 0.3192494497298674], [""genome"", ""afr"", 9845, 41478, 0.2373547422730122], [""exome"", ""afr"", 7852, 33214, 0.23640633467814776]]",True,True,False,2026-09-05T11:57:08Z,https://gnomad.broadinstitute.org/variant/8-89978251-C-G?dataset=gnomad_r4,False,False,"Candidate only: verify gene/disease specifications, exception list, MANE consequence and site quality",NOT SCORED: matched full model annotations not available,NM_002485.5,missense_variant,ENST00000265433.8:c.553G>C,ENSP00000265433.4:p.Glu185Gln,True,False,True,False
PALB2,16-23630140-C-G,GRCh38,gnomad_r4,missense_variant,exome,mid,351,5768,0.0608529819694868,0.0608529819694868,False,"[[""exome"", ""mid"", 351, 5768, 0.060852981969486825]]",True,True,False,2026-09-05T11:57:04Z,https://gnomad.broadinstitute.org/variant/16-23630140-C-G?dataset=gnomad_r4,False,False,"Candidate only: verify gene/disease specifications, exception list, MANE consequence and site quality",NOT SCORED: matched full model annotations not available,NM_024675.4,missense_variant,ENST00000261584.9:c.2014G>C,ENSP00000261584.4:p.Glu672Gln,True,False,True,False
PALB2,16-23634870-T-C,GRCh38,gnomad_r4,missense_variant,exome,afr,7292,33452,0.2179839770417314,0.2179839770417314,True,"[[""exome"", ""afr"", 7292, 33452, 0.21798397704173145], [""genome"", ""afr"", 8874, 41442, 0.21413059215288838], [""exome"", ""eas"", 7637, 39690, 0.19241622574955908], [""genome"", ""eas"", 895, 5178, 0.17284665894167633], [""exome"", ""mid"", 733, 5766, 0.12712452306625044], [""exome"", ""sas"", 8973, 86200, 0.10409512761020882], [""genome"", ""sas"", 496, 4824, 0.10281923714759536], [""genome"", ""amr"", 1492, 15274, 0.09768233599580987], [""genome"", ""nfe"", 6013, 68004, 0.08842126933709782], [""exome"", ""nfe"", 97026, 1111420, 0.08729913084162602], [""exome"", ""amr"", 3668, 44620, 0.08220528910802331]]",True,True,False,2026-09-05T11:57:04Z,https://gnomad.broadinstitute.org/variant/16-23634870-T-C?dataset=gnomad_r4,False,False,"Candidate only: verify gene/disease specifications, exception list, MANE consequence and site quality",NOT SCORED: matched full model annotations not available,NM_024675.4,missense_variant,ENST00000261584.9:c.1676A>G,ENSP00000261584.4:p.Gln559Arg,True,False,True,False
PALB2,16-23635917-G-A,GRCh38,gnomad_r4,missense_variant,exome,afr,2354,33478,0.0703148336220801,0.0703148336220801,False,"[[""exome"", ""afr"", 2354, 33478, 0.07031483362208017], [""genome"", ""afr"", 2827, 41522, 0.06808438899860315]]",False,False,True,2026-09-05T11:57:04Z,https://gnomad.broadinstitute.org/variant/16-23635917-G-A?dataset=gnomad_r4,True,False,"Candidate only: verify gene/disease specifications, exception list, MANE consequence and site quality",NOT SCORED: matched full model annotations not available,NM_024675.4,missense_variant,ENST00000261584.9:c.629C>T,ENSP00000261584.4:p.Pro210Leu,True,False,True,False
PTEN,10-87863959-G-A,GRCh38,gnomad_r4,missense_variant,exome,eas,7648,21894,0.3493194482506623,0.3493194482506623,True,"[[""exome"", ""eas"", 7648, 21894, 0.3493194482506623], [""genome"", ""eas"", 1745, 5004, 0.3487210231814548], [""exome"", ""amr"", 1402, 6590, 0.21274658573596358], [""genome"", ""amr"", 2935, 15172, 0.1934484576852096], [""genome"", ""nfe"", 9270, 67398, 0.13754117332858543], [""exome"", ""nfe"", 20128, 149084, 0.13501113466233802], [""exome"", ""sas"", 417, 3202, 0.13023110555902562], [""genome"", ""sas"", 593, 4772, 0.12426655490360436], [""exome"", ""afr"", 389, 6294, 0.06180489354941214], [""genome"", ""afr"", 2524, 41012, 0.06154296303520921]]",True,True,False,2026-09-05T11:57:16Z,https://gnomad.broadinstitute.org/variant/10-87863959-G-A?dataset=gnomad_r4,False,False,"Candidate only: verify gene/disease specifications, exception list, MANE consequence and site quality",NOT SCORED: matched full model annotations not available,NM_000314.8,5_prime_UTR_variant,ENST00000371953.8:c.-511G>A,,False,False,True,False
PTEN,10-87864144-G-C,GRCh38,gnomad_r4,missense_variant,exome,sas,41434,41864,0.989728645136633,0.010271354863367,True,"[[""exome"", ""sas"", 41434, 41864, 0.989728645136633], [""exome"", ""amr"", 15396, 15530, 0.9913715389568577], [""exome"", ""afr"", 10556, 10640, 0.9921052631578947], [""exome"", ""nfe"", 229995, 231808, 0.9921788721700718], [""exome"", ""eas"", 26267, 26454, 0.9929311257276783], [""genome"", ""amr"", 15284, 15286, 0.9998691613240874], [""genome"", ""afr"", 41492, 41496, 0.999903605166763], [""genome"", ""nfe"", 67933, 67938, 0.999926403485531], [""genome"", ""eas"", 5086, 5086, 1.0], [""genome"", ""sas"", 4828, 4828, 1.0]]",False,False,False,2026-09-05T11:57:16Z,https://gnomad.broadinstitute.org/variant/10-87864144-G-C?dataset=gnomad_r4,False,True,"Candidate only: verify gene/disease specifications, exception list, MANE consequence and site quality",NOT SCORED: matched full model annotations not available,NM_000314.8,5_prime_UTR_variant,ENST00000371953.8:c.-326G>C,,False,False,True,True
PTEN,10-87864461-C-G,GRCh38,gnomad_r4,missense_variant,genome,eas,276,5182,0.0532612890775762,0.0532612890775762,False,"[[""genome"", ""eas"", 276, 5182, 0.05326128907757623]]",True,True,False,2026-09-05T11:57:16Z,https://gnomad.broadinstitute.org/variant/10-87864461-C-G?dataset=gnomad_r4,False,False,"Candidate only: verify gene/disease specifications, exception list, MANE consequence and site quality",NOT SCORED: matched full model annotations not available,NM_000314.8,5_prime_UTR_variant,ENST00000371953.8:c.-9C>G,,False,False,True,False
RAD51D,17-35106468-C-T,GRCh38,gnomad_r4,missense_variant,exome,amr,12638,44354,0.2849348424042927,0.2849348424042927,True,"[[""exome"", ""amr"", 12638, 44354, 0.28493484240429273], [""genome"", ""amr"", 3326, 15292, 0.21749934606330107], [""exome"", ""sas"", 14025, 85796, 0.1634691594013707], [""genome"", ""sas"", 696, 4818, 0.1444582814445828], [""genome"", ""nfe"", 9794, 67994, 0.14404212136364974], [""exome"", ""nfe"", 153134, 1110356, 0.13791432657634128], [""exome"", ""mid"", 744, 5758, 0.1292115317818687]]",True,True,False,2026-09-05T11:57:14Z,https://gnomad.broadinstitute.org/variant/17-35106468-C-T?dataset=gnomad_r4,False,False,"Candidate only: verify gene/disease specifications, exception list, MANE consequence and site quality",NOT SCORED: matched full model annotations not available,NM_002878.4,missense_variant,ENST00000345365.11:c.494G>A,ENSP00000338790.6:p.Arg165Gln,True,False,True,False
TP53,17-7676154-G-C,GRCh38,gnomad_r4,missense_variant,exome,sas,43687,86236,0.5065981724569786,0.4934018275430214,True,"[[""exome"", ""sas"", 43687, 86236, 0.5065981724569786], [""genome"", ""sas"", 2518, 4814, 0.5230577482343166], [""genome"", ""eas"", 2971, 5162, 0.5755521115846571], [""exome"", ""mid"", 3329, 5516, 0.6035170413343002], [""exome"", ""eas"", 24013, 39700, 0.6048614609571789], [""genome"", ""afr"", 16028, 41460, 0.38658948383984565], [""exome"", ""afr"", 12577, 33470, 0.37576934568270093], [""genome"", ""amr"", 10669, 15252, 0.6995148177288224], [""exome"", ""amr"", 31948, 44724, 0.7143368213934352], [""genome"", ""nfe"", 50641, 67974, 0.7450054432577162], [""exome"", ""nfe"", 831482, 1111994, 0.747739646077227]]",False,True,False,2026-09-05T11:57:31Z,https://gnomad.broadinstitute.org/variant/17-7676154-G-C?dataset=gnomad_r4,False,False,"Candidate only: verify gene/disease specifications, exception list, MANE consequence and site quality",NOT SCORED: matched full model annotations not available,NM_000546.6,missense_variant,ENST00000269305.9:c.215C>G,ENSP00000269305.4:p.Pro72Arg,True,False,True,False
