SPDI,Gene,BayesDel_addAF_rankscore,BayesDel_noAF_rankscore,ClinPred_rankscore,DANN_rankscore,DEOGEN2_rankscore,ESM1b_converted_rankscore,Eigen-PC-raw_coding_rankscore,Eigen-raw_coding_rankscore,GERP++_RS_rankscore,GERP_91_mammals_rankscore,LIST-S2_rankscore,MPC_rankscore,MVP_rankscore,MetaLR_rankscore,MetaRNN_rankscore,MetaSVM_rankscore,MutFormer_rankscore,MutPred2_rankscore,MutationAssessor_rankscore,MutationTaster_rankscore,PHACTboost_rankscore,PROVEAN_converted_rankscore,PrimateAI_rankscore,REVEL_rankscore,VARITY_ER_LOO_rankscore,VARITY_ER_rankscore,VARITY_R_LOO_rankscore,VARITY_R_rankscore,bStatistic_converted_rankscore,codon_degeneracy,fathmm-XF_coding_rankscore,gMVP_rankscore,phastCons100way_vertebrate_rankscore,phastCons17way_primate_rankscore,phastCons470way_mammalian_rankscore,phyloP100way_vertebrate_rankscore,phyloP17way_primate_rankscore,phyloP470way_mammalian_rankscore,EVE_SCORE,CADD_PHRED,am_pathogenicity,SpliceAI_DS_max
NC_000017.11:43063929:C:T,BRCA1,0.86323,0.92678,0.63114,0.99986,0.80313,0.79429,0.91892,0.90218,0.93054,,0.97285,0.39532,0.96646,0.95778,0.8311,0.96178,0.99879,0.65632,0.89409,0.98095,0.8731,0.63233,0.61622,0.92843,0.86563,0.87938,0.98158,0.97763,0.72295,0.0,0.72937,0.87447,0.71708,0.85383,0.68276,0.62756,0.24819,0.6298,0.871013132,29.2,0.7345,0.15
NC_000013.11:32370420:G:A,BRCA2,0.84279,0.92116,0.85181,0.99914,0.83631,0.74106,0.95321,0.93342,0.75666,0.81993,,0.19099,0.95286,0.91299,0.78443,0.91892,0.99225,0.51738,0.88016,0.87702,,0.30311,0.35874,0.92225,,,,,0.55149,0.0,0.78209,0.79649,0.71708,0.50277,0.68276,0.98855,0.695,0.96888,,32.0,0.3753,0.01
NC_000013.11:32370991:C:T,BRCA2,0.91179,0.9107,0.79161,0.97356,0.7831,0.65726,0.79785,0.79826,0.68901,0.63252,,0.19896,0.94431,0.91649,0.88247,0.92623,0.99185,0.69695,0.77977,0.90819,,0.52473,0.34762,0.95087,,,,,0.55149,0.0,0.62739,0.8756,0.71708,0.91604,0.68276,0.6113,0.27092,0.51667,,28.3,0.509,0.05
NC_000011.10:108315862:A:G,ATM,0.8381,0.83599,0.95368,0.95501,0.89966,0.78332,0.86189,0.85328,0.75666,0.94098,0.74556,0.58954,0.90238,0.69049,0.98935,0.74146,0.96349,0.90997,0.77977,0.9938,0.93,0.92963,0.62391,0.93323,0.55734,0.60801,0.79959,0.7817,0.9422,0.0,0.79504,0.91435,0.71708,0.85383,0.68276,0.91699,0.84116,0.87474,0.866790425,27.7,0.9844,0.03
NC_000017.11:43106486:A:C,BRCA1,0.91638,0.95972,0.75213,0.42642,0.92966,0.97646,0.85519,0.88358,0.70832,0.9505,0.85974,0.44453,0.99845,0.99832,0.99706,0.96393,0.99726,0.79607,0.98456,0.9938,0.95034,0.99397,0.59766,0.98989,0.96798,0.98023,0.99312,0.99925,0.78841,0.0,0.78883,0.9051,0.71708,0.73295,0.68276,0.64508,0.69047,0.87942,0.873332914,24.5,0.9904,0.16
NC_000017.11:7673763:C:T,TP53,0.96327,0.96267,0.8703,0.98919,0.99992,0.85873,0.83351,0.8702,0.65926,0.94424,0.94745,0.40604,0.98727,0.99872,0.99452,0.96034,0.99978,0.69243,0.90084,0.97127,0.9375,0.72159,0.41482,0.99024,0.95261,0.96216,0.98583,0.99298,0.80702,0.0,0.93073,0.93659,0.71708,0.62577,0.68276,0.86533,0.33616,0.67543,0.735264994,27.0,0.9477,0.0
NC_000011.10:108247028:A:G,ATM,0.55139,0.63075,0.32317,0.96444,0.37051,0.17205,0.75783,0.72135,0.89371,,0.46443,0.15834,0.91785,0.68727,0.60161,0.69152,0.98198,0.36216,0.54858,0.91349,0.77223,0.12774,0.42356,0.65439,0.40895,0.39459,0.39269,0.42115,0.94944,0.0,0.52999,0.34277,0.71708,0.91604,0.68276,0.68425,0.94305,0.78976,0.361962366,32.0,0.1405,0.96
NC_000022.11:28725253:G:A,CHEK2,0.84652,0.92173,0.61759,0.96289,0.91616,0.7615,0.78969,0.82176,0.57158,0.63875,0.96343,0.18377,0.97476,0.95625,0.88807,0.95637,0.99147,0.87439,0.82783,0.9938,0.80072,0.90429,0.60506,0.93912,0.9178,0.8954,0.92212,0.94459,0.80385,2.0,0.59357,0.75835,0.71708,0.61106,0.68276,0.52276,0.50722,0.77169,,33.0,0.8312,0.0
NC_000022.11:28725098:A:G,CHEK2,0.38189,0.77738,0.07354,0.91904,0.77384,0.49453,0.63769,0.57793,0.94261,,0.63494,0.04915,0.92411,0.87758,0.00205,0.89465,0.9793,0.68666,0.20854,0.87184,0.54602,0.4578,0.62118,0.80563,0.69594,0.68823,0.69202,0.65417,0.80385,0.0,0.64831,0.50952,0.71708,0.91604,0.68276,0.74318,0.84116,0.8495,,24.9,0.3158,0.01
NC_000011.10:108335079:G:A,ATM,0.61528,0.68208,0.73681,0.97205,0.73967,0.41526,0.85375,0.82891,0.87665,,0.7028,0.51328,0.98455,0.93578,0.93397,0.92548,0.97016,0.70367,0.67327,0.94846,0.91293,0.75326,0.70891,0.88581,0.59718,0.57356,0.58451,0.67996,0.94119,0.0,0.77954,0.776,0.71708,0.347,0.68276,0.96995,0.76771,0.95187,0.518780748,26.3,0.2818,0.0
NC_000013.11:32363378:A:G,BRCA2,0.95422,0.95354,0.97827,0.77877,0.88621,0.8193,0.84071,0.8714,0.81012,0.90183,,0.19489,0.97296,0.98132,0.90468,0.99524,0.99552,0.89331,0.96221,0.98095,,0.57304,0.30852,0.98265,,,,,0.56708,0.0,0.83291,0.89943,0.71708,0.53489,0.68276,0.92762,0.84116,0.86324,,26.1,0.8863,0.0
NC_000011.10:108316068:G:A,ATM,0.09797,0.40824,0.24851,0.97582,0.47286,0.57318,0.6718,0.66353,0.74415,,0.59977,0.49195,0.97232,0.04657,0.6111,0.37561,0.92583,0.55062,0.67327,0.94202,0.84568,0.54241,0.54126,0.49493,0.64433,0.63918,0.65702,0.70388,0.9422,0.0,0.66795,0.50654,0.71708,0.31285,0.68276,0.75169,0.50722,0.96096,0.2287523739930379,23.6,0.2997,0.01
NC_000016.10:89739478:T:C,FANCA,0.65249,0.64817,0.5737,0.63415,0.90429,0.33167,0.61188,0.62845,0.73155,0.55446,0.47563,,0.95683,0.87257,0.59676,0.87135,0.93214,0.37627,0.76305,0.71705,0.82201,0.64274,0.29046,0.79107,0.33103,0.33104,0.44617,0.44617,0.58047,0.0,0.60198,0.3989,0.71708,0.2087,0.68276,0.58727,0.63024,0.69739,,26.6,0.1142,0.61
NC_000017.11:43067607:C:G,BRCA1,0.85063,0.88979,0.61602,0.6502,0.7531,0.87775,0.83942,0.84125,0.72847,,0.89977,0.2701,0.93284,0.89429,0.80835,0.90791,0.99792,0.75571,0.88628,0.9938,0.90494,0.85952,0.62934,0.94028,0.81104,0.80487,0.90393,0.87784,0.72643,0.0,0.80981,0.73452,0.71708,0.64341,0.68276,0.61806,0.23165,0.6423,,34.0,0.8871,0.74
NC_000022.11:28725259:G:A,CHEK2,0.90918,0.90805,0.97054,0.91046,0.9252,0.89984,0.97991,0.97446,0.94261,0.63875,0.90081,0.18881,0.9922,0.99696,0.91357,0.97125,0.99097,0.96637,0.98911,0.9938,0.93143,0.84912,0.73964,0.98525,0.99662,0.99421,0.99192,0.99152,0.80385,0.0,0.77264,0.85128,0.71708,0.7979,0.68276,0.82098,0.50722,0.95754,,28.4,0.9889,0.0
NC_000022.11:28734531:C:T,CHEK2,0.4575,0.70904,0.05274,0.89643,0.65735,0.35495,0.37201,0.31841,0.52566,0.59319,0.46837,0.01982,0.9676,0.87383,0.26155,0.88488,0.96658,0.13744,0.37687,0.9938,0.21282,0.51339,0.50828,0.54285,0.38816,0.3968,0.38386,0.32011,0.80385,0.0,0.60193,0.21395,0.4147,0.7979,0.68276,0.53136,0.09392,0.60926,,23.4,0.8431,0.0
NC_000011.10:108316102:G:A,ATM,0.76341,0.76032,0.78616,0.77003,0.74972,0.84885,0.87845,0.86713,0.74415,0.85801,0.56581,0.57737,0.93052,0.12704,0.94903,0.00157,0.94265,0.75582,0.7741,0.96289,0.90396,0.72036,0.74614,0.85336,0.68605,0.71054,0.73071,0.73773,0.9422,0.0,0.79741,0.85126,0.71708,0.41751,0.68276,0.94377,0.50722,0.96096,0.6668389566090961,24.3,0.7808,0.0
NC_000017.11:43124043:A:G,BRCA1,0.88654,0.88511,0.43437,0.52448,0.70979,0.80805,0.56113,0.56866,0.43258,,0.75552,0.41843,0.95204,0.85792,0.93286,0.86017,0.99289,0.82662,0.15132,0.9938,0.885,0.83384,0.7935,0.92225,0.77338,0.8228,0.91902,0.89086,0.78199,0.0,0.70363,0.67792,0.71708,0.85383,0.68276,0.58147,0.51913,0.85708,0.215442953,23.3,0.9257,0.0
NC_000022.11:28725011:T:C,CHEK2,0.30459,0.56635,0.28986,0.93473,0.83444,0.71369,0.65426,0.65762,0.89723,,0.40974,0.15881,0.93636,0.90796,0.64113,0.90114,0.97674,0.86066,0.565,0.48977,0.5843,0.75405,0.45675,0.84645,0.85867,0.88394,0.87701,0.84695,0.80385,0.0,0.67167,0.21054,0.71708,0.73295,0.68276,0.68288,0.47871,0.53194,,25.2,0.1926,0.0
NC_000017.11:7675138:C:T,TP53,0.953,0.95231,0.76258,0.35718,0.99987,0.75871,0.44401,0.50372,0.57158,0.83281,0.62498,0.81383,0.99801,0.99792,0.99781,0.96451,0.99939,0.66158,0.58575,0.9938,0.92646,0.81301,0.45547,0.95124,0.76657,0.82129,0.92903,0.93161,0.80547,0.0,0.93545,0.78692,0.71708,0.21197,0.68276,0.86533,0.40338,0.5267,0.373822816,22.9,0.9236,0.0
NC_000011.10:108325415:C:T,ATM,0.92367,0.92273,0.99413,0.97656,0.85512,0.73545,0.84149,0.83996,0.66999,,0.82172,0.59662,0.98107,0.93877,0.99608,0.94436,0.99326,0.90135,0.77977,0.94202,0.95735,0.95591,0.53942,0.95495,0.46376,0.46728,0.81337,0.85686,0.94147,0.0,0.64667,0.82728,0.71708,0.6932,0.68276,0.66075,0.40338,0.46013,0.774983688,29.7,0.5444,0.01
NC_000017.11:7674220:G:A,TP53,0.95299,0.9523,0.93479,0.97582,0.99995,0.90987,0.59589,0.67281,0.29803,0.56547,0.67482,0.40221,0.9838,0.99829,0.99767,0.96963,0.99989,0.6007,0.90084,0.9938,0.94596,0.96021,0.75516,0.98227,0.99616,0.98873,0.9664,0.98053,0.80638,2.0,0.76775,0.91345,0.71708,0.41751,0.68276,0.27338,0.70199,0.60926,0.940569945,29.2,0.9968,0.0
NC_000013.11:32394802:A:T,BRCA2,0.827,0.8334,0.83797,0.54103,0.86585,0.8932,0.88567,0.86838,0.94754,0.92297,,0.19463,0.97545,0.95063,0.96017,0.95565,0.99552,0.83853,0.83124,0.94202,,0.56172,0.35749,0.94525,,,,,0.46707,0.0,0.61822,0.75808,0.71708,0.73295,0.68276,0.70864,0.94305,0.89649,,26.0,0.912,0.0
NC_000011.10:108244999:C:T,ATM,0.77545,0.86861,0.8791,0.94738,0.61763,0.32527,0.89151,0.87404,0.69992,0.67611,0.80173,0.54122,0.95778,0.80632,0.93738,0.82627,0.99009,0.79404,0.71709,0.95536,0.9027,0.89776,0.46193,0.91466,0.55865,0.53679,0.65123,0.66499,0.94944,0.0,0.70121,0.72663,0.71708,0.85383,0.68276,0.78481,0.40338,0.6062,0.60479212,27.4,0.5691,0.0
NC_000017.11:43063902:G:T,BRCA1,0.85578,0.9279,0.489,0.62718,0.74963,0.93343,0.93659,0.91344,0.93054,,0.92463,0.45704,0.96781,0.94637,0.86323,0.94974,0.99894,0.80748,0.88016,0.9938,0.97391,0.72509,0.72834,0.94637,0.92792,0.93489,0.94625,0.98817,0.72295,0.0,0.75301,0.94427,0.71708,0.76054,0.68276,0.72014,0.33616,0.95801,0.867504794,25.5,0.9712,0.15
NC_000017.11:43045772:C:T,BRCA1,0.94282,0.94203,0.66234,0.95901,0.72472,0.58249,0.83847,0.82729,0.75361,0.91159,0.87643,0.43293,0.99486,0.96396,0.87759,0.96412,0.99894,0.63667,0.66633,0.98095,0.88767,0.53282,0.43493,0.9138,0.44516,0.45007,0.67689,0.7239,0.81664,0.0,0.68185,0.67861,0.71708,0.52192,0.68276,0.58309,0.40338,0.64564,0.827356645,25.5,0.6595,0.0
NC_000022.11:28725069:C:T,CHEK2,0.91769,0.96187,0.89085,0.99735,0.93079,0.64552,0.97137,0.96637,0.94261,0.63875,0.91026,0.19019,0.98687,0.99615,0.94636,0.97424,0.99281,0.98224,0.98895,0.9938,0.9629,0.9565,0.85185,0.99221,0.9948,0.9972,0.99709,0.99574,0.80385,0.0,0.68123,0.89385,0.71708,0.85383,0.68276,0.6775,0.27092,0.60134,,29.6,0.9959,0.0
NC_000017.11:7673801:C:T,TP53,0.93879,0.95077,0.56143,0.91732,0.99987,0.86685,0.57266,0.60286,0.64131,0.94424,0.60025,0.28689,0.99672,0.99806,0.84134,0.96226,0.99978,0.73412,0.57226,0.9938,0.91518,0.80544,0.64249,0.96012,0.78792,0.78528,0.78088,0.87501,0.80702,0.0,0.91586,0.79131,0.71708,0.58237,0.68276,0.86533,0.33616,0.67543,0.385441336,24.4,0.9889,0.01
NC_000017.11:58696701:G:C,RAD51C,0.82876,0.82655,0.67472,0.22085,0.741,0.65592,0.52504,0.57618,0.29887,0.41847,0.95181,0.69329,0.83462,0.67797,0.76793,0.67183,0.99289,0.77787,0.94652,0.89772,0.72475,0.69395,0.71483,0.83666,0.81018,0.81764,0.81674,0.81226,0.71492,2.0,0.53102,0.81769,0.71708,0.40679,0.68276,0.47449,0.14427,0.36288,0.705865513,23.3,0.5004,0.01
NC_000016.10:23621361:C:G,PALB2,0.67236,0.66824,0.96261,0.3247,0.72833,0.92071,0.79129,0.79287,0.75048,,0.5293,0.41441,0.75503,0.62556,0.88407,0.62655,0.99561,0.89802,0.57551,,0.84015,0.99721,0.68284,0.76028,0.96498,0.96498,0.98928,0.98928,0.83072,0.0,0.67503,0.79588,0.71708,0.6782,0.68276,0.61901,0.40338,0.6298,,34.0,0.9387,0.28
NC_000017.11:43067609:G:C,BRCA1,0.90394,0.90275,0.74951,0.68062,0.76067,0.61033,0.85058,0.84448,0.72847,,0.85737,0.15474,0.94961,0.89429,0.8695,0.90791,0.99835,0.92822,0.88628,,0.89052,0.81627,0.76659,0.949,0.85463,0.90104,0.96228,0.96762,0.72643,0.0,0.75493,0.79897,0.71708,0.61106,0.68276,0.70508,0.28958,0.96859,0.854110802,24.7,0.9075,0.28
