SPDI,Gene,y,p_SVM_RBF,vote_SVM_RBF,p_ENET_LR,vote_ENET_LR,p_EXTRA_TREES,vote_EXTRA_TREES,p_HIST_GB,vote_HIST_GB,V,vote_vector,Mean4,S_MAC,n_observed_panel,panel_size,complete_flag,directional_descriptor,partition
NC_000010.11:87894083:A:G,PTEN,1,0.9954343252726324,1.0,0.9933078852485111,1.0,0.999999984562914,1.0,0.9954292939694874,1.0,4.0,1111,0.9960428722633863,0.9978338559645673,25,25,1,Unanimous LP/P-directed,cv_r1f1
NC_000010.11:87925528:C:G,PTEN,1,0.9929567900392867,1.0,0.9920489641385641,1.0,0.999999984562914,1.0,0.994941744478663,1.0,4.0,1111,0.9949868708048569,0.9971853955689107,25,25,1,Unanimous LP/P-directed,cv_r1f1
NC_000010.11:87925549:T:C,PTEN,1,0.9944797627730091,1.0,0.9919660477277801,1.0,0.999999984562914,1.0,0.994508954481916,1.0,4.0,1111,0.9952386873864048,0.9973415150244335,25,25,1,Unanimous LP/P-directed,cv_r1f1
NC_000010.11:87933036:A:G,PTEN,1,0.9965423381421034,1.0,0.995468237046516,1.0,0.999999984562914,1.0,0.9953210251277266,1.0,4.0,1111,0.9968328962198151,0.9983070235073617,25,25,1,Unanimous LP/P-directed,cv_r1f1
NC_000010.11:87933120:C:G,PTEN,1,0.9918993732464768,1.0,0.9866265115557108,1.0,0.992558784930215,1.0,0.9906283668594967,1.0,4.0,1111,0.9904282591479748,0.9942366290395784,25,25,1,Unanimous LP/P-directed,cv_r1f1
NC_000010.11:87933161:A:G,PTEN,1,0.9730223053702883,1.0,0.9992960780808967,1.0,0.9235392819656106,1.0,0.9736340302132479,1.0,4.0,1111,0.967372923907511,0.9774559126495577,25,25,1,Unanimous LP/P-directed,cv_r1f1
NC_000010.11:87952141:C:T,PTEN,1,0.9909073223297675,1.0,0.9926194161187888,1.0,0.999999984562914,1.0,0.9945233570519165,1.0,4.0,1111,0.9945125200158468,0.9968890052814305,25,25,1,Unanimous LP/P-directed,cv_r1f1
NC_000011.10:108301697:C:T,ATM,1,0.946154677498825,1.0,0.8993401554670525,1.0,0.8951803655470651,1.0,0.9284543782924373,1.0,4.0,1111,0.9172823942013449,0.936008443139675,25,25,1,Unanimous LP/P-directed,cv_r1f1
NC_000011.10:108315862:A:G,ATM,1,0.9972717900317779,1.0,0.9923401060174605,1.0,0.9816589543346709,1.0,0.9944846307621256,1.0,4.0,1111,0.9914388702865087,0.9949074226947702,25,25,1,Unanimous LP/P-directed,cv_r1f1
NC_000011.10:108365358:C:T,ATM,1,0.9723558615927166,1.0,0.9856065858862784,1.0,0.9074500436468782,1.0,0.972430326980676,1.0,4.0,1111,0.9594607045266373,0.9712655673705904,25,25,1,Unanimous LP/P-directed,cv_r1f1
NC_000013.11:32346895:G:A,BRCA2,1,0.9600116756180115,1.0,0.8932611440426931,1.0,0.7299422531490946,1.0,0.9675467405212244,1.0,4.0,1111,0.8876904533327559,0.9095982363269853,22,25,1,Unanimous LP/P-directed,cv_r1f1
NC_000015.10:90763097:A:G,BLM,1,0.9974473285228805,1.0,0.9989287305389624,1.0,0.999999984562914,1.0,0.9941096285316182,1.0,4.0,1111,0.9976214180390938,0.998766652044813,25,25,1,Unanimous LP/P-directed,cv_r1f1
NC_000016.10:89746889:T:C,FANCA,1,0.7185847350858521,1.0,0.695417367345726,1.0,0.6786015248624847,1.0,0.9284666447438552,1.0,4.0,1111,0.7552675680094796,0.7806816837348037,25,25,1,Unanimous LP/P-directed,cv_r1f1
NC_000016.10:89761948:C:T,FANCA,1,0.9374233811623724,1.0,0.9215425505180598,1.0,0.7301155134752662,1.0,0.851871344912908,1.0,4.0,1111,0.8602381975171516,0.884158558661092,23,25,1,Unanimous LP/P-directed,cv_r1f1
NC_000017.11:7673786:G:A,TP53,1,0.9956222994206425,1.0,0.9908515494892547,1.0,0.9997942829462012,1.0,0.9951448571301872,1.0,4.0,1111,0.9953532472465714,0.9974122442542146,25,25,1,Unanimous LP/P-directed,cv_r1f1
NC_000017.11:7673792:G:C,TP53,1,0.982397819868785,1.0,0.972485678485883,1.0,0.9981327065242236,1.0,0.9912566839703586,1.0,4.0,1111,0.9860682222123125,0.9912581405437245,25,25,1,Unanimous LP/P-directed,cv_r1f1
NC_000017.11:7673801:C:T,TP53,1,0.984415154509202,1.0,0.9627449178432926,1.0,0.9932400950150881,1.0,0.9923552222764517,1.0,4.0,1111,0.9831888474110086,0.9892287652934363,25,25,1,Unanimous LP/P-directed,cv_r1f1
NC_000017.11:7673805:C:T,TP53,1,0.9858867025074454,1.0,0.9528558713200489,1.0,0.993814987728872,1.0,0.9924732439880616,1.0,4.0,1111,0.981257701386107,0.987844321779534,25,25,1,Unanimous LP/P-directed,cv_r1f1
NC_000017.11:7674190:C:T,TP53,1,0.9957722027122582,1.0,0.9963269292533139,1.0,0.999999984562914,1.0,0.9952493389447381,1.0,4.0,1111,0.9968371138683061,0.9983095180215752,25,25,1,Unanimous LP/P-directed,cv_r1f1
NC_000017.11:7674219:C:G,TP53,1,0.9958360761446485,1.0,0.9958750259887088,1.0,0.999999984562914,1.0,0.9953755609127649,1.0,4.0,1111,0.996771661902259,0.9982707665299347,25,25,1,Unanimous LP/P-directed,cv_r1f1
NC_000017.11:7674219:C:A,TP53,1,0.9966535214947758,1.0,0.9939326270697133,1.0,0.999999984562914,1.0,0.995452290371429,1.0,4.0,1111,0.9965096058747079,0.9981147781731261,25,25,1,Unanimous LP/P-directed,cv_r1f1
NC_000017.11:7674228:C:T,TP53,1,0.9921487859778114,1.0,0.9908477268714012,1.0,0.999999984562914,1.0,0.995389678393795,1.0,4.0,1111,0.9945965439514803,0.9969417180918985,25,25,1,Unanimous LP/P-directed,cv_r1f1
NC_000017.11:7674229:C:T,TP53,1,0.9925175760911418,1.0,0.9672585669207794,1.0,0.9988530770971307,1.0,0.9951686508138352,1.0,4.0,1111,0.9884494677307218,0.9929005790579477,25,25,1,Unanimous LP/P-directed,cv_r1f1
NC_000017.11:7674237:C:T,TP53,1,0.9929176142297902,1.0,0.9948480856406103,1.0,0.999999984562914,1.0,0.9945064066429717,1.0,4.0,1111,0.9955680227690715,0.997544331989171,25,25,1,Unanimous LP/P-directed,cv_r1f1
NC_000017.11:7674240:G:C,TP53,1,0.9938202124216873,1.0,0.9888655749732949,1.0,0.9987524771282876,1.0,0.99456421403393,1.0,4.0,1111,0.9940006196393,0.9965659902846519,24,25,1,Unanimous LP/P-directed,cv_r1f1
NC_000017.11:7674240:G:A,TP53,1,0.9959475729214103,1.0,0.9941613874294902,1.0,0.999999984562914,1.0,0.9950825222232345,1.0,4.0,1111,0.9962978667842622,0.997987808036042,25,25,1,Unanimous LP/P-directed,cv_r1f1
NC_000017.11:7674262:A:C,TP53,1,0.9975139605335183,1.0,0.9960999780400689,1.0,0.999999984562914,1.0,0.9951317051240539,1.0,4.0,1111,0.9971864070651388,0.9985148201791646,25,25,1,Unanimous LP/P-directed,cv_r1f1
NC_000017.11:7675138:C:T,TP53,1,0.9825931582586123,1.0,0.9729071621955407,1.0,0.9967972095106701,1.0,0.990361267233495,1.0,4.0,1111,0.9856646992995794,0.9909764456546362,25,25,1,Unanimous LP/P-directed,cv_r1f1
NC_000017.11:7675189:C:T,TP53,1,0.9925910210080017,1.0,0.9896673081075268,1.0,0.999696244424566,1.0,0.9946479329079447,1.0,4.0,1111,0.9941506266120098,0.9966609721461902,25,25,1,Unanimous LP/P-directed,cv_r1f1
NC_000017.11:7675199:C:G,TP53,1,0.9801703704708066,1.0,0.9751048580078221,1.0,0.9997942829462012,1.0,0.9947144636816015,1.0,4.0,1111,0.9874459937766079,0.992212744852829,25,25,1,Unanimous LP/P-directed,cv_r1f1
NC_000017.11:35103500:G:A,RAD51D,1,0.9553998811358063,1.0,0.6139484039318642,1.0,0.9120399275605674,1.0,0.9677294399667912,1.0,4.0,1111,0.8622794131487573,0.8860777428408406,24,25,1,Unanimous LP/P-directed,cv_r1f1
NC_000017.11:43045760:A:G,BRCA1,1,0.9970122296852731,1.0,0.9955636118422253,1.0,0.999999984562914,1.0,0.9954434686785908,1.0,4.0,1111,0.9970048236922509,0.9984084143407357,25,25,1,Unanimous LP/P-directed,cv_r1f1
NC_000017.11:43051070:A:T,BRCA1,1,0.9900849389792749,1.0,0.9864241212257148,1.0,0.9984910826292155,1.0,0.9920405777272917,1.0,4.0,1111,0.9917601801403741,0.9951188897067729,25,25,1,Unanimous LP/P-directed,cv_r1f1
NC_000017.11:43051097:A:C,BRCA1,1,0.996539276134002,1.0,0.9951157658180001,1.0,0.9968153752607442,1.0,0.9940151241287918,1.0,4.0,1111,0.9956213853353845,0.997577043526153,25,25,1,Unanimous LP/P-directed,cv_r1f1
NC_000017.11:43057121:A:G,BRCA1,1,0.9687476306178233,1.0,0.9753156914466832,1.0,0.9843375757819146,1.0,0.9791230676556566,1.0,4.0,1111,0.9768809913755194,0.9846459862643008,25,25,1,Unanimous LP/P-directed,cv_r1f1
NC_000017.11:43063880:G:C,BRCA1,1,0.9898288680162303,1.0,0.991537389128747,1.0,0.9945514485119905,1.0,0.9881320859578224,1.0,4.0,1111,0.9910124479036976,0.994625409229364,25,25,1,Unanimous LP/P-directed,cv_r1f1
NC_000017.11:43063930:G:A,BRCA1,1,0.9946234350630383,1.0,0.9945096700205261,1.0,0.9905206045635004,1.0,0.9921770145266205,1.0,4.0,1111,0.9929576810434213,0.9958986721419814,25,25,1,Unanimous LP/P-directed,cv_r1f1
NC_000017.11:43063936:A:G,BRCA1,1,0.9735733078106642,1.0,0.9595249795777866,1.0,0.999999984562914,1.0,0.9941037306967163,1.0,4.0,1111,0.9818005006620203,0.9882352263333378,25,25,1,Unanimous LP/P-directed,cv_r1f1
NC_000017.11:43076487:C:A,BRCA1,1,0.9870190572491564,1.0,0.979620783795722,1.0,0.8795420645302421,1.0,0.972926343658829,1.0,4.0,1111,0.9547770623084874,0.9675258330214566,24,25,1,Unanimous LP/P-directed,cv_r1f1
NC_000017.11:43124043:A:G,BRCA1,1,0.936747786568173,1.0,0.9651910411919282,1.0,0.9848401682275313,1.0,0.9803790848340393,1.0,4.0,1111,0.966789520205418,0.9770053825366993,25,25,1,Unanimous LP/P-directed,cv_r1f1
NC_000019.10:1220487:G:A,STK11,1,0.9897577504370302,1.0,0.9886345091324308,1.0,0.9950507949791423,1.0,0.9910564723863756,1.0,4.0,1111,0.9911248817337448,0.9946999154322742,25,25,1,Unanimous LP/P-directed,cv_r1f1
NC_000022.11:28725069:C:T,CHEK2,1,0.9775088308778431,1.0,0.9669424402756395,1.0,0.9984392611914112,1.0,0.9869254772503121,1.0,4.0,1111,0.9824540023988014,0.9887040385243229,24,25,1,Unanimous LP/P-directed,cv_r1f1
NC_000010.11:87864333:G:C,PTEN,1,,,,,,,,,,,,,2,25,0,,cv_r1f1
NC_000010.11:87864484:A:G,PTEN,1,0.9942935336921735,1.0,0.99007349212913,1.0,0.9919893244222604,1.0,0.9838313802211048,1.0,4.0,1111,0.9900469326161672,0.9939814022550252,25,25,1,Unanimous LP/P-directed,cv_r1f1
NC_000010.11:87864503:A:T,PTEN,1,0.9781640471458202,1.0,0.9554877187771705,1.0,0.9539101587332984,1.0,0.9293548192998409,1.0,4.0,1111,0.9542291859890325,0.9670849959653738,25,25,1,Unanimous LP/P-directed,cv_r1f1
NC_000010.11:87864513:A:C,PTEN,1,0.992348011456352,1.0,0.9916884412175987,1.0,0.999893998615276,1.0,0.9925899885948927,1.0,4.0,1111,0.9941301099710298,0.9966479970022624,25,25,1,Unanimous LP/P-directed,cv_r1f1
NC_000010.11:87864513:A:T,PTEN,1,0.9921514318892364,1.0,0.9915285114857907,1.0,0.999893998615276,1.0,0.9925899885948927,1.0,4.0,1111,0.9940409826462989,0.9965915734020977,25,25,1,Unanimous LP/P-directed,cv_r1f1
NC_000010.11:87864538:G:T,PTEN,1,0.9953352485145174,1.0,0.9953821558494462,1.0,0.999999984562914,1.0,0.9954647473065068,1.0,4.0,1111,0.996545534058346,0.9981362414626674,25,25,1,Unanimous LP/P-directed,cv_r1f1
NC_000010.11:87894049:GG:AC,PTEN,1,,,,,,,,,,,,,0,25,0,,cv_r1f1
NC_000010.11:87894057:C:G,PTEN,1,0.996824548033026,1.0,0.9985202495353136,1.0,0.999999984562914,1.0,0.9951210655906162,1.0,4.0,1111,0.9976164619304674,0.9987638090803276,25,25,1,Unanimous LP/P-directed,cv_r1f1
NC_000010.11:87894102:T:C,PTEN,1,0.9959947278914527,1.0,0.9970690498768238,1.0,0.9994100295367528,1.0,0.9922062359585433,1.0,4.0,1111,0.9961700108158932,0.9979107542736653,25,25,1,Unanimous LP/P-directed,cv_r1f1
NC_000010.11:87933032:G:T,PTEN,1,0.9968264541268277,1.0,0.9984797250607896,1.0,0.999999984562914,1.0,0.9954566042746344,1.0,4.0,1111,0.9976906920062916,0.9988063225822316,25,25,1,Unanimous LP/P-directed,cv_r1f1
NC_000010.11:87933033:A:G,PTEN,1,0.9979113236376264,1.0,0.9982162331432218,1.0,0.999999984562914,1.0,0.9954505387557306,1.0,4.0,1111,0.9978945200248732,0.9989222957573067,25,25,1,Unanimous LP/P-directed,cv_r1f1
NC_000010.11:87933036:A:C,PTEN,1,0.9956478965478037,1.0,0.9946948614517389,1.0,0.999999984562914,1.0,0.9949425619140453,1.0,4.0,1111,0.9963213261191255,0.9980019150875856,25,25,1,Unanimous LP/P-directed,cv_r1f1
NC_000010.11:87933042:C:T,PTEN,1,0.996050451000995,1.0,0.9937207146874847,1.0,0.999999984562914,1.0,0.9948199568020891,1.0,4.0,1111,0.9961477767633707,0.9978973259573904,25,25,1,Unanimous LP/P-directed,cv_r1f1
NC_000010.11:87933045:C:A,PTEN,1,0.9960397244254026,1.0,0.9942458704971255,1.0,0.999999984562914,1.0,0.9954227093549202,1.0,4.0,1111,0.9964270722100905,0.9980653829055863,25,25,1,Unanimous LP/P-directed,cv_r1f1
NC_000010.11:87933056:C:T,PTEN,1,0.9831229414459074,1.0,0.980714355546067,1.0,0.9732934992462355,1.0,0.9715759116899971,1.0,4.0,1111,0.9771766769820518,0.9848645123704635,25,25,1,Unanimous LP/P-directed,cv_r1f1
NC_000010.11:87933060:T:A,PTEN,1,0.9946858910285882,1.0,0.9901062122204239,1.0,0.999999984562914,1.0,0.9949242178342959,1.0,4.0,1111,0.9949290764115555,0.9971494420322504,25,25,1,Unanimous LP/P-directed,cv_r1f1
NC_000010.11:87933060:T:C,PTEN,1,0.9948601196815134,1.0,0.9906703470956147,1.0,0.999999984562914,1.0,0.9948699547711768,1.0,4.0,1111,0.9951001015278048,0.9972557041123652,25,25,1,Unanimous LP/P-directed,cv_r1f1
NC_000010.11:87933071:T:G,PTEN,1,0.9948232499074564,1.0,0.990925504575528,1.0,0.999999984562914,1.0,0.9953182980212218,1.0,4.0,1111,0.9952667592667801,0.9973588639341797,25,25,1,Unanimous LP/P-directed,cv_r1f1
NC_000010.11:87933077:G:T,PTEN,1,0.9961024313738127,1.0,0.9963130671944488,1.0,0.999999984562914,1.0,0.9952626404439449,1.0,4.0,1111,0.99691953089378,0.9983581908054625,25,25,1,Unanimous LP/P-directed,cv_r1f1
NC_000010.11:87933081:T:C,PTEN,1,0.9929076317611554,1.0,0.9894485303026854,1.0,0.999893998615276,1.0,0.9921637005511585,1.0,4.0,1111,0.9936034653075688,0.9963132704974172,25,25,1,Unanimous LP/P-directed,cv_r1f1
NC_000010.11:87933113:G:T,PTEN,1,0.9961903116603358,1.0,0.9959800830697936,1.0,0.999999984562914,1.0,0.9948757126437452,1.0,4.0,1111,0.9967615229841971,0.9982647560550129,25,25,1,Unanimous LP/P-directed,cv_r1f1
NC_000010.11:87933119:G:A,PTEN,1,0.9826331109305775,1.0,0.9352826304995251,1.0,0.9961916776564963,1.0,0.9702792400591197,1.0,4.0,1111,0.9710966647864296,0.9803073580835848,25,25,1,Unanimous LP/P-directed,cv_r1f1
NC_000010.11:87933144:G:T,PTEN,1,0.969183524235917,1.0,0.9999639082891634,1.0,0.999999984562914,1.0,0.99448632711099,1.0,4.0,1111,0.9909084360497461,0.994556390956206,25,25,1,Unanimous LP/P-directed,cv_r1f1
NC_000010.11:87933147:G:C,PTEN,1,0.9948446899662164,1.0,0.9956734501209868,1.0,0.999999984562914,1.0,0.9950613094328727,1.0,4.0,1111,0.9963948585207476,0.9980460697946503,25,25,1,Unanimous LP/P-directed,cv_r1f1
NC_000010.11:87933147:G:T,PTEN,1,0.9952233103714176,1.0,0.9958229853261612,1.0,0.999999984562914,1.0,0.9950655011297366,1.0,4.0,1111,0.9965279453475574,0.9981257370668534,25,25,1,Unanimous LP/P-directed,cv_r1f1
NC_000010.11:87933160:G:C,PTEN,1,0.9966585411697474,1.0,0.9961764741223111,1.0,0.9997942829462012,1.0,0.9946779819046313,1.0,4.0,1111,0.9968268200357228,0.9983034291388087,25,25,1,Unanimous LP/P-directed,cv_r1f1
NC_000010.11:87933160:G:T,PTEN,1,0.9966468728707497,1.0,0.9961584113841063,1.0,0.9997942829462012,1.0,0.9946779819046313,1.0,4.0,1111,0.996819387276422,0.9982990312786634,25,25,1,Unanimous LP/P-directed,cv_r1f1
NC_000010.11:87933166:T:G,PTEN,1,0.9863194070546212,1.0,0.9849884980781596,1.0,0.999999984562914,1.0,0.9945805354673364,1.0,4.0,1111,0.9914721062907577,0.9949293383368307,25,25,1,Unanimous LP/P-directed,cv_r1f1
NC_000010.11:87933233:A:G,PTEN,1,0.9946946221118004,1.0,0.9928689680521519,1.0,0.999999984562914,1.0,0.9950549917388511,1.0,4.0,1111,0.9956546416164292,0.9975974079151038,25,25,1,Unanimous LP/P-directed,cv_r1f1
NC_000010.11:87933237:C:T,PTEN,1,0.9951695610441695,1.0,0.9929876657252464,1.0,0.999999984562914,1.0,0.9948825216721792,1.0,4.0,1111,0.9957599332511272,0.9976617706882055,25,25,1,Unanimous LP/P-directed,cv_r1f1
NC_000010.11:87952135:C:A,PTEN,1,0.991612626514521,1.0,0.99164031862878,1.0,0.999999984562914,1.0,0.9945274020072958,1.0,4.0,1111,0.9944450829283777,0.9968466342147849,25,25,1,Unanimous LP/P-directed,cv_r1f1
NC_000010.11:87952135:C:G,PTEN,1,0.990062114793725,1.0,0.9864462286295278,1.0,0.9994100295367528,1.0,0.9934698590034216,1.0,4.0,1111,0.9923470579908568,0.995502746971061,25,25,1,Unanimous LP/P-directed,cv_r1f1
NC_000010.11:87952222:T:G,PTEN,1,0.8925958316142887,1.0,0.829843733690691,1.0,0.9294254723511584,1.0,0.970710389657813,1.0,4.0,1111,0.9056438568284878,0.9257601190503202,25,25,1,Unanimous LP/P-directed,cv_r1f1
NC_000010.11:87960906:A:C,PTEN,1,0.9939671111274647,1.0,0.9826336387600779,1.0,0.9997942829462012,1.0,0.9911947730193108,1.0,4.0,1111,0.9918974514632637,0.9952089555240313,25,25,1,Unanimous LP/P-directed,cv_r1f1
NC_000010.11:87961038:T:C,PTEN,1,0.9426350125266352,1.0,0.8776834708848659,1.0,0.9099739924445622,1.0,0.8638020775856844,1.0,4.0,1111,0.8985236383604369,0.9193992848491275,25,25,1,Unanimous LP/P-directed,cv_r1f1
NC_000010.11:87961068:A:G,PTEN,1,0.9941855843315589,1.0,0.9884277267384832,1.0,0.999999984562914,1.0,0.9952725428366107,1.0,4.0,1111,0.9944714596173917,0.9968632135753402,25,25,1,Unanimous LP/P-directed,cv_r1f1
NC_000011.10:108235833:G:C,ATM,1,0.9734351666497837,1.0,0.8348685871002106,1.0,0.8981219208057403,1.0,0.9363989971499821,1.0,4.0,1111,0.9107061679264292,0.9302411863017797,24,25,1,Unanimous LP/P-directed,cv_r1f1
NC_000011.10:108249101:G:C,ATM,1,0.9798458785601535,1.0,0.9998329415802106,1.0,0.9276697123330556,1.0,0.9899682798315838,1.0,4.0,1111,0.9743292030762509,0.9827464848137725,24,25,1,Unanimous LP/P-directed,cv_r1f1
NC_000011.10:108272531:G:T,ATM,1,0.9607324570003033,1.0,0.9698369445890181,1.0,0.7014948544479995,1.0,0.6192999406092133,1.0,4.0,1111,0.8128410491616336,0.838505437993913,24,25,1,Unanimous LP/P-directed,cv_r1f1
NC_000011.10:108284327:T:C,ATM,1,0.9794784327802064,1.0,0.9870447829803873,1.0,0.944116729003074,1.0,0.9642804288571756,1.0,4.0,1111,0.9687300934052109,0.9785000826154514,25,25,1,Unanimous LP/P-directed,cv_r1f1
NC_000011.10:108297381:G:A,ATM,1,0.9938012554838633,1.0,0.9961662781900547,1.0,0.879142357758634,1.0,0.9775513920773522,1.0,4.0,1111,0.9616653208774761,0.9730071965734779,24,25,1,Unanimous LP/P-directed,cv_r1f1
NC_000011.10:108310221:C:T,ATM,1,0.9748344069464182,1.0,0.9514022844379786,1.0,0.9707574386731864,1.0,0.9736537996205197,1.0,4.0,1111,0.9676619824195257,0.9776787664389772,25,25,1,Unanimous LP/P-directed,cv_r1f1
NC_000011.10:108317411:T:G,ATM,1,0.9786046628713904,1.0,0.9907907091538192,1.0,0.9377799233323975,1.0,0.9625908823023834,1.0,4.0,1111,0.9674415444149975,0.9775088389131569,25,25,1,Unanimous LP/P-directed,cv_r1f1
NC_000011.10:108332847:TG:GC,ATM,1,,,,,,,,,,,,,0,25,0,,cv_r1f1
NC_000011.10:108335079:G:C,ATM,1,0.985624780709511,1.0,0.9795482120421042,1.0,0.9997942829462012,1.0,0.9923893583433148,1.0,4.0,1111,0.9893391585102828,0.9935047800131278,25,25,1,Unanimous LP/P-directed,cv_r1f1
NC_000011.10:108343246:G:C,ATM,1,0.9882174463022179,1.0,0.9867563355182435,1.0,0.9995744490779328,1.0,0.9937653792744792,1.0,4.0,1111,0.9920784025432183,0.9953274204075344,25,25,1,Unanimous LP/P-directed,cv_r1f1
NC_000011.10:108343246:G:T,ATM,1,0.9908659705454387,1.0,0.9922382144887085,1.0,0.999999984562914,1.0,0.99483011779455,1.0,4.0,1111,0.9944835718479027,0.9968708239501773,25,25,1,Unanimous LP/P-directed,cv_r1f1
NC_000011.10:108345887:G:T,ATM,1,0.9938840277876779,1.0,0.9927789773688724,1.0,0.999999984562914,1.0,0.9952170842112407,1.0,4.0,1111,0.9954700184826764,0.9974841434611483,25,25,1,Unanimous LP/P-directed,cv_r1f1
NC_000013.11:32326612:G:A,BRCA2,1,0.9781220591656836,1.0,0.8503271151257812,1.0,0.9259896154297517,1.0,0.9371236830846766,1.0,4.0,1111,0.9228906182014732,0.9408762596179016,22,25,1,Unanimous LP/P-directed,cv_r1f1
NC_000013.11:32341195:G:T,BRCA2,1,,,,,,,,,,,,,11,25,0,,cv_r1f1
NC_000013.11:32346895:G:T,BRCA2,1,0.9586407709464845,1.0,0.9065622287740436,1.0,0.7845988684332232,1.0,0.97467618187867,1.0,4.0,1111,0.9061195125081054,0.9261826518148201,22,25,1,Unanimous LP/P-directed,cv_r1f1
NC_000013.11:32357910:G:A,BRCA2,1,0.9892304376214083,1.0,0.9505958306088154,1.0,0.9743418844787942,1.0,0.965616580917426,1.0,4.0,1111,0.969946183406611,0.9794309615805236,22,25,1,Unanimous LP/P-directed,cv_r1f1
NC_000013.11:32362542:G:A,BRCA2,1,0.9740305169829332,1.0,0.8745219427655231,1.0,0.9770977037130798,1.0,0.96201495657221,1.0,4.0,1111,0.9469162800084365,0.9611375062632164,22,25,1,Unanimous LP/P-directed,cv_r1f1
NC_000013.11:32362691:A:G,BRCA2,1,0.9968112187728747,1.0,0.9979561230265639,1.0,0.9954312449939811,1.0,0.9921322759378388,1.0,4.0,1111,0.9955827156828145,0.997553343120405,22,25,1,Unanimous LP/P-directed,cv_r1f1
NC_000013.11:32363189:A:T,BRCA2,1,0.9936228658945936,1.0,0.9612175503805854,1.0,0.9958660676293586,1.0,0.9887890220530424,1.0,4.0,1111,0.984873876489395,0.9904217444743416,22,25,1,Unanimous LP/P-directed,cv_r1f1
NC_000013.11:32363377:T:A,BRCA2,1,0.9758619703115038,1.0,0.9068214954843787,1.0,0.985874425188491,1.0,0.9245566431163103,1.0,4.0,1111,0.9482786335251709,0.9622541315860355,22,25,1,Unanimous LP/P-directed,cv_r1f1
NC_000013.11:32370431:T:C,BRCA2,1,0.9877293700113982,1.0,0.9447739054211499,1.0,0.9911483954899638,1.0,0.9858607150020664,1.0,4.0,1111,0.9773780964811445,0.9850131773356288,22,25,1,Unanimous LP/P-directed,cv_r1f1
NC_000013.11:32370555:A:C,BRCA2,1,0.9716719341871111,1.0,0.9506436570760852,1.0,0.7929562688129491,1.0,0.9204969520343882,1.0,4.0,1111,0.9089422030276334,0.9286837615522552,22,25,1,Unanimous LP/P-directed,cv_r1f1
NC_000013.11:32371099:G:A,BRCA2,1,0.9891352055481746,1.0,0.9779744334682424,1.0,0.9413115653977342,1.0,0.9854936947656904,1.0,4.0,1111,0.9734787247949603,0.9821081957420262,22,25,1,Unanimous LP/P-directed,cv_r1f1
NC_000013.11:32380114:G:C,BRCA2,1,0.9890826754419075,1.0,0.9452130921134541,1.0,0.9995744490779328,1.0,0.99276412609144,1.0,4.0,1111,0.9816585856811836,0.9881331548977413,22,25,1,Unanimous LP/P-directed,cv_r1f1
NC_000013.11:32380115:G:A,BRCA2,1,0.9930098737108621,1.0,0.9647301205982777,1.0,0.999999984562914,1.0,0.9935229711661319,1.0,4.0,1111,0.9878157375095464,0.9924669437544011,22,25,1,Unanimous LP/P-directed,cv_r1f1
NC_000013.11:32394802:A:T,BRCA2,1,0.9502808297971567,1.0,0.8167689922369459,1.0,0.9844839375272082,1.0,0.9470441943692017,1.0,4.0,1111,0.9246444884826281,0.9423886330072048,22,25,1,Unanimous LP/P-directed,cv_r1f1
NC_000013.11:32394804:C:T,BRCA2,1,0.5899821307721776,0.0,0.5473091903300339,1.0,0.558901903361348,1.0,0.1379012329671168,0.0,2.0,0110,0.4585236143576691,0.4602874849866426,22,25,1,Mixed votes,cv_r1f1
NC_000015.10:90794337:A:T,BLM,1,0.994870686686507,1.0,0.9970653166093034,1.0,0.9989124647937455,1.0,0.9921878373586881,1.0,4.0,1111,0.9957590763620611,0.9976612475832262,25,25,1,Unanimous LP/P-directed,cv_r1f1
NC_000016.10:23641154:C:T,PALB2,1,0.9526997700846191,1.0,0.9406123537630937,1.0,0.9533444572521133,1.0,0.9693916556299598,1.0,4.0,1111,0.9540120591824466,0.9669100997491489,21,25,1,Unanimous LP/P-directed,cv_r1f1
NC_000016.10:23641156:T:C,PALB2,1,0.8674772857270722,1.0,0.7725281966878731,1.0,0.9276914683860129,1.0,0.9341468179415144,1.0,4.0,1111,0.8754609421856181,0.8983669985479659,21,25,1,Unanimous LP/P-directed,cv_r1f1
NC_000016.10:68810268:G:T,CDH1,1,0.9936497394448448,1.0,0.9982193618065577,1.0,0.9992879758249621,1.0,0.9926437231386825,1.0,4.0,1111,0.9959502000537618,0.9977776346734348,25,25,1,Unanimous LP/P-directed,cv_r1f1
NC_000016.10:68810276:T:A,CDH1,1,0.9389521837303163,1.0,0.9466841926828164,1.0,0.8385187598108528,1.0,0.9853570743749471,1.0,4.0,1111,0.9273780526497332,0.9447360491669667,25,25,1,Unanimous LP/P-directed,cv_r1f1
NC_000016.10:68812182:G:A,CDH1,1,0.15357615924890994,0.0,0.03184620088328506,0.0,0.2025685809095658,0.0,0.07742078675958464,0.0,0.0,0000,0.11635293195033636,0.09836453402667811,25,25,1,Unanimous B/LB-directed,cv_r1f1
NC_000016.10:68828203:G:A,CDH1,1,0.9827390000513514,1.0,0.9952982374604302,1.0,0.9421108765270403,1.0,0.985016973441199,1.0,4.0,1111,0.9762912718700053,0.9842091560485206,24,25,1,Unanimous LP/P-directed,cv_r1f1
NC_000016.10:89739516:G:A,FANCA,1,0.403374823272283,0.0,0.4411755572721318,0.0,0.5480034877496409,1.0,0.8764350716553774,1.0,2.0,0011,0.5672472349873583,0.5801906754647198,25,25,1,Mixed votes,cv_r1f1
NC_000016.10:89745003:G:A,FANCA,1,0.9562233891878729,1.0,0.9382628220922605,1.0,0.8773511650229618,1.0,0.9806758244743379,1.0,4.0,1111,0.9381283001943583,0.9538463278013973,25,25,1,Unanimous LP/P-directed,cv_r1f1
NC_000016.10:89749729:C:A,FANCA,1,0.9974585633972167,1.0,0.9996252835774824,1.0,0.9306342339161826,1.0,0.9869508286756474,1.0,4.0,1111,0.9786672273916324,0.9859608678195784,24,25,1,Unanimous LP/P-directed,cv_r1f1
NC_000016.10:89749804:C:T,FANCA,1,0.988249772535853,1.0,0.9874250204239895,1.0,0.8164914864006602,1.0,0.9613628837384707,1.0,4.0,1111,0.9383822907747433,0.9540591142295675,25,25,1,Unanimous LP/P-directed,cv_r1f1
NC_000016.10:89761948:C:A,FANCA,1,0.9653217660233558,1.0,0.9504566156957174,1.0,0.9594683968220895,1.0,0.9575006958838139,1.0,4.0,1111,0.9581868686062442,0.9702536840219026,23,25,1,Unanimous LP/P-directed,cv_r1f1
NC_000016.10:89761993:T:C,FANCA,1,0.9957828162816428,1.0,0.9861855404681793,1.0,0.9724742895788483,1.0,0.9667520433601944,1.0,4.0,1111,0.9802986724222162,0.987150419138872,25,25,1,Unanimous LP/P-directed,cv_r1f1
NC_000016.10:89764929:T:G,FANCA,1,0.6743873207399416,1.0,0.9745631748612887,1.0,0.533860538774655,1.0,0.8920760507753411,1.0,4.0,1111,0.7687217712878066,0.7943954704217335,25,25,1,Unanimous LP/P-directed,cv_r1f1
NC_000016.10:89765035:C:G,FANCA,1,0.9899879318864336,1.0,0.987053294883041,1.0,0.9051008088263286,1.0,0.982997349618619,1.0,4.0,1111,0.9662848463036056,0.9766148539822841,25,25,1,Unanimous LP/P-directed,cv_r1f1
NC_000016.10:89769978:C:G,FANCA,1,0.9749858105547883,1.0,0.9650214036969332,1.0,0.7281095664173327,1.0,0.972524100923701,1.0,4.0,1111,0.9101602203981888,0.9297596262886495,25,25,1,Unanimous LP/P-directed,cv_r1f1
NC_000016.10:89791454:T:C,FANCA,1,0.9841230052128546,1.0,0.985657044787007,1.0,0.9789057433683954,1.0,0.9673523626221665,1.0,4.0,1111,0.9790095389976059,0.9862113857254462,25,25,1,Unanimous LP/P-directed,cv_r1f1
NC_000016.10:89792066:A:G,FANCA,1,0.9805949795106488,1.0,0.9500775346115498,1.0,0.9657531607311981,1.0,0.9684750633748834,1.0,4.0,1111,0.96622518455707,0.9765686378704386,25,25,1,Unanimous LP/P-directed,cv_r1f1
NC_000016.10:89805305:G:C,FANCA,1,0.05116282276384491,0.0,0.00979321030815894,0.0,0.059637405374378415,0.0,0.07849950477081026,0.0,0.0,0000,0.04977323580429813,0.03790594321819151,25,25,1,Unanimous B/LB-directed,cv_r1f1
NC_000016.10:89816614:T:C,FANCA,1,0.96463325585749,1.0,0.9889196487884225,1.0,0.9889514145999243,1.0,0.9761143814966072,1.0,4.0,1111,0.979654675185611,0.9866821991178932,21,25,1,Unanimous LP/P-directed,cv_r1f1
NC_000017.11:7670708:C:A,TP53,1,0.9841558360394037,1.0,0.966479659401466,1.0,0.999696244424566,1.0,0.987482075291146,1.0,4.0,1111,0.9844534537891454,0.9901254704479372,25,25,1,Unanimous LP/P-directed,cv_r1f1
NC_000017.11:7673550:T:A,TP53,1,0.8749901402231423,1.0,0.561234806694348,1.0,0.7071740933241766,1.0,0.9371899950411244,1.0,4.0,1111,0.7701472588206979,0.7958417356161965,24,25,1,Unanimous LP/P-directed,cv_r1f1
NC_000017.11:7673778:C:A,TP53,1,0.9931020177951904,1.0,0.9921453087034804,1.0,0.999999984562914,1.0,0.995126664474425,1.0,4.0,1111,0.9950934938840024,0.9972516060498458,25,25,1,Unanimous LP/P-directed,cv_r1f1
NC_000017.11:7673778:C:T,TP53,1,0.976060165927026,1.0,0.9542663881223559,1.0,0.955747322877428,1.0,0.9880674103980602,1.0,4.0,1111,0.9685353218312176,0.9783505701587281,25,25,1,Unanimous LP/P-directed,cv_r1f1
NC_000017.11:7673810:A:G,TP53,1,0.9927286398595568,1.0,0.9890578485745051,1.0,0.9997942829462012,1.0,0.9947914068727901,1.0,4.0,1111,0.9940930445632632,0.9966245434557458,25,25,1,Unanimous LP/P-directed,cv_r1f1
NC_000017.11:7674201:A:T,TP53,1,0.9932575930922322,1.0,0.9937027799417136,1.0,0.999999984562914,1.0,0.9945743670509264,1.0,4.0,1111,0.9953836811619465,0.997431002408675,25,25,1,Unanimous LP/P-directed,cv_r1f1
NC_000017.11:7674205:T:C,TP53,1,0.267868016514704,0.0,0.1448954126395135,0.0,0.5408516462683067,1.0,0.49673007074755904,0.0,1.0,0010,0.3625862865425208,0.35462196578054794,24,25,1,Mixed votes,cv_r1f1
NC_000017.11:7674220:G:C,TP53,1,0.995935032207482,1.0,0.9917467609207476,1.0,0.999999984562914,1.0,0.9948276120616968,1.0,4.0,1111,0.9956273474382101,0.997580695644137,25,25,1,Unanimous LP/P-directed,cv_r1f1
NC_000017.11:7674227:GC:AT,TP53,1,,,,,,,,,,,,,1,25,0,,cv_r1f1
NC_000017.11:7674241:A:C,TP53,1,0.9884261713238263,1.0,0.9673747666321859,1.0,0.9972891532369609,1.0,0.9880254871701883,1.0,4.0,1111,0.9852788945907904,0.9907062632037139,24,25,1,Unanimous LP/P-directed,cv_r1f1
NC_000017.11:7674249:C:G,TP53,1,0.9954217235560453,1.0,0.9979967207010713,1.0,0.999999984562914,1.0,0.994664512142654,1.0,4.0,1111,0.997020735240671,0.9984177667394291,25,25,1,Unanimous LP/P-directed,cv_r1f1
NC_000017.11:7674251:C:G,TP53,1,0.9915287646364251,1.0,0.9873020234953123,1.0,0.9995744490779328,1.0,0.9939270896832223,1.0,4.0,1111,0.9930830817232231,0.9959795219764832,25,25,1,Unanimous LP/P-directed,cv_r1f1
NC_000017.11:7674917:A:C,TP53,1,0.9922580319258404,1.0,0.9862691236280479,1.0,0.9997942829462012,1.0,0.9945708618273775,1.0,4.0,1111,0.9932230750818667,0.9960695887402472,25,25,1,Unanimous LP/P-directed,cv_r1f1
NC_000017.11:7674953:G:T,TP53,1,0.9889493120010601,1.0,0.9879649023187722,1.0,0.9994270196272296,1.0,0.9946627109262213,1.0,4.0,1111,0.9927509862183208,0.995765062339698,24,25,1,Unanimous LP/P-directed,cv_r1f1
NC_000017.11:7675069:C:G,TP53,1,0.989957084945235,1.0,0.9805070952845285,1.0,0.9927150679694187,1.0,0.9889217456743556,1.0,4.0,1111,0.9880252484683845,0.9926105943192577,25,25,1,Unanimous LP/P-directed,cv_r1f1
NC_000017.11:7675074:A:C,TP53,1,0.9542698231452122,1.0,0.9840739760523781,1.0,0.9967133259732096,1.0,0.9875626386628066,1.0,4.0,1111,0.9806549409584017,0.9874086722340901,25,25,1,Unanimous LP/P-directed,cv_r1f1
NC_000017.11:7675079:G:C,TP53,1,0.9828265865275513,1.0,0.9598946871912182,1.0,0.9911811309073671,1.0,0.992664403002614,1.0,4.0,1111,0.9816417019071877,0.988121005161243,25,25,1,Unanimous LP/P-directed,cv_r1f1
NC_000017.11:7675084:C:A,TP53,1,0.993339744724581,1.0,0.9937164707935146,1.0,0.9998583936797475,1.0,0.9949204331443542,1.0,4.0,1111,0.9954587605855493,0.9974772203765413,25,25,1,Unanimous LP/P-directed,cv_r1f1
NC_000017.11:7675088:G:C,TP53,1,0.9974812719998377,1.0,0.9968199650152,1.0,0.9996212257849691,1.0,0.9946294429652115,1.0,4.0,1111,0.9971379764413045,0.998486510682462,25,25,1,Unanimous LP/P-directed,cv_r1f1
NC_000017.11:7675135:G:T,TP53,1,0.9962842962153952,1.0,0.9950564509277201,1.0,0.999893998615276,1.0,0.9944343565886153,1.0,4.0,1111,0.9964172755867517,0.9980595115093268,25,25,1,Unanimous LP/P-directed,cv_r1f1
NC_000017.11:7675208:A:C,TP53,1,0.9869587508059557,1.0,0.9810594088963617,1.0,0.9997393319615413,1.0,0.9933126854843023,1.0,4.0,1111,0.9902675442870402,0.9941291973479817,25,25,1,Unanimous LP/P-directed,cv_r1f1
NC_000017.11:7675215:C:A,TP53,1,0.9928645275860181,1.0,0.9840339568659215,1.0,0.999999984562914,1.0,0.9929818537488714,1.0,4.0,1111,0.9924700806909313,0.9955828058798485,25,25,1,Unanimous LP/P-directed,cv_r1f1
NC_000017.11:7675216:T:C,TP53,1,0.9929316079259467,1.0,0.984707968755781,1.0,0.9650714805821277,1.0,0.9929867590579058,1.0,4.0,1111,0.9839244540804402,0.9897513619241364,25,25,1,Unanimous LP/P-directed,cv_r1f1
NC_000017.11:7675232:A:G,TP53,1,0.985042474692456,1.0,0.9777050652453599,1.0,0.999999984562914,1.0,0.9946058002307315,1.0,4.0,1111,0.9893383311828654,0.9935042207414108,25,25,1,Unanimous LP/P-directed,cv_r1f1
NC_000017.11:7675994:G:C,TP53,1,0.9945891585683717,1.0,0.9891976457323671,1.0,0.9997942829462012,1.0,0.9950070221701582,1.0,4.0,1111,0.9946470273542746,0.99697334603014,25,25,1,Unanimous LP/P-directed,cv_r1f1
NC_000017.11:7676036:A:T,TP53,1,0.9859877590684031,1.0,0.9784136086775714,1.0,0.9964025744011663,1.0,0.993721962201749,1.0,4.0,1111,0.9886314760872226,0.9930246269353992,24,25,1,Unanimous LP/P-directed,cv_r1f1
NC_000017.11:43045708:A:G,BRCA1,1,0.9919937486576005,1.0,0.9899535225500277,1.0,0.9695925072344678,1.0,0.990886337818241,1.0,4.0,1111,0.9856065290650843,0.9909357616577762,25,25,1,Unanimous LP/P-directed,cv_r1f1
NC_000017.11:43045760:A:T,BRCA1,1,0.9969551381538329,1.0,0.9954488036976807,1.0,0.999999984562914,1.0,0.9954235751822983,1.0,4.0,1111,0.9969568753991814,0.9983801993069606,25,25,1,Unanimous LP/P-directed,cv_r1f1
NC_000017.11:43047642:C:G,BRCA1,1,0.9910622331594413,1.0,0.9989473425332499,1.0,0.8199513353695378,1.0,0.9497437048268828,1.0,4.0,1111,0.939926153972278,0.9553499629417039,23,25,1,Unanimous LP/P-directed,cv_r1f1
NC_000017.11:43047642:C:T,BRCA1,1,0.984058976256276,1.0,0.9974324872108471,1.0,0.8436886848785601,1.0,0.9450781625603089,1.0,4.0,1111,0.9425645777264979,0.9575456378781846,24,25,1,Unanimous LP/P-directed,cv_r1f1
NC_000017.11:43047683:A:T,BRCA1,1,0.9964524466192163,1.0,0.9959235609105677,1.0,0.995569499879662,1.0,0.9919110372936925,1.0,4.0,1111,0.9949641361757846,0.9971712578703511,23,25,1,Unanimous LP/P-directed,cv_r1f1
NC_000017.11:43049160:G:A,BRCA1,1,0.9802588540950591,1.0,0.9719760204341006,1.0,0.9822115308428208,1.0,0.9890461365368961,1.0,4.0,1111,0.9808731354772191,0.9875665614116659,24,25,1,Unanimous LP/P-directed,cv_r1f1
NC_000017.11:43051112:A:C,BRCA1,1,0.9943608240103257,1.0,0.984917630841017,1.0,0.9960009322563406,1.0,0.9783811692714504,1.0,4.0,1111,0.9884151390947834,0.9928771573578103,24,25,1,Unanimous LP/P-directed,cv_r1f1
NC_000017.11:43057092:G:C,BRCA1,1,0.9902858056890304,1.0,0.9832110244720272,1.0,0.9948822713773215,1.0,0.9841567552327638,1.0,4.0,1111,0.9881339641927858,0.992685022520045,24,25,1,Unanimous LP/P-directed,cv_r1f1
NC_000017.11:43057100:C:T,BRCA1,1,0.9890234410094744,1.0,0.9882649409646455,1.0,0.9931284231757718,1.0,0.9733280691891802,1.0,4.0,1111,0.985936218584768,0.9911660923331745,24,25,1,Unanimous LP/P-directed,cv_r1f1
NC_000017.11:43057113:C:A,BRCA1,1,0.9938677507489719,1.0,0.993833485456311,1.0,0.9996212257849691,1.0,0.9934235003542098,1.0,4.0,1111,0.9951864905861154,0.9973092268756462,25,25,1,Unanimous LP/P-directed,cv_r1f1
NC_000017.11:43057115:C:T,BRCA1,1,0.9938556028557868,1.0,0.9957097141139686,1.0,0.99993149781798,1.0,0.9943475855018619,1.0,4.0,1111,0.9959611000723994,0.9977842546764243,25,25,1,Unanimous LP/P-directed,cv_r1f1
NC_000017.11:43057128:A:T,BRCA1,1,0.9795020066308106,1.0,0.9533328347485334,1.0,0.9767360820556756,1.0,0.9039334489595393,1.0,4.0,1111,0.9533760930986397,0.9663972123024795,24,25,1,Unanimous LP/P-directed,cv_r1f1
NC_000017.11:43063882:T:A,BRCA1,1,0.8227041446955653,1.0,0.7054257965796253,1.0,0.9063072415251772,1.0,0.8937423533510799,1.0,4.0,1111,0.8320448840378619,0.8572415647749962,25,25,1,Unanimous LP/P-directed,cv_r1f1
NC_000017.11:43063885:C:A,BRCA1,1,0.9334453574283695,1.0,0.8865385493531205,1.0,0.9948394126764352,1.0,0.9784092117461941,1.0,4.0,1111,0.9483081328010298,0.9622782675518848,24,25,1,Unanimous LP/P-directed,cv_r1f1
NC_000017.11:43067607:C:A,BRCA1,1,0.9905007092242338,1.0,0.9992351357746037,1.0,0.9914094093058067,1.0,0.9886584907808125,1.0,4.0,1111,0.9924509362713642,0.9955703568367974,24,25,1,Unanimous LP/P-directed,cv_r1f1
NC_000017.11:43067621:A:C,BRCA1,1,0.9859072579808877,1.0,0.968047821838458,1.0,0.9994270196272296,1.0,0.9878097281398701,1.0,4.0,1111,0.9852979568966114,0.9907196320834384,24,25,1,Unanimous LP/P-directed,cv_r1f1
NC_000017.11:43067625:G:C,BRCA1,1,0.9846430020263187,1.0,0.953925271007978,1.0,0.999252144865049,1.0,0.989326494129143,1.0,4.0,1111,0.9817867280071222,0.9882253245238023,24,25,1,Unanimous LP/P-directed,cv_r1f1
NC_000017.11:43070950:A:G,BRCA1,1,0.9901803875505867,1.0,0.9878533925672097,1.0,0.9981550308059972,1.0,0.9937137300979625,1.0,4.0,1111,0.992475635255439,0.9955864171896729,25,25,1,Unanimous LP/P-directed,cv_r1f1
NC_000017.11:43094577:T:A,BRCA1,1,0.015869227603443916,0.0,0.001175204341899931,0.0,0.016467509561384028,0.0,0.012687812113953516,0.0,0.0,0000,0.011549938405170348,0.007453511485937962,24,25,1,Unanimous B/LB-directed,cv_r1f1
NC_000017.11:43104881:T:A,BRCA1,1,0.9834661584091497,1.0,0.9771881169294737,1.0,0.9653554169285319,1.0,0.9447179256227011,1.0,4.0,1111,0.967681904472464,0.9776941165373363,24,25,1,Unanimous LP/P-directed,cv_r1f1
NC_000017.11:43104884:A:G,BRCA1,1,0.9589288543152853,1.0,0.9412358953713821,1.0,0.9908689014478034,1.0,0.9779016762669324,1.0,4.0,1111,0.9672338318503508,0.9773485899773904,24,25,1,Unanimous LP/P-directed,cv_r1f1
NC_000017.11:43106456:T:C,BRCA1,1,0.9967264384115344,1.0,0.9994979115004968,1.0,0.9809018097860145,1.0,0.9902447841119563,1.0,4.0,1111,0.9918427359525005,0.9951730760609859,24,25,1,Unanimous LP/P-directed,cv_r1f1
NC_000017.11:43106477:A:T,BRCA1,1,0.9930934574939104,1.0,0.9740157188815479,1.0,0.999999984562914,1.0,0.9949772067314752,1.0,4.0,1111,0.9905215919174619,0.9942989256318283,25,25,1,Unanimous LP/P-directed,cv_r1f1
NC_000017.11:43106527:C:A,BRCA1,1,0.9965552158291979,1.0,0.9922730510203817,1.0,0.999999984562914,1.0,0.9934305735714901,1.0,4.0,1111,0.9955647062459958,0.9975422975229086,25,25,1,Unanimous LP/P-directed,cv_r1f1
NC_000017.11:43115738:G:C,BRCA1,1,0.9783607798350542,1.0,0.9464322424882499,1.0,0.9997942829462012,1.0,0.992733314074439,1.0,4.0,1111,0.9793301548359861,0.9864455857788591,24,25,1,Unanimous LP/P-directed,cv_r1f1
NC_000017.11:43115744:A:C,BRCA1,1,0.9834397830861656,1.0,0.972179052751908,1.0,0.9994100295367528,1.0,0.9951698150176765,1.0,4.0,1111,0.9875496700981258,0.9922841096688555,25,25,1,Unanimous LP/P-directed,cv_r1f1
NC_000017.11:43115744:A:G,BRCA1,1,0.9854829140493736,1.0,0.9830144590752571,1.0,0.999999984562914,1.0,0.9951383351733403,1.0,4.0,1111,0.9909089232152213,0.994556714427547,25,25,1,Unanimous LP/P-directed,cv_r1f1
NC_000017.11:43115744:A:T,BRCA1,1,0.9826291983102722,1.0,0.9679309232039454,1.0,0.999999984562914,1.0,0.9940019271676553,1.0,4.0,1111,0.9861405083111967,0.9913085043401322,25,25,1,Unanimous LP/P-directed,cv_r1f1
NC_000017.11:43115749:G:C,BRCA1,1,0.9835551022483873,1.0,0.9633260162882649,1.0,0.9994937958369379,1.0,0.9944691973490255,1.0,4.0,1111,0.9852110279306538,0.9906586503731236,25,25,1,Unanimous LP/P-directed,cv_r1f1
NC_000017.11:43115755:A:G,BRCA1,1,0.5863679951109021,0.0,0.5173754544587971,1.0,0.8799610952038864,1.0,0.9338541225660744,1.0,3.0,0111,0.729389666834915,0.7540009625823676,24,25,1,Mixed votes,cv_r1f1
NC_000017.11:43115758:G:C,BRCA1,1,0.9803769520210568,1.0,0.9428332265443047,1.0,0.9992340765181169,1.0,0.9941992935220789,1.0,4.0,1111,0.9791608871513893,0.9863219942795122,25,25,1,Unanimous LP/P-directed,cv_r1f1
NC_000017.11:43124016:C:T,BRCA1,1,0.991675231936311,1.0,0.9998589896029528,1.0,0.999999984562914,1.0,0.9911501903043468,1.0,4.0,1111,0.9956710991016311,0.9976074793503354,23,25,1,Unanimous LP/P-directed,cv_r1f1
NC_000017.11:43124026:A:G,BRCA1,1,0.9956198099900031,1.0,0.995079352069713,1.0,0.999999984562914,1.0,0.9954191990056674,1.0,4.0,1111,0.9965295864070743,0.9981267173902548,25,25,1,Unanimous LP/P-directed,cv_r1f1
NC_000017.11:43124094:A:G,BRCA1,1,0.9617880595604686,1.0,0.9327513576703083,1.0,0.9928527884292201,1.0,0.976002364469235,1.0,4.0,1111,0.9658486425323081,0.976276720345317,21,25,1,Unanimous LP/P-directed,cv_r1f1
NC_000017.11:58695188:G:C,RAD51C,1,0.9648386024777611,1.0,0.9999737963779776,1.0,0.9054791870812563,1.0,0.9911588469797988,1.0,4.0,1111,0.9653626082291984,0.9758993230512144,24,25,1,Unanimous LP/P-directed,cv_r1f1
NC_000017.11:58724098:A:G,RAD51C,1,0.9818751684781908,1.0,0.9955521449335104,1.0,0.8707151350789952,1.0,0.9488194577369429,1.0,4.0,1111,0.9492404765569098,0.9630401615924382,24,25,1,Unanimous LP/P-directed,cv_r1f1
NC_000017.11:61801347:C:G,BRIP1,1,0.9826639064745085,1.0,0.9654287062960597,1.0,0.8137844513395833,1.0,0.9541347520525149,1.0,4.0,1111,0.9290029540406666,0.94612566995671,25,25,1,Unanimous LP/P-directed,cv_r1f1
NC_000019.10:1220448:A:G,STK11,1,0.9839327101489057,1.0,0.9733755186201019,1.0,0.967576405030999,1.0,0.9313956506027136,1.0,4.0,1111,0.9640700711006801,0.9748924788246539,25,25,1,Unanimous LP/P-directed,cv_r1f1
NC_000019.10:1220693:C:A,STK11,1,0.9921221450781765,1.0,0.99409761759849,1.0,0.999999984562914,1.0,0.9934342726546584,1.0,4.0,1111,0.9949135049735598,0.9971397474555401,25,25,1,Unanimous LP/P-directed,cv_r1f1
NC_000019.10:1220701:C:G,STK11,1,0.9927769137225269,1.0,0.9989359989792301,1.0,0.999999984562914,1.0,0.9949928611495618,1.0,4.0,1111,0.9966764396035582,0.998214238106687,25,25,1,Unanimous LP/P-directed,cv_r1f1
NC_000019.10:1221995:C:T,STK11,1,0.9498317710552605,1.0,0.9803662043179601,1.0,0.8986462930203075,1.0,0.9517083249926734,1.0,4.0,1111,0.9451381483465504,0.9596743985911377,25,25,1,Unanimous LP/P-directed,cv_r1f1
NC_000019.10:1221996:G:C,STK11,1,0.9963472888635088,1.0,0.9882705421309727,1.0,0.9990480678913295,1.0,0.9937593700878325,1.0,4.0,1111,0.9943563172434109,0.9967907763465123,25,25,1,Unanimous LP/P-directed,cv_r1f1
NC_000019.10:1222987:G:T,STK11,1,0.9975016472332295,1.0,0.9979768997141568,1.0,0.9980974968233619,1.0,0.9950561042210551,1.0,4.0,1111,0.9971580369979509,0.9984982431235881,25,25,1,Unanimous LP/P-directed,cv_r1f1
NC_000009.12:95249288:C:A,FANCC,1,0.9829206985593302,1.0,0.9650928336984668,1.0,0.7753444225922689,1.0,0.8763371064896607,1.0,4.0,1111,0.8999237653349316,0.9206553096903504,21,25,1,Unanimous LP/P-directed,cv_r1f1
NC_000002.12:214730439:G:A,BARD1,0,0.025998823591405387,0.0,0.0002581855197430773,0.0,0.004172393977313415,0.0,0.013093924713461911,0.0,0.0,0000,0.010880831950480948,0.006976043829348193,24,25,1,Unanimous B/LB-directed,cv_r1f1
NC_000002.12:214809499:G:A,BARD1,0,0.05248174398340191,0.0,0.003941554724076472,0.0,0.0035926493902266386,0.0,0.007021781709887777,0.0,0.0,0000,0.0167594324518982,0.011268374339024051,23,25,1,Unanimous B/LB-directed,cv_r1f1
NC_000009.12:95107253:C:T,FANCC,0,0.020497229747929772,0.0,0.0016726592030235998,0.0,0.0027987502739265312,0.0,0.007369121635700571,0.0,0.0,0000,0.008084440215145119,0.005018413854727919,25,25,1,Unanimous B/LB-directed,cv_r1f1
NC_000010.11:87965337:A:G,PTEN,0,0.023714022926107147,0.0,0.056057927972711724,0.0,0.12015300306541947,0.0,0.053820072214520634,0.0,0.0,0000,0.06343625654468975,0.04973633430837135,25,25,1,Unanimous B/LB-directed,cv_r1f1
NC_000011.10:108235707:A:G,ATM,0,0.03417818456620019,0.0,9.900205661890051e-05,0.0,0.0006235853192095894,0.0,0.005185773478125496,0.0,0.0,0000,0.010021636355038544,0.006367782896121879,25,25,1,Unanimous B/LB-directed,cv_r1f1
NC_000011.10:108244024:T:A,ATM,0,0.1447595010339546,0.0,0.213490992292495,0.0,0.42747699549867085,0.0,0.1647646587554301,0.0,0.0,0000,0.23762303689513764,0.2203752829601298,24,25,1,Unanimous B/LB-directed,cv_r1f1
NC_000011.10:108251005:G:A,ATM,0,0.00423253050761794,0.0,1.0016436078239872e-05,0.0,0.01952653954790209,0.0,0.0077939148823356645,0.0,0.0,0000,0.007890750343483483,0.004885338051734464,25,25,1,Unanimous B/LB-directed,cv_r1f1
NC_000011.10:108251864:C:G,ATM,0,0.023528707526642937,0.0,0.00034052154434836834,0.0,0.0012119928994818825,0.0,0.006693024150657402,0.0,0.0,0000,0.007943561530282648,0.004921586788720025,25,25,1,Unanimous B/LB-directed,cv_r1f1
NC_000011.10:108297325:A:G,ATM,0,0.04387891343730624,0.0,0.00010412173737875074,0.0,0.0020302256003295323,0.0,0.007980682785472749,0.0,0.0,0000,0.013498485890121818,0.008861309540627652,25,25,1,Unanimous B/LB-directed,cv_r1f1
NC_000011.10:108327663:T:C,ATM,0,0.009055593031684996,0.0,0.0011456856325935546,0.0,0.013471632564788739,0.0,0.013197101615047117,0.0,0.0,0000,0.009217503211028603,0.005803765120536882,25,25,1,Unanimous B/LB-directed,cv_r1f1
NC_000013.11:32332441:A:C,BRCA2,0,0.006816151527956907,0.0,0.0012363937677368115,0.0,0.002964820302229355,0.0,0.010432552675997403,0.0,0.0,0000,0.005362479568480119,0.0031846948443375427,22,25,1,Unanimous B/LB-directed,cv_r1f1
NC_000013.11:32332658:A:C,BRCA2,0,0.012399511533713463,0.0,0.0010563233103764319,0.0,0.00016373197213143811,0.0,0.006402767890736401,0.0,0.0,0000,0.005005583676739434,0.0029508658122513534,22,25,1,Unanimous B/LB-directed,cv_r1f1
NC_000013.11:32336318:C:G,BRCA2,0,0.018671406452906655,0.0,0.00011117027546219633,0.0,1.7849489185539097e-08,0.0,0.004376978198126631,0.0,0.0,0000,0.005789893193996166,0.003466962142954642,22,25,1,Unanimous B/LB-directed,cv_r1f1
NC_000013.11:32336492:A:T,BRCA2,0,0.0315620478299007,0.0,0.008084313859956683,0.0,0.04888910874931751,0.0,0.03261792853625842,0.0,0.0,0000,0.030288349743858328,0.02176934672746845,22,25,1,Unanimous B/LB-directed,cv_r1f1
NC_000013.11:32336770:G:C,BRCA2,0,0.0193665354895901,0.0,0.013331543239208297,0.0,0.0031614231210830134,0.0,0.013095403051928042,0.0,0.0,0000,0.012238726225452363,0.007948293925816807,22,25,1,Unanimous B/LB-directed,cv_r1f1
NC_000013.11:32338444:A:C,BRCA2,0,0.025798205908305127,0.0,1.2333071423539141e-05,0.0,0.00016373197213143811,0.0,0.005484995530709364,0.0,0.0,0000,0.007864816620642368,0.004867547390549361,22,25,1,Unanimous B/LB-directed,cv_r1f1
NC_000013.11:32338612:G:T,BRCA2,0,0.008822305226733383,0.0,4.617608670728643e-05,0.0,0.00023785747283617048,0.0,0.004060929145316063,0.0,0.0,0000,0.0032918169828982254,0.0018556270710026173,22,25,1,Unanimous B/LB-directed,cv_r1f1
NC_000013.11:32339449:G:A,BRCA2,0,0.018227368428951753,0.0,0.00036942046125607665,0.0,0.0011448119086516892,0.0,0.004663553815178282,0.0,0.0,0000,0.0061012886535094495,0.0036740610734585636,22,25,1,Unanimous B/LB-directed,cv_r1f1
NC_000013.11:32339988:C:G,BRCA2,0,0.014496073385601056,0.0,0.002290535320544354,0.0,1.7849489185539097e-08,0.0,0.014273873080873332,0.0,0.0,0000,0.007765124909126982,0.004799219015620789,22,25,1,Unanimous B/LB-directed,cv_r1f1
NC_000013.11:32340139:A:G,BRCA2,0,0.029005746160949985,0.0,0.0002425795125795365,0.0,1.7849489185539097e-08,0.0,0.005465449677216239,0.0,0.0,0000,0.008678448300058737,0.005428708165609413,22,25,1,Unanimous B/LB-directed,cv_r1f1
NC_000013.11:32340677:G:A,BRCA2,0,0.02295768858706214,0.0,7.976353948311538e-05,0.0,0.00012256453176966997,0.0,0.004744769452407219,0.0,0.0,0000,0.006976196527680535,0.00426200188630141,22,25,1,Unanimous B/LB-directed,cv_r1f1
NC_000013.11:32340701:A:G,BRCA2,0,0.0067079036407357885,0.0,4.0997460679661655e-05,0.0,0.0006624625407596311,0.0,0.005844517385838687,0.0,0.0,0000,0.0033139702570034422,0.0018694497351760765,22,25,1,Unanimous B/LB-directed,cv_r1f1
NC_000013.11:32340809:C:A,BRCA2,0,0.013053875232508264,0.0,0.003159638943819991,0.0,0.0031614231210830134,0.0,0.011073159064941572,0.0,0.0,0000,0.007612024090588211,0.004694473481218036,22,25,1,Unanimous B/LB-directed,cv_r1f1
NC_000013.11:32356550:G:A,BRCA2,0,0.07242906910078958,0.0,0.10885203167999596,0.0,0.22899481793948392,0.0,0.06564362360054586,0.0,0.0,0000,0.11897988558020384,0.10087205475541258,22,25,1,Unanimous B/LB-directed,cv_r1f1
NC_000013.11:32363195:A:G,BRCA2,0,0.07812491088644465,0.0,0.05188694606528383,0.0,0.18095806782919518,0.0,0.0723016569459117,0.0,0.0,0000,0.09581789543170885,0.07904038752739602,22,25,1,Unanimous B/LB-directed,cv_r1f1
NC_000013.11:32363228:T:C,BRCA2,0,0.020892020978607304,0.0,0.068280818331648,0.0,0.02703944931871953,0.0,0.04581220913225245,0.0,0.0,0000,0.04050612444030682,0.030108980881475917,22,25,1,Unanimous B/LB-directed,cv_r1f1
NC_000013.11:32379767:G:A,BRCA2,0,0.01808351146344504,0.0,0.022214562678086205,0.0,0.1699350609928969,0.0,0.02300458030557644,0.0,0.0,0000,0.05830942886000115,0.045254360308077994,22,25,1,Unanimous B/LB-directed,cv_r1f1
NC_000015.10:90749521:G:C,BLM,0,0.03969711012314917,0.0,0.004457783214100472,0.0,0.0004920204130164136,0.0,0.009487800657701023,0.0,0.0,0000,0.013533678601991771,0.0088869592853939,24,25,1,Unanimous B/LB-directed,cv_r1f1
NC_000015.10:90749677:A:G,BLM,0,0.016760190813687396,0.0,8.349057642059703e-05,0.0,0.003857616049233098,0.0,0.01553269109151498,0.0,0.0,0000,0.009058497132714017,0.005692873059890578,24,25,1,Unanimous B/LB-directed,cv_r1f1
NC_000015.10:90811290:G:A,BLM,0,0.04610247625428631,0.0,0.0008241849556510659,0.0,0.00012256453176966997,0.0,0.01017734592724035,0.0,0.0,0000,0.014306642917236849,0.009452211524378914,24,25,1,Unanimous B/LB-directed,cv_r1f1
NC_000016.10:23635824:T:C,PALB2,0,0.0499823201272818,0.0,3.008722096420089e-06,0.0,0.0012119928994818825,0.0,0.005979694298455348,0.0,0.0,0000,0.014294254011828864,0.0094431237582814,25,25,1,Unanimous B/LB-directed,cv_r1f1
NC_000016.10:68808534:G:A,CDH1,0,0.03306045542224337,0.0,0.13926138778933084,0.0,0.0926559792310952,0.0,0.04399737462941946,0.0,0.0,0000,0.07724379926802222,0.06203536641822333,25,25,1,Unanimous B/LB-directed,cv_r1f1
NC_000016.10:68808764:G:A,CDH1,0,0.013841888952125871,0.0,0.00010233677697431376,0.0,0.001257274153998208,0.0,0.00791758580089259,0.0,0.0,0000,0.005779771420997746,0.003460250582655566,24,25,1,Unanimous B/LB-directed,cv_r1f1
NC_000016.10:68810316:T:G,CDH1,0,0.004347082408438914,0.0,0.0005834150062657275,0.0,0.04846041335316313,0.0,0.01172425744458143,0.0,0.0,0000,0.016278792053112303,0.010909921445870165,25,25,1,Unanimous B/LB-directed,cv_r1f1
NC_000016.10:68812143:A:G,CDH1,0,0.007928876882857266,0.0,4.944466643715081e-06,0.0,0.00023785747283617048,0.0,0.004780614472096379,0.0,0.0,0000,0.0032380733236083824,0.0018221351470793729,25,25,1,Unanimous B/LB-directed,cv_r1f1
NC_000016.10:68812144:C:T,CDH1,0,0.017719547751089578,0.0,2.3873900401066043e-05,0.0,1.7849489185539097e-08,0.0,0.005985250367513985,0.0,0.0,0000,0.005932172467123454,0.0035614399124652904,25,25,1,Unanimous B/LB-directed,cv_r1f1
NC_000016.10:68813471:G:A,CDH1,0,0.010571048689825798,0.0,0.00021762369970157886,0.0,0.0033323179069856767,0.0,0.008530614378278317,0.0,0.0,0000,0.005662901168697843,0.0033828497308574833,25,25,1,Unanimous B/LB-directed,cv_r1f1
NC_000016.10:68815610:G:A,CDH1,0,0.0026633142567150055,0.0,8.979610032676909e-05,0.0,0.003361009516520129,0.0,0.005976464405356969,0.0,0.0,0000,0.003022646069729718,0.0016884947100625127,25,25,1,Unanimous B/LB-directed,cv_r1f1
NC_000016.10:68822137:G:A,CDH1,0,0.014584566680254773,0.0,0.0003242684481182335,0.0,0.0022102876591727134,0.0,0.0102669137140806,0.0,0.0,0000,0.00684650912540658,0.004174312476712011,25,25,1,Unanimous B/LB-directed,cv_r1f1
NC_000016.10:68822176:C:G,CDH1,0,0.002124265917570818,0.0,0.00033056207530048916,0.0,0.03688126492250027,0.0,0.013837560787900396,0.0,0.0,0000,0.013293413425817992,0.008711997103105218,25,25,1,Unanimous B/LB-directed,cv_r1f1
NC_000016.10:68823481:A:T,CDH1,0,0.004028327218707168,0.0,0.002004778902069559,0.0,0.040982753866172526,0.0,0.04557489184723147,0.0,0.0,0000,0.02314768795854518,0.01613628619379955,25,25,1,Unanimous B/LB-directed,cv_r1f1
NC_000016.10:68823565:G:A,CDH1,0,0.020447168240166323,0.0,0.0010914288055463462,0.0,0.00400676436742993,0.0,0.00824857721344712,0.0,0.0,0000,0.00844848465664743,0.005269485035807625,25,25,1,Unanimous B/LB-directed,cv_r1f1
NC_000016.10:68829686:G:A,CDH1,0,0.049816110969754974,0.0,0.021579693705484525,0.0,0.11610958965732301,0.0,0.052274410542784394,0.0,0.0,0000,0.05994495121883673,0.04667883107545951,25,25,1,Unanimous B/LB-directed,cv_r1f1
NC_000016.10:89748741:C:T,FANCA,0,0.04393260855310197,0.0,0.00011088165991479524,0.0,0.00819871350343667,0.0,0.011364626926747612,0.0,0.0,0000,0.015901707660800263,0.010629549457138265,25,25,1,Unanimous B/LB-directed,cv_r1f1
NC_000016.10:89758698:G:T,FANCA,0,0.037664500249589096,0.0,0.02152968700354492,0.0,0.026069785442454908,0.0,0.13284666596097366,0.0,0.0,0000,0.05452765966414065,0.04198049905999526,25,25,1,Unanimous B/LB-directed,cv_r1f1
NC_000016.10:89773357:G:C,FANCA,0,0.04258958004522645,0.0,0.0004038689749724359,0.0,1.7849489185539097e-08,0.0,0.005894795305955727,0.0,0.0,0000,0.01222206554391095,0.007936287998811055,24,25,1,Unanimous B/LB-directed,cv_r1f1
NC_000016.10:89783071:C:T,FANCA,0,0.05604020470833617,0.0,7.373629833394159e-06,0.0,0.0005852640178669636,0.0,0.008356014038424654,0.0,0.0,0000,0.016247214098615296,0.010886413477857095,24,25,1,Unanimous B/LB-directed,cv_r1f1
NC_000016.10:89799207:C:G,FANCA,0,0.03177446550032082,0.0,0.0021886958309518833,0.0,0.0031049424241161904,0.0,0.01082792179660405,0.0,0.0,0000,0.011974006387998237,0.007757753226612828,25,25,1,Unanimous B/LB-directed,cv_r1f1
NC_000016.10:89803296:C:T,FANCA,0,0.025759107956761427,0.0,0.0018270036821543426,0.0,0.0023939104285504997,0.0,0.00965504900684474,0.0,0.0,0000,0.009908767768577752,0.006288301727668204,25,25,1,Unanimous B/LB-directed,cv_r1f1
NC_000016.10:89805387:G:A,FANCA,0,0.03160905109127328,0.0,0.0005874980626551948,0.0,0.0009916548462296532,0.0,0.00977061198776192,0.0,0.0,0000,0.01073970399698001,0.006875751052397707,24,25,1,Unanimous B/LB-directed,cv_r1f1
NC_000017.11:7669655:G:T,TP53,0,0.015639922912726634,0.0,0.016827637920936677,0.0,0.012112450067837635,0.0,0.009598987337115112,0.0,0.0,0000,0.013544749559654014,0.008895029778353162,24,25,1,Unanimous B/LB-directed,cv_r1f1
NC_000017.11:7670629:C:G,TP53,0,0.017640348829473514,0.0,1.0845978566690558e-05,0.0,0.003538545216535587,0.0,0.0049130629923813994,0.0,0.0,0000,0.0065257007542392975,0.003958186104530116,25,25,1,Unanimous B/LB-directed,cv_r1f1
NC_000017.11:7673578:G:T,TP53,0,0.00850080451848451,0.0,0.0012589488194373684,0.0,0.005601786429812771,0.0,0.016179940794740603,0.0,0.0,0000,0.007885370140618813,0.004881646673132501,25,25,1,Unanimous B/LB-directed,cv_r1f1
NC_000017.11:7675142:C:T,TP53,0,0.015992233938049612,0.0,0.007796323021001381,0.0,0.061478166198361744,0.0,0.0441961692042708,0.0,0.0,0000,0.032365723090420885,0.023440309168239738,25,25,1,Unanimous B/LB-directed,cv_r1f1
NC_000017.11:7676049:A:G,TP53,0,0.0025322940347406895,0.0,0.00022319287998938847,0.0,0.022478813887196646,0.0,0.012054503804939847,0.0,0.0,0000,0.009322201151716643,0.005876899058842411,25,25,1,Unanimous B/LB-directed,cv_r1f1
NC_000017.11:7676223:C:G,TP53,0,0.007271462077180602,0.0,0.001882322657345395,0.0,0.010069960164184303,0.0,0.008032803862349025,0.0,0.0,0000,0.006814137190264831,0.004152452255280959,25,25,1,Unanimous B/LB-directed,cv_r1f1
NC_000017.11:7676229:G:A,TP53,0,0.04770593498557708,0.0,3.782001334626253e-06,0.0,0.010112980975162543,0.0,0.016371917704780543,0.0,0.0,0000,0.018548653916713696,0.012612981359217781,25,25,1,Unanimous B/LB-directed,cv_r1f1
NC_000017.11:7676263:C:G,TP53,0,0.03370881620249682,0.0,0.01437065390263225,0.0,0.06777445291602685,0.0,0.13431601831732046,0.0,0.0,0000,0.06254248533461909,0.04895148535360295,23,25,1,Unanimous B/LB-directed,cv_r1f1
NC_000017.11:43057130:T:C,BRCA1,0,0.0993542649643465,0.0,0.15804570171451968,0.0,0.1365045474733801,0.0,0.07697310592067573,0.0,0.0,0000,0.1177194050182305,0.09966793047512756,25,25,1,Unanimous B/LB-directed,cv_r1f1
NC_000017.11:43070957:C:T,BRCA1,0,0.004111701784069739,0.0,3.209825444544927e-05,0.0,0.006665373249212336,0.0,0.017053291778851825,0.0,0.0,0000,0.006965616266644837,0.004254841164117683,24,25,1,Unanimous B/LB-directed,cv_r1f1
NC_000017.11:43071076:T:A,BRCA1,0,0.010590772515680537,0.0,0.001185232136815745,0.0,0.009957251264230225,0.0,0.017497533893248516,0.0,0.0,0000,0.009807697452493755,0.006217214714632599,25,25,1,Unanimous B/LB-directed,cv_r1f1
NC_000017.11:43074470:C:A,BRCA1,0,0.003417686790228192,0.0,0.0015988500717702887,0.0,0.009994785316508666,0.0,0.021592418843671784,0.0,0.0,0000,0.009150935255544734,0.005757313951145907,25,25,1,Unanimous B/LB-directed,cv_r1f1
NC_000017.11:43074485:C:G,BRCA1,0,0.015585511158091961,0.0,0.0031731028125421,0.0,0.013878347050523635,0.0,0.012579141786167265,0.0,0.0,0000,0.01130402570183124,0.007277658508526726,25,25,1,Unanimous B/LB-directed,cv_r1f1
NC_000017.11:43076569:T:G,BRCA1,0,0.016065428838630498,0.0,0.016950721216584808,0.0,0.02801566302232687,0.0,0.04760135480497984,0.0,0.0,0000,0.0271582919706305,0.019277995707182565,25,25,1,Unanimous B/LB-directed,cv_r1f1
NC_000017.11:43090996:C:T,BRCA1,0,0.042891593746077344,0.0,1.638089496919931e-06,0.0,0.0009702026264040636,0.0,0.00579565785440486,0.0,0.0,0000,0.012414773079095798,0.008075268469934197,25,25,1,Unanimous B/LB-directed,cv_r1f1
NC_000017.11:43091484:G:A,BRCA1,0,0.007186652507277305,0.0,8.852381728050809e-05,0.0,0.0013489892657839214,0.0,0.006755597873142106,0.0,0.0,0000,0.0038449408658709603,0.0022036083389629906,25,25,1,Unanimous B/LB-directed,cv_r1f1
NC_000017.11:43091817:G:A,BRCA1,0,0.0029644478688028286,0.0,1.8898773732220256e-05,0.0,0.0023147881870651584,0.0,0.004646732239144328,0.0,0.0,0000,0.002486216767186134,0.00136030678727833,25,25,1,Unanimous B/LB-directed,cv_r1f1
NC_000017.11:43091922:C:T,BRCA1,0,0.029585094038038346,0.0,1.638089496919931e-06,0.0,0.0006821041575329747,0.0,0.007272598371523957,0.0,0.0,0000,0.009385358664148049,0.005921060447384283,25,25,1,Unanimous B/LB-directed,cv_r1f1
NC_000017.11:43091982:T:C,BRCA1,0,0.045872567816614404,0.0,3.2004351552301757e-06,0.0,0.00035120776481779983,0.0,0.008863541293163513,0.0,0.0,0000,0.013772629327437738,0.009061315405127626,24,25,1,Unanimous B/LB-directed,cv_r1f1
NC_000017.11:43091989:C:T,BRCA1,0,0.03991564309719193,0.0,9.585607095827225e-06,0.0,0.0006171593419099738,0.0,0.0069292814539545534,0.0,0.0,0000,0.011867917375038069,0.007681525222547015,25,25,1,Unanimous B/LB-directed,cv_r1f1
NC_000017.11:43092390:A:G,BRCA1,0,0.016194521477099367,0.0,0.02074974372687591,0.0,0.016754672894072384,0.0,0.02205079318592718,0.0,0.0,0000,0.01893743282099371,0.012907199170744003,25,25,1,Unanimous B/LB-directed,cv_r1f1
NC_000017.11:43092411:C:T,BRCA1,0,0.008772420375814969,0.0,1.7705908755547695e-05,0.0,0.0009916548462296532,0.0,0.008918857833066153,0.0,0.0,0000,0.004675159740966581,0.002735991820220518,24,25,1,Unanimous B/LB-directed,cv_r1f1
NC_000017.11:43092757:T:G,BRCA1,0,0.02157105311402517,0.0,7.75632812646208e-06,0.0,1.7849489185539097e-08,0.0,0.007631951136863403,0.0,0.0,0000,0.007302694607126055,0.004483556726260926,25,25,1,Unanimous B/LB-directed,cv_r1f1
NC_000017.11:43092918:G:A,BRCA1,0,0.04024672798869023,0.0,1.638089496919931e-06,0.0,0.0042786350699253635,0.0,0.0062447953617889435,0.0,0.0,0000,0.012692949127475366,0.008276319299804531,24,25,1,Unanimous B/LB-directed,cv_r1f1
NC_000017.11:43093009:G:A,BRCA1,0,0.007762070922578652,0.0,2.6308889431514545e-06,0.0,0.00035120776481779983,0.0,0.007058789219297019,0.0,0.0,0000,0.0037936746989091557,0.0021711151301336776,25,25,1,Unanimous B/LB-directed,cv_r1f1
NC_000017.11:43093053:G:T,BRCA1,0,0.007560844316796207,0.0,0.004434336162874336,0.0,0.0029092091990231142,0.0,0.007156801320649895,0.0,0.0,0000,0.005515297749835888,0.003285344659718321,25,25,1,Unanimous B/LB-directed,cv_r1f1
NC_000017.11:43093665:G:A,BRCA1,0,0.00848056454023806,0.0,0.02595065010081879,0.0,0.006194464703402082,0.0,0.009184661788946974,0.0,0.0,0000,0.012452585283351476,0.008102567395533472,25,25,1,Unanimous B/LB-directed,cv_r1f1
NC_000017.11:43093875:C:A,BRCA1,0,0.07386039202132853,0.0,0.2172781189576181,0.0,0.1175703228424787,0.0,0.08981510634587393,0.0,0.0,0000,0.12463098504182481,0.10629163754934838,25,25,1,Unanimous B/LB-directed,cv_r1f1
NC_000017.11:43093914:G:A,BRCA1,0,0.029043281634087495,0.0,7.3236593847781335e-06,0.0,1.7849489185539097e-08,0.0,0.008533592208760711,0.0,0.0,0000,0.009396053837930542,0.0059285420838429,25,25,1,Unanimous B/LB-directed,cv_r1f1
NC_000017.11:43093996:G:A,BRCA1,0,0.06600513279819573,0.0,0.11011046171408254,0.0,0.17334924284133701,0.0,0.02712146142584706,0.0,0.0,0000,0.09414657469486558,0.07749067855322371,25,25,1,Unanimous B/LB-directed,cv_r1f1
NC_000017.11:43094463:T:C,BRCA1,0,0.004380558096942361,0.0,2.1623709505368346e-05,0.0,0.0077375324130595,0.0,0.017714869584029153,0.0,0.0,0000,0.007463645950884095,0.0045931810307994776,24,25,1,Unanimous B/LB-directed,cv_r1f1
NC_000017.11:43094584:T:C,BRCA1,0,0.019251925664387663,0.0,0.010731716434067597,0.0,0.014452928086491752,0.0,0.020500373152575715,0.0,0.0,0000,0.016234235834380682,0.010876753433189959,25,25,1,Unanimous B/LB-directed,cv_r1f1
NC_000017.11:43097265:C:T,BRCA1,0,0.007140630567429805,0.0,0.001737403661662738,0.0,0.0055553818467921606,0.0,0.011482906803583494,0.0,0.0,0000,0.0064790807198670496,0.003926874300203767,25,25,1,Unanimous B/LB-directed,cv_r1f1
NC_000017.11:43097279:G:T,BRCA1,0,0.010687388751903807,0.0,0.007630624291146118,0.0,0.18360515197411137,0.0,0.0812542006612859,0.0,0.0,0000,0.0707943414196118,0.05625106348372216,25,25,1,Unanimous B/LB-directed,cv_r1f1
NC_000017.11:61793636:T:C,BRIP1,0,0.0052548966318764784,0.0,0.0002032076585821,0.0,0.003609336591009674,0.0,0.007918687520131737,0.0,0.0,0000,0.004246532100399997,0.002459723612435467,25,25,1,Unanimous B/LB-directed,cv_r1f1
NC_000017.11:61847150:C:T,BRIP1,0,0.037061466147837396,0.0,3.4064365552551524e-05,0.0,0.0006821041575329747,0.0,0.005269334613502429,0.0,0.0,0000,0.010761742321106339,0.0068914029083560506,25,25,1,Unanimous B/LB-directed,cv_r1f1
NC_000022.11:28695158:A:C,CHEK2,0,0.1761510652488841,0.0,0.0679169704589642,0.0,0.10190446436438985,0.0,0.027739210191068158,0.0,0.0,0000,0.09342792756582657,0.07682545713798511,24,25,1,Unanimous B/LB-directed,cv_r1f1
NC_000010.11:87862429:A:G,PTEN,0,,,,,,,,,,,,,1,25,0,,cv_r1f1
NC_000010.11:87864003:G:A,PTEN,0,,,,,,,,,,,,,2,25,0,,cv_r1f1
NC_000010.11:87864185:C:T,PTEN,0,,,,,,,,,,,,,2,25,0,,cv_r1f1
NC_000010.11:87960983:C:G,PTEN,0,0.0021766319421172606,0.0,0.011960786831238161,0.0,0.0484033337589672,0.0,0.060120803697502716,0.0,0.0,0000,0.030665389057456333,0.022071618376710136,25,25,1,Unanimous B/LB-directed,cv_r1f1
NC_000011.10:108227778:G:C,ATM,0,0.07865166991250694,0.0,0.14348673937772655,0.0,0.163433110419314,0.0,0.17481701564138002,0.0,0.0,0000,0.14009713383773187,0.12129226649692527,25,25,1,Unanimous B/LB-directed,cv_r1f1
NC_000011.10:108244101:G:A,ATM,0,0.049028939122750255,0.0,0.001926123214279959,0.0,0.03569995599380211,0.0,0.027302172245061894,0.0,0.0,0000,0.028489297643973552,0.02033339548596158,25,25,1,Unanimous B/LB-directed,cv_r1f1
NC_000011.10:108287702:G:A,ATM,0,0.028530875386073174,0.0,0.00015847405966679462,0.0,0.007843366541220798,0.0,0.010193660289533411,0.0,0.0,0000,0.011681594069123545,0.007547833181577748,25,25,1,Unanimous B/LB-directed,cv_r1f1
NC_000011.10:108289798:A:T,ATM,0,0.045175946872083005,0.0,0.015219001973861368,0.0,0.021649413407131085,0.0,0.017140046960242638,0.0,0.0,0000,0.024796102303329525,0.01742031906644712,25,25,1,Unanimous B/LB-directed,cv_r1f1
NC_000011.10:108325389:G:A,ATM,0,0.5628196692078915,0.0,0.49022064423715705,0.0,0.37067267035109946,0.0,0.5359922273476871,1.0,1.0,0001,0.4899263027859588,0.49500417505088423,25,25,1,Mixed votes,cv_r1f1
NC_000011.10:108325453:G:T,ATM,0,0.027489490230805907,0.0,0.0006497961256510301,0.0,0.014535499248076256,0.0,0.008928671273195011,0.0,0.0,0000,0.01290086421943205,0.008426916530337503,24,25,1,Unanimous B/LB-directed,cv_r1f1
NC_000011.10:108365158:T:G,ATM,0,0.023771157555763162,0.0,0.000987790088016085,0.0,0.014618191563733831,0.0,0.02240866383889597,0.0,0.0,0000,0.015446450761602263,0.010292073280976059,25,25,1,Unanimous B/LB-directed,cv_r1f1
NC_000013.11:32332345:G:C,BRCA2,0,0.012572869753294151,0.0,0.0013108705741339513,0.0,0.00040271840556864436,0.0,0.006025745437969556,0.0,0.0,0000,0.005078051042741576,0.0029982016847142435,22,25,1,Unanimous B/LB-directed,cv_r1f1
NC_000013.11:32332385:C:T,BRCA2,0,0.022416969290128562,0.0,0.005504223850844908,0.0,0.0033323179069856767,0.0,0.01455587338911676,0.0,0.0,0000,0.011452346109268978,0.007383671880164654,22,25,1,Unanimous B/LB-directed,cv_r1f1
NC_000013.11:32332594:C:A,BRCA2,0,0.02661828052520711,0.0,0.0046039029781818315,0.0,0.0038414284696892853,0.0,0.007576846192372265,0.0,0.0,0000,0.010660114541362623,0.006819255856675777,22,25,1,Unanimous B/LB-directed,cv_r1f1
NC_000013.11:32332776:C:A,BRCA2,0,0.020303872854070718,0.0,4.741115644271842e-05,0.0,1.7849489185539097e-08,0.0,0.004099209400048733,0.0,0.0,0000,0.006112627815012838,0.003681624623136991,22,25,1,Unanimous B/LB-directed,cv_r1f1
NC_000013.11:32332790:A:T,BRCA2,0,0.02272891868325701,0.0,0.00107784317430733,0.0,0.0017443094277731026,0.0,0.006527459733694163,0.0,0.0,0000,0.0080196327547579,0.004973847737074309,22,25,1,Unanimous B/LB-directed,cv_r1f1
NC_000013.11:32332831:C:A,BRCA2,0,0.0212529950934491,0.0,0.00011461892459435748,0.0,0.00016373197213143811,0.0,0.005716216484959,0.0,0.0,0000,0.006811890618783473,0.004150935607068469,22,25,1,Unanimous B/LB-directed,cv_r1f1
NC_000013.11:32336291:G:A,BRCA2,0,0.04220800299239451,0.0,0.000827671784183339,0.0,1.7849489185539097e-08,0.0,0.004137060547528491,0.0,0.0,0000,0.011793188293398881,0.007627876389706958,22,25,1,Unanimous B/LB-directed,cv_r1f1
NC_000013.11:32336563:G:T,BRCA2,0,0.020947860967429184,0.0,0.007427859235699486,0.0,0.0008026719851620498,0.0,0.008264982939069389,0.0,0.0,0000,0.009360843781840027,0.005903915048307924,22,25,1,Unanimous B/LB-directed,cv_r1f1
NC_000013.11:32336629:C:T,BRCA2,0,0.04100243355169855,0.0,0.0011475757427481124,0.0,1.7849489185539097e-08,0.0,0.00953618823452485,0.0,0.0,0000,0.012921553844615175,0.008441917605232377,22,25,1,Unanimous B/LB-directed,cv_r1f1
NC_000013.11:32336808:T:A,BRCA2,0,0.05798632037626356,0.0,0.365000666923192,0.0,0.05963740537437839,0.0,0.0680394658828928,0.0,0.0,0000,0.13766596463918168,0.1189186279481516,22,25,1,Unanimous B/LB-directed,cv_r1f1
NC_000013.11:32336857:C:T,BRCA2,0,0.027046646562680653,0.0,0.0023237443547437097,0.0,0.0008855108182884541,0.0,0.0084286503096832,0.0,0.0,0000,0.009671138011349004,0.006121296917214283,22,25,1,Unanimous B/LB-directed,cv_r1f1
NC_000013.11:32337052:A:G,BRCA2,0,0.01640100518191608,0.0,0.0013695476995857648,0.0,0.0006821041575329747,0.0,0.0056132640002193295,0.0,0.0,0000,0.006016480259813538,0.0036175404461691574,22,25,1,Unanimous B/LB-directed,cv_r1f1
NC_000013.11:32337226:A:G,BRCA2,0,0.01589410611508849,0.0,0.004477371947849302,0.0,0.00012256453176966997,0.0,0.008387195641090769,0.0,0.0,0000,0.007220309558949558,0.004427546858624614,22,25,1,Unanimous B/LB-directed,cv_r1f1
NC_000013.11:32337486:T:G,BRCA2,0,0.024939015994103825,0.0,0.009777007910485126,0.0,0.01821246371457959,0.0,0.10052360857740496,0.0,0.0,0000,0.03836302404914338,0.028335758171564567,22,25,1,Unanimous B/LB-directed,cv_r1f1
NC_000013.11:32337587:T:G,BRCA2,0,0.016386941752094812,0.0,0.0040130374126289975,0.0,0.0016087495807586883,0.0,0.01107884920326227,0.0,0.0,0000,0.008271894487186193,0.005147542563604324,22,25,1,Unanimous B/LB-directed,cv_r1f1
NC_000013.11:32337646:A:T,BRCA2,0,0.0215933265407289,0.0,0.006331553495587234,0.0,0.004449079679813101,0.0,0.009410126495128042,0.0,0.0,0000,0.010446021552814318,0.006667521547990475,22,25,1,Unanimous B/LB-directed,cv_r1f1
NC_000013.11:32337755:G:C,BRCA2,0,0.007771061373774778,0.0,0.0007424304138833103,0.0,0.002662133132244119,0.0,0.005121146631498245,0.0,0.0,0000,0.004074192887850113,0.002349477509851551,22,25,1,Unanimous B/LB-directed,cv_r1f1
NC_000013.11:32338153:G:A,BRCA2,0,0.01833710772113979,0.0,0.0005238416250167949,0.0,1.7849489185539097e-08,0.0,0.006280168065782048,0.0,0.0,0000,0.006285283815356955,0.0037969798383845556,22,25,1,Unanimous B/LB-directed,cv_r1f1
NC_000013.11:32338212:A:T,BRCA2,0,0.026837883538017127,0.0,0.05557480297503825,0.0,0.00749198704603191,0.0,0.008636784815026591,0.0,0.0,0000,0.02463536459352847,0.017294654893847586,22,25,1,Unanimous B/LB-directed,cv_r1f1
NC_000013.11:32338270:G:A,BRCA2,0,0.019760233510240442,0.0,0.002387303621754509,0.0,0.002500382411299442,0.0,0.007617473686517121,0.0,0.0,0000,0.008066348307452878,0.005005968602324027,22,25,1,Unanimous B/LB-directed,cv_r1f1
NC_000013.11:32338789:A:C,BRCA2,0,0.017402516821383118,0.0,0.0016567475186278957,0.0,0.0034185697554117577,0.0,0.013505872339138842,0.0,0.0,0000,0.008995926608640403,0.0056492951318778024,22,25,1,Unanimous B/LB-directed,cv_r1f1
NC_000013.11:32338790:G:C,BRCA2,0,0.016138181569637575,0.0,0.0003513137150763382,0.0,1.7849489185539097e-08,0.0,0.008359124659518003,0.0,0.0,0000,0.006212159448430276,0.0037480808631505888,22,25,1,Unanimous B/LB-directed,cv_r1f1
NC_000013.11:32338875:G:C,BRCA2,0,0.022935696597356572,0.0,0.017290753217950778,0.0,0.009435546233757142,0.0,0.024980039760976014,0.0,0.0,0000,0.018660508952510126,0.012697557507314945,22,25,1,Unanimous B/LB-directed,cv_r1f1
NC_000013.11:32338924:T:G,BRCA2,0,0.7147717005733566,1.0,0.5099053706848284,0.0,0.8709360806528449,1.0,0.8503557163927663,1.0,3.0,1011,0.736492217075949,0.7613617014859366,22,25,1,Mixed votes,cv_r1f1
NC_000013.11:32338963:G:A,BRCA2,0,0.012937127122181131,0.0,0.01588989858877352,0.0,0.03624683145849222,0.0,0.030207675993712012,0.0,0.0,0000,0.02382038329078972,0.016659015371991635,22,25,1,Unanimous B/LB-directed,cv_r1f1
NC_000013.11:32339290:G:A,BRCA2,0,0.021797775454020524,0.0,0.005856780394153863,0.0,0.00023785747283617048,0.0,0.010612986568574404,0.0,0.0,0000,0.009626349972396241,0.00608987116478403,22,25,1,Unanimous B/LB-directed,cv_r1f1
NC_000013.11:32339353:T:A,BRCA2,0,0.037705477612724324,0.0,0.023619095373122522,0.0,0.02828390948753865,0.0,0.09610020155119445,0.0,0.0,0000,0.046427171006144984,0.035067622293833624,22,25,1,Unanimous B/LB-directed,cv_r1f1
NC_000013.11:32339836:A:G,BRCA2,0,0.02583411039165811,0.0,0.010862473838775701,0.0,0.00023785747283617048,0.0,0.012362583706578698,0.0,0.0,0000,0.01232425635246217,0.008009957247511464,22,25,1,Unanimous B/LB-directed,cv_r1f1
NC_000013.11:32340202:G:A,BRCA2,0,0.021616708905330267,0.0,0.00042706256910215583,0.0,1.7849489185539097e-08,0.0,0.004003344198441084,0.0,0.0,0000,0.006511783380590674,0.003948836080252707,22,25,1,Unanimous B/LB-directed,cv_r1f1
NC_000013.11:32340568:T:A,BRCA2,0,0.036860917142516096,0.0,0.11821487354560681,0.0,0.04279089341100183,0.0,0.05315680929977632,0.0,0.0,0000,0.06275587334972527,0.04913873646159837,22,25,1,Unanimous B/LB-directed,cv_r1f1
NC_000013.11:32340738:A:C,BRCA2,0,0.05356938509064665,0.0,0.08023461955343884,0.0,0.05837036296154053,0.0,0.07338362328748411,0.0,0.0,0000,0.06638949772327753,0.0523398258403504,22,25,1,Unanimous B/LB-directed,cv_r1f1
NC_000013.11:32355171:A:G,BRCA2,0,0.040360863433216855,0.0,0.00012366357575782438,0.0,1.7849489185539097e-08,0.0,0.007388439837161544,0.0,0.0,0000,0.011968246173906353,0.007753612381098746,22,25,1,Unanimous B/LB-directed,cv_r1f1
NC_000013.11:32355196:G:T,BRCA2,0,0.04062276248322115,0.0,0.004623904713168555,0.0,0.00035120776481779983,0.0,0.004261303793225684,0.0,0.0,0000,0.012464794688608297,0.008111384113620976,22,25,1,Unanimous B/LB-directed,cv_r1f1
NC_000013.11:32355204:A:G,BRCA2,0,0.023574352518392763,0.0,0.00602330873812926,0.0,0.000741816773745131,0.0,0.005976867848487489,0.0,0.0,0000,0.00907908646968866,0.005707220076391697,22,25,1,Unanimous B/LB-directed,cv_r1f1
NC_000013.11:32355249:T:C,BRCA2,0,,,,,,,,,,,,,19,25,0,,cv_r1f1
NC_000013.11:32363428:G:T,BRCA2,0,0.21777432361014173,0.0,0.23451902364902652,0.0,0.34004753781942126,0.0,0.17238347844643745,0.0,0.0,0000,0.24118109088125675,0.22410704117257682,22,25,1,Unanimous B/LB-directed,cv_r1f1
NC_000013.11:32363509:G:A,BRCA2,0,0.3455100564020754,0.0,0.3228649386162853,0.0,0.5272126574776423,1.0,0.58775762478836,1.0,2.0,0011,0.44583631932109075,0.446263815596279,22,25,1,Mixed votes,cv_r1f1
NC_000013.11:32370422:C:A,BRCA2,0,0.0924196639623372,0.0,0.15024216548056263,0.0,0.2048489749024447,0.0,0.07544884843580263,0.0,0.0,0000,0.13073991319528677,0.11218803980348847,22,25,1,Unanimous B/LB-directed,cv_r1f1
NC_000013.11:32376675:C:T,BRCA2,0,0.016899835593902162,0.0,0.002130338923510593,0.0,0.0004920204130164136,0.0,0.00634194146639055,0.0,0.0,0000,0.00646603409920493,0.003918116114063749,22,25,1,Unanimous B/LB-directed,cv_r1f1
NC_000013.11:32376738:G:A,BRCA2,0,0.637559060586966,1.0,0.32992738089254436,0.0,0.5056871612293211,1.0,0.09423695175676623,0.0,2.0,1010,0.3918526386163994,0.38672780819550895,22,25,1,Mixed votes,cv_r1f1
NC_000013.11:32379347:T:G,BRCA2,0,0.30994562620534294,0.0,0.3633540101279631,0.0,0.221334027830425,0.0,0.033920597398539136,0.0,0.0,0000,0.23213856539056754,0.21463647046353346,22,25,1,Unanimous B/LB-directed,cv_r1f1
NC_000013.11:32379838:A:G,BRCA2,0,0.05036774329350311,0.0,0.08001699099038491,0.0,0.012667628976106684,0.0,0.016598270381914818,0.0,0.0,0000,0.03991265841047738,0.0296167477061772,22,25,1,Unanimous B/LB-directed,cv_r1f1
NC_000013.11:32379884:C:T,BRCA2,0,0.49502380566203197,0.0,0.6042140138804294,1.0,0.2851497758227062,0.0,0.07677244492167459,0.0,1.0,0100,0.3652900100717106,0.35758094942874463,22,25,1,Mixed votes,cv_r1f1
NC_000013.11:32380075:C:T,BRCA2,0,0.02314199563630358,0.0,0.045127103033086355,0.0,0.01782192592618607,0.0,0.025417984599743485,0.0,0.0,0000,0.027877252298829872,0.019847331086378674,22,25,1,Unanimous B/LB-directed,cv_r1f1
NC_000015.10:90749686:A:G,BLM,0,0.04875800403236279,0.0,0.00011614509930491533,0.0,0.010867778204838795,0.0,0.007787082222643182,0.0,0.0,0000,0.016882252389787418,0.011360163026225972,24,25,1,Unanimous B/LB-directed,cv_r1f1
NC_000015.10:90794263:A:G,BLM,0,0.02203874024302471,0.0,0.007457996292288714,0.0,0.007914121116323081,0.0,0.005818011197613937,0.0,0.0,0000,0.01080721721231261,0.0069237110475198135,25,25,1,Unanimous B/LB-directed,cv_r1f1
NC_000016.10:23603646:C:T,PALB2,0,0.03936095509851002,0.0,0.011079461394849124,0.0,0.020420968202186557,0.0,0.0064216643343228364,0.0,0.0,0000,0.019320762257467136,0.013197982493579768,23,25,1,Unanimous B/LB-directed,cv_r1f1
NC_000016.10:23603665:G:A,PALB2,0,,,,,,,,,,,,,2,25,0,,cv_r1f1
NC_000016.10:23629878:G:T,PALB2,0,0.03830971531292938,0.0,0.0003466178139570868,0.0,0.009621056670915598,0.0,0.006731553569374412,0.0,0.0,0000,0.013752235841794119,0.009046421269221961,24,25,1,Unanimous B/LB-directed,cv_r1f1
NC_000016.10:23629994:G:A,PALB2,0,0.02943532589089439,0.0,0.0004747884563089165,0.0,0.013068046251141979,0.0,0.00675231785413173,0.0,0.0,0000,0.012432619613119256,0.008088151794266541,24,25,1,Unanimous B/LB-directed,cv_r1f1
NC_000016.10:23635032:C:T,PALB2,0,0.03902711981217039,0.0,2.652526194519438e-05,0.0,0.00016373197213143811,0.0,0.008270176579134137,0.0,0.0,0000,0.011871888406345291,0.007684377139911699,25,25,1,Unanimous B/LB-directed,cv_r1f1
NC_000016.10:68801791:A:G,CDH1,0,0.01983936194520932,0.0,4.8427136013411047e-05,0.0,0.0022363048780192,0.0,0.006462193848845109,0.0,0.0,0000,0.007146571952021761,0.00437747573887347,24,25,1,Unanimous B/LB-directed,cv_r1f1
NC_000016.10:68813345:G:C,CDH1,0,0.014081113010762258,0.0,0.00026902751621772137,0.0,0.005536846559349196,0.0,0.005965675644928488,0.0,0.0,0000,0.006463165682814416,0.0039161908086184785,24,25,1,Unanimous B/LB-directed,cv_r1f1
NC_000016.10:68813447:G:A,CDH1,0,0.014063174861731942,0.0,4.596956268980942e-06,0.0,0.0013721531573073812,0.0,0.005505937514418679,0.0,0.0,0000,0.005236465622431746,0.0031019338138789116,25,25,1,Unanimous B/LB-directed,cv_r1f1
NC_000016.10:68813470:C:G,CDH1,0,0.1091695548635149,0.0,0.03244050521456297,0.0,0.35487674207722697,0.0,0.16820703278105895,0.0,0.0,0000,0.16617345873409095,0.14708790165571917,25,25,1,Unanimous B/LB-directed,cv_r1f1
NC_000016.10:68829756:G:A,CDH1,0,0.3626306996106444,0.0,0.24143429827973695,0.0,0.4022900115663868,0.0,0.06584336843902662,0.0,0.0,0000,0.2680495944739487,0.25249356446031385,25,25,1,Unanimous B/LB-directed,cv_r1f1
NC_000016.10:68833484:G:A,CDH1,0,0.012937400670050657,0.0,0.0023597775884794457,0.0,0.10620001487782023,0.0,0.04333854847993139,0.0,0.0,0000,0.04120893540407043,0.030693067659861177,24,25,1,Unanimous B/LB-directed,cv_r1f1
NC_000016.10:89738899:G:A,FANCA,0,,,,,,,,,,,,,2,25,0,,cv_r1f1
NC_000016.10:89738941:A:G,FANCA,0,,,,,,,,,,,,,2,25,0,,cv_r1f1
NC_000016.10:89738965:G:A,FANCA,0,,,,,,,,,,,,,2,25,0,,cv_r1f1
NC_000016.10:89738965:G:C,FANCA,0,,,,,,,,,,,,,2,25,0,,cv_r1f1
NC_000016.10:89765019:A:T,FANCA,0,0.035894695333616625,0.0,0.00031132880685447964,0.0,0.037377400509314145,0.0,0.04984136189601095,0.0,0.0,0000,0.03085619663644905,0.022224760423581007,25,25,1,Unanimous B/LB-directed,cv_r1f1
NC_000016.10:89816555:C:G,FANCA,0,0.06724460249719495,0.0,0.100690971425503,0.0,0.03634304025312123,0.0,0.159968198464,0.0,0.0,0000,0.0910617031599548,0.07464002843775792,24,25,1,Unanimous B/LB-directed,cv_r1f1
NC_000017.11:7669670:C:G,TP53,0,0.005460377489522723,0.0,0.05692078320351721,0.0,0.044922882510453406,0.0,0.034560884710654105,0.0,0.0,0000,0.035466231978536863,0.025958448998712365,25,25,1,Unanimous B/LB-directed,cv_r1f1
NC_000017.11:7670645:C:T,TP53,0,0.01012295817004744,0.0,0.00026096722014423576,0.0,0.0014421961210905547,0.0,0.01333764860120524,0.0,0.0,0000,0.006290942528121867,0.003800766487165247,25,25,1,Unanimous B/LB-directed,cv_r1f1
NC_000017.11:7670704:C:A,TP53,0,0.6693983987311098,1.0,0.41912429350738095,0.0,0.6614052281020079,1.0,0.2977476866005781,0.0,2.0,1010,0.5119189017352691,0.5192976743292348,24,25,1,Mixed votes,cv_r1f1
NC_000017.11:7673227:G:C,TP53,0,,,,,,,,,,,,,2,25,0,,cv_r1f1
NC_000017.11:7673555:A:T,TP53,0,0.01103881601327669,0.0,0.006246573989442502,0.0,0.014783938500831508,0.0,0.014340386980335807,0.0,0.0,0000,0.011602428870971626,0.007491102615961357,24,25,1,Unanimous B/LB-directed,cv_r1f1
NC_000017.11:7673589:C:T,TP53,0,0.015595969701454647,0.0,0.022528304691338322,0.0,0.02621441513219098,0.0,0.030869737018410524,0.0,0.0,0000,0.02380210663584862,0.016644789845714394,25,25,1,Unanimous B/LB-directed,cv_r1f1
NC_000017.11:7673712:T:C,TP53,0,0.019778647111462575,0.0,0.037341361985632204,0.0,0.007265757190837213,0.0,0.007917367575634314,0.0,0.0,0000,0.018075783465891577,0.012256091701860958,24,25,1,Unanimous B/LB-directed,cv_r1f1
NC_000017.11:7673720:G:A,TP53,0,0.03180893324861131,0.0,0.11958417912386464,0.0,0.039902664126553876,0.0,0.024571744480138165,0.0,0.0,0000,0.053966880244791994,0.04149746510722705,24,25,1,Unanimous B/LB-directed,cv_r1f1
NC_000017.11:7673799:C:T,TP53,0,0.02160305280418247,0.0,0.001993367633888956,0.0,0.0052469370572376635,0.0,0.011226445517844793,0.0,0.0,0000,0.01001745075328847,0.006364833631705359,24,25,1,Unanimous B/LB-directed,cv_r1f1
NC_000017.11:7674954:C:G,TP53,0,0.09065215653337282,0.0,0.125953467075152,0.0,0.15825308217208553,0.0,0.05307575826713515,0.0,0.0,0000,0.10698361601193637,0.08948486746696381,24,25,1,Unanimous B/LB-directed,cv_r1f1
NC_000017.11:7675055:C:T,TP53,0,0.005682108218426517,0.0,0.009387723235335448,0.0,0.19675057380986694,0.0,0.05049125830695777,0.0,0.0,0000,0.06557791589264667,0.05162282383267896,25,25,1,Unanimous B/LB-directed,cv_r1f1
NC_000017.11:7676004:C:T,TP53,0,0.8080457691062675,1.0,0.5003366218299339,0.0,0.6796265324585774,1.0,0.35080431164776193,0.0,2.0,1010,0.5847033087606351,0.5992968627096902,25,25,1,Mixed votes,cv_r1f1
NC_000017.11:7676147:G:A,TP53,0,0.02019131384443197,0.0,0.00021800617530170143,0.0,0.004343999136848509,0.0,0.00788764076224007,0.0,0.0,0000,0.008160239979705563,0.005070589300085869,25,25,1,Unanimous B/LB-directed,cv_r1f1
NC_000017.11:7676152:GG:AC,TP53,0,,,,,,,,,,,,,1,25,0,,cv_r1f1
NC_000017.11:7676261:G:T,TP53,0,0.04124899106425683,0.0,0.08504346042518296,0.0,0.03783351267128638,0.0,0.01405757891086061,0.0,0.0,0000,0.0445458857678967,0.033483001601955005,22,25,1,Unanimous B/LB-directed,cv_r1f1
NC_000017.11:7676573:A:C,TP53,0,0.03253233644234927,0.0,0.0020810189291315456,0.0,0.0006332532072262668,0.0,0.007095885075161455,0.0,0.0,0000,0.010585623413467134,0.006766422523118486,22,25,1,Unanimous B/LB-directed,cv_r1f1
NC_000017.11:35100980:C:T,RAD51D,0,0.018315286920442334,0.0,0.0004680287027249282,0.0,0.002030225600329534,0.0,0.006186575662405844,0.0,0.0,0000,0.00675002922147566,0.00410919500047372,23,25,1,Unanimous B/LB-directed,cv_r1f1
NC_000017.11:35101015:C:T,RAD51D,0,0.035214632934178716,0.0,0.01912697728984296,0.0,0.0042482143864006035,0.0,0.036955243746546004,0.0,0.0,0000,0.02388626708924207,0.016710306369701614,23,25,1,Unanimous B/LB-directed,cv_r1f1
NC_000017.11:43045703:G:A,BRCA1,0,0.00845035183224325,0.0,0.015219142844458577,0.0,0.007387359179330996,0.0,0.008940200235097139,0.0,0.0,0000,0.00999926352278249,0.006352020123541979,25,25,1,Unanimous B/LB-directed,cv_r1f1
NC_000017.11:43045724:C:T,BRCA1,0,0.02402799305452434,0.0,0.1346892168090203,0.0,0.06467254992005801,0.0,0.11894384077081255,0.0,0.0,0000,0.0855834001386038,0.06960979616047758,24,25,1,Unanimous B/LB-directed,cv_r1f1
NC_000017.11:43045794:C:T,BRCA1,0,,,,,,,,,,,,,2,25,0,,cv_r1f1
NC_000017.11:43049142:A:C,BRCA1,0,0.18809225500600849,0.0,0.5117007106691287,0.0,0.10109427178016547,0.0,0.05794581043276118,0.0,0.0,0000,0.21470826197201595,0.19651148589380565,24,25,1,Unanimous B/LB-directed,cv_r1f1
NC_000017.11:43049179:T:A,BRCA1,0,0.10295142401587813,0.0,0.5483646545057871,1.0,0.3698526089836208,0.0,0.4247957105849625,0.0,1.0,0100,0.3614910995225621,0.35342383625353957,25,25,1,Mixed votes,cv_r1f1
NC_000017.11:43063357:A:G,BRCA1,0,0.19066358664070907,0.0,0.4698202188900816,0.0,0.3180837936482991,0.0,0.12346609593250146,0.0,0.0,0000,0.2755084237778978,0.2604337383471972,24,25,1,Unanimous B/LB-directed,cv_r1f1
NC_000017.11:43067622:C:T,BRCA1,0,0.012455798748886974,0.0,0.03530397674845806,0.0,0.0867012890472666,0.0,0.05092617273535419,0.0,0.0,0000,0.04634680931999145,0.03499976522049434,24,25,1,Unanimous B/LB-directed,cv_r1f1
NC_000017.11:43067679:A:C,BRCA1,0,0.7392466663962594,1.0,0.6407649986094353,1.0,0.5641960453953515,1.0,0.1503037788299079,0.0,3.0,1110,0.5236278723077384,0.5322165786210018,24,25,1,Mixed votes,cv_r1f1
NC_000017.11:43067690:A:G,BRCA1,0,0.18160573724683501,0.0,0.3732836333125956,0.0,0.22670709079036666,0.0,0.6041288669136955,1.0,1.0,0001,0.3464313320658732,0.33697680035166244,25,25,1,Mixed votes,cv_r1f1
NC_000017.11:43071000:T:A,BRCA1,0,0.044802300025086915,0.0,0.1448290810473923,0.0,0.0312094996557989,0.0,0.017359117065550704,0.0,0.0,0000,0.05954999944845721,0.046334379389684974,24,25,1,Unanimous B/LB-directed,cv_r1f1
NC_000017.11:43076514:C:T,BRCA1,0,0.030244789367455376,0.0,0.0005336645538016611,0.0,0.01924133339063926,0.0,0.03225820027260389,0.0,0.0,0000,0.02056949689612505,0.014149855117481493,24,25,1,Unanimous B/LB-directed,cv_r1f1
NC_000017.11:43079333:C:T,BRCA1,0,,,,,,,,,,,,,2,25,0,,cv_r1f1
NC_000017.11:43079348:T:C,BRCA1,0,,,,,,,,,,,,,2,25,0,,cv_r1f1
NC_000017.11:43091449:T:A,BRCA1,0,0.03248047016051501,0.0,0.0006279226290031116,0.0,0.006127892306506039,0.0,0.010464153461500123,0.0,0.0,0000,0.012425109639381069,0.008082730126027024,24,25,1,Unanimous B/LB-directed,cv_r1f1
NC_000017.11:43091519:G:C,BRCA1,0,0.033728550268762175,0.0,0.02796911982734051,0.0,0.016981643239044424,0.0,0.01223774979916659,0.0,0.0,0000,0.022729265783578423,0.01581204634165415,24,25,1,Unanimous B/LB-directed,cv_r1f1
NC_000017.11:43091612:C:A,BRCA1,0,0.026989338640375816,0.0,0.013391826491940212,0.0,0.006094672677912282,0.0,0.015042181106516391,0.0,0.0,0000,0.015379504729186175,0.010242542529162206,24,25,1,Unanimous B/LB-directed,cv_r1f1
NC_000017.11:43091733:C:G,BRCA1,0,0.022376213908498057,0.0,0.0016547121933527939,0.0,0.019567980539070558,0.0,0.014892069773565424,0.0,0.0,0000,0.014622744103621708,0.009684386980216722,25,25,1,Unanimous B/LB-directed,cv_r1f1
NC_000017.11:43091863:G:A,BRCA1,0,0.05450553015061791,0.0,0.08620003700030641,0.0,0.07086900051330704,0.0,0.026563360084704505,0.0,0.0,0000,0.05953448193723397,0.046320852026499444,24,25,1,Unanimous B/LB-directed,cv_r1f1
NC_000017.11:43091929:C:T,BRCA1,0,0.022269084204097563,0.0,0.001883276690222352,0.0,0.006294654491248981,0.0,0.007312746054607924,0.0,0.0,0000,0.009439940360044205,0.0059592521372290415,25,25,1,Unanimous B/LB-directed,cv_r1f1
NC_000017.11:43091980:C:T,BRCA1,0,0.028304575694231757,0.0,9.40181769778567e-05,0.0,0.00400676436742993,0.0,0.010727897405487297,0.0,0.0,0000,0.010783313911031711,0.006906726773768982,24,25,1,Unanimous B/LB-directed,cv_r1f1
NC_000017.11:43091988:A:G,BRCA1,0,0.008817446531811393,0.0,0.0011391613912116365,0.0,0.0032751129421168387,0.0,0.0088189325823259,0.0,0.0,0000,0.005512663361866442,0.0032836069809049164,24,25,1,Unanimous B/LB-directed,cv_r1f1
NC_000017.11:43092046:C:T,BRCA1,0,0.029527323805101143,0.0,0.0001990909623674484,0.0,0.007144658350984308,0.0,0.007174870107330697,0.0,0.0,0000,0.0110114858064459,0.0070690237076897955,24,25,1,Unanimous B/LB-directed,cv_r1f1
NC_000017.11:43092302:T:A,BRCA1,0,0.2906001173646387,0.0,0.5406660099468167,1.0,0.3072664664811248,0.0,0.3211299142871211,0.0,1.0,0100,0.36491562701992536,0.3571711264290911,25,25,1,Mixed votes,cv_r1f1
NC_000017.11:43092400:T:C,BRCA1,0,0.023403276582839524,0.0,1.287695633683884e-05,0.0,0.0006171593419099738,0.0,0.006071193093569693,0.0,0.0,0000,0.007526126493664007,0.004635807389067548,25,25,1,Unanimous B/LB-directed,cv_r1f1
NC_000017.11:43092619:G:T,BRCA1,0,0.012213859894597192,0.0,0.0010683575098939168,0.0,0.00255402981003268,0.0,0.006059161532227806,0.0,0.0,0000,0.005473852186687899,0.0032580171255532533,24,25,1,Unanimous B/LB-directed,cv_r1f1
NC_000017.11:43093138:G:C,BRCA1,0,0.016151382565209902,0.0,0.00020028316155684821,0.0,0.0015846951954206665,0.0,0.00780105672791153,0.0,0.0,0000,0.006434354412524736,0.0038968576521143244,25,25,1,Unanimous B/LB-directed,cv_r1f1
NC_000017.11:43093447:C:A,BRCA1,0,0.018847275603267665,0.0,0.03552652839669115,0.0,0.025083850735859795,0.0,0.027912405280143427,0.0,0.0,0000,0.026842515003990507,0.01902850386377367,25,25,1,Unanimous B/LB-directed,cv_r1f1
NC_000017.11:43093570:T:C,BRCA1,0,0.03331724869887197,0.0,0.000681133793027351,0.0,0.046457749381470924,0.0,0.02309859367361001,0.0,0.0,0000,0.025888681386745063,0.01827703672784122,25,25,1,Unanimous B/LB-directed,cv_r1f1
NC_000017.11:43093633:G:T,BRCA1,0,0.03352054019893404,0.0,0.07326576122576349,0.0,0.017024672907096285,0.0,0.022091853738857387,0.0,0.0,0000,0.0364757070176628,0.026784274987024115,24,25,1,Unanimous B/LB-directed,cv_r1f1
NC_000017.11:43093730:G:C,BRCA1,0,0.01319845689356994,0.0,0.00042376881420041237,0.0,0.003048707391268176,0.0,0.007067522652501535,0.0,0.0,0000,0.005934613937885015,0.003563063306960466,24,25,1,Unanimous B/LB-directed,cv_r1f1
NC_000017.11:43094072:A:T,BRCA1,0,0.020322574861353006,0.0,0.0003651021845066637,0.0,0.007772770649581241,0.0,0.012964435635781986,0.0,0.0,0000,0.010356220832805723,0.006603980431536106,24,25,1,Unanimous B/LB-directed,cv_r1f1
NC_000017.11:43094109:A:G,BRCA1,0,0.018831981499673436,0.0,0.045720360722810584,0.0,0.008975782097818335,0.0,0.008274217624130222,0.0,0.0,0000,0.020450585486108144,0.014058914438358964,24,25,1,Unanimous B/LB-directed,cv_r1f1
NC_000017.11:43094361:T:C,BRCA1,0,0.015302697144883748,0.0,0.0077310992316426495,0.0,0.008413793194594439,0.0,0.0057548699989656525,0.0,0.0,0000,0.009300614892521621,0.005861813023066244,24,25,1,Unanimous B/LB-directed,cv_r1f1
NC_000017.11:43094442:T:C,BRCA1,0,0.0487812947638381,0.0,0.00011038329312251324,0.0,0.08036485332128024,0.0,0.030938239581316033,0.0,0.0,0000,0.040048692739889216,0.02972949756814521,25,25,1,Unanimous B/LB-directed,cv_r1f1
NC_000017.11:43094457:A:G,BRCA1,0,0.04276500125220688,0.0,5.354092381939012e-05,0.0,0.003361009516520129,0.0,0.006123363156436932,0.0,0.0,0000,0.013075728712245832,0.008553788199161253,24,25,1,Unanimous B/LB-directed,cv_r1f1
NC_000017.11:43094529:G:T,BRCA1,0,0.027459021739296655,0.0,0.08332349263587191,0.0,0.0055553818467921606,0.0,0.008444243936792151,0.0,0.0,0000,0.031195535039688218,0.022497396596618684,24,25,1,Unanimous B/LB-directed,cv_r1f1
NC_000017.11:43094639:C:T,BRCA1,0,0.005394616995104068,0.0,0.014931118235734384,0.0,0.05241626244897865,0.0,0.020675596356804903,0.0,0.0,0000,0.0233543985091555,0.016296725123882284,24,25,1,Unanimous B/LB-directed,cv_r1f1
NC_000017.11:43094691:G:C,BRCA1,0,0.0030437905022039358,0.0,0.002894445763123156,0.0,0.05987096127481404,0.0,0.018582561067154307,0.0,0.0,0000,0.02109793965182386,0.014554737256941149,25,25,1,Unanimous B/LB-directed,cv_r1f1
NC_000017.11:43094787:G:T,BRCA1,0,0.08801598216633526,0.0,0.5977984871509214,1.0,0.01981711062391878,0.0,0.03281256890209666,0.0,1.0,0100,0.184611037210818,0.1656651654471605,24,25,1,Mixed votes,cv_r1f1
NC_000017.11:43099810:T:C,BRCA1,0,0.039151346592731166,0.0,0.0010781490925771892,0.0,0.010600132514632382,0.0,0.024734580985411436,0.0,0.0,0000,0.018891052296338043,0.012872062366009412,25,25,1,Unanimous B/LB-directed,cv_r1f1
NC_000017.11:43104165:G:T,BRCA1,0,0.8981438012521624,1.0,0.923051886385899,1.0,0.8919185221202564,1.0,0.9337614264167219,1.0,4.0,1111,0.91171890904376,0.9311333795354295,24,25,1,Unanimous LP/P-directed,cv_r1f1
NC_000017.11:43104192:T:C,BRCA1,0,0.02422838089045816,0.0,0.008238222351594755,0.0,0.016452271132382408,0.0,0.008613594892342365,0.0,0.0,0000,0.014383117316694422,0.009508328487364858,24,25,1,Unanimous B/LB-directed,cv_r1f1
NC_000017.11:43104257:G:C,BRCA1,0,0.03771314520542818,0.0,0.033722298665872265,0.0,0.05120285474826108,0.0,0.010519505044031157,0.0,0.0,0000,0.03328945091589817,0.02418757369785207,25,25,1,Unanimous B/LB-directed,cv_r1f1
NC_000017.11:58692681:T:A,RAD51C,0,0.07897937850511173,0.0,0.06523788988273614,0.0,0.0012119928994818825,0.0,0.007906716657507256,0.0,0.0,0000,0.03833399448620925,0.028311821507531254,24,25,1,Unanimous B/LB-directed,cv_r1f1
NC_000017.11:58696786:G:A,RAD51C,0,0.014159938170394201,0.0,0.002598906888295644,0.0,0.05182997470141189,0.0,0.03719104274095285,0.0,0.0,0000,0.026444965625263644,0.018714904327412213,25,25,1,Unanimous B/LB-directed,cv_r1f1
NC_000017.11:61683543:T:C,BRIP1,0,0.04822345474082738,0.0,0.04982612972215859,0.0,0.0027165835719767813,0.0,0.0188470336617133,0.0,0.0,0000,0.029903300424169013,0.02146112314803846,23,25,1,Unanimous B/LB-directed,cv_r1f1
NC_000017.11:61685985:A:T,BRIP1,0,0.047402069702754734,0.0,0.0024825975685669644,0.0,0.0037983422474792265,0.0,0.014125610985819995,0.0,0.0,0000,0.016952155126155232,0.011412438867482532,22,25,1,Unanimous B/LB-directed,cv_r1f1
NC_000017.11:61857138:T:C,BRIP1,0,0.05285162159021796,0.0,0.005922552780199542,0.0,0.0006821041575329747,0.0,0.006379034669882062,0.0,0.0,0000,0.016458828299458134,0.011044048184347484,24,25,1,Unanimous B/LB-directed,cv_r1f1
NC_000019.10:1223123:T:C,STK11,0,0.01624864694236882,0.0,0.005799267896488295,0.0,0.01666696147756495,0.0,0.00830051059626937,0.0,0.0,0000,0.011753846728172859,0.007599648055199835,25,25,1,Unanimous B/LB-directed,cv_r1f1
NC_000019.10:1226549:C:A,STK11,0,0.005043841201762415,0.0,0.0006031068183475386,0.0,0.0027439073229403,0.0,0.007315328103580459,0.0,0.0,0000,0.003926545861657678,0.0022554271988761564,24,25,1,Unanimous B/LB-directed,cv_r1f1
NC_000002.12:214780802:T:C,BARD1,0,0.032192078293279164,0.0,4.552211484662953e-05,0.0,0.0010348855918376931,0.0,0.012288012201644157,0.0,0.0,0000,0.011390124550401913,0.007339179488240948,24,25,1,Unanimous B/LB-directed,cv_r1f1
NC_000002.12:214780999:T:C,BARD1,0,0.03396962252009573,0.0,0.0014692448380930537,0.0,0.002420424650716422,0.0,0.015469830135230019,0.0,0.0,0000,0.013332280536033806,0.008740276088424467,24,25,1,Unanimous B/LB-directed,cv_r1f1
NC_000002.12:214809499:GC:AT,BARD1,0,,,,,,,,,,,,,0,25,0,,cv_r1f1
NC_000008.11:89943290:T:C,NBN,0,0.010007342325791676,0.0,0.00016228698674357266,0.0,0.015433729487575862,0.0,0.011175678386501778,0.0,0.0,0000,0.009194759296653221,0.005787890179316502,24,25,1,Unanimous B/LB-directed,cv_r1f1
NC_000008.11:89953323:C:T,NBN,0,0.04865165269646321,0.0,0.00013809794032301225,0.0,0.0009702026264040636,0.0,0.010193537775200403,0.0,0.0,0000,0.014988372759597673,0.009953656672234959,24,25,1,Unanimous B/LB-directed,cv_r1f1
NC_000008.11:89982788:ATC:GTT,NBN,0,,,,,,,,,,,,,0,25,0,,cv_r1f1
NC_000009.12:95111576:C:A,FANCC,0,0.049439928362439246,0.0,0.00011623741760401938,0.0,0.00016373197213143811,0.0,0.0073160306534416015,0.0,0.0,0000,0.014258982101404076,0.009417255306610818,25,25,1,Unanimous B/LB-directed,cv_r1f1
NC_000009.12:95125150:T:C,FANCC,0,0.026829232090701725,0.0,0.0006226393360935248,0.0,1.7849489185539097e-08,0.0,0.013312917689897048,0.0,0.0,0000,0.01019120174154537,0.0064873777422601924,25,25,1,Unanimous B/LB-directed,cv_r1f1
