SPDI,gene,predicted_gene,majority_gene
NC_000010.11:87894083:A:G,PTEN,PTEN,BRCA1
NC_000010.11:87925528:C:G,PTEN,PTEN,BRCA1
NC_000010.11:87925549:T:C,PTEN,PTEN,BRCA1
NC_000010.11:87933036:A:G,PTEN,PTEN,BRCA1
NC_000010.11:87933120:C:G,PTEN,PTEN,BRCA1
NC_000010.11:87933161:A:G,PTEN,PTEN,BRCA1
NC_000010.11:87952141:C:T,PTEN,PTEN,BRCA1
NC_000011.10:108301697:C:T,ATM,ATM,BRCA1
NC_000011.10:108315862:A:G,ATM,ATM,BRCA1
NC_000011.10:108365358:C:T,ATM,ATM,BRCA1
NC_000013.11:32346895:G:A,BRCA2,BRCA2,BRCA1
NC_000015.10:90763097:A:G,BLM,ATM,BRCA1
NC_000016.10:89746889:T:C,FANCA,FANCA,BRCA1
NC_000016.10:89761948:C:T,FANCA,FANCA,BRCA1
NC_000017.11:7673786:G:A,TP53,TP53,BRCA1
NC_000017.11:7673792:G:C,TP53,TP53,BRCA1
NC_000017.11:7673801:C:T,TP53,TP53,BRCA1
NC_000017.11:7673805:C:T,TP53,TP53,BRCA1
NC_000017.11:7674190:C:T,TP53,TP53,BRCA1
NC_000017.11:7674219:C:G,TP53,TP53,BRCA1
NC_000017.11:7674219:C:A,TP53,TP53,BRCA1
NC_000017.11:7674228:C:T,TP53,TP53,BRCA1
NC_000017.11:7674229:C:T,TP53,TP53,BRCA1
NC_000017.11:7674237:C:T,TP53,TP53,BRCA1
NC_000017.11:7674240:G:C,TP53,TP53,BRCA1
NC_000017.11:7674240:G:A,TP53,TP53,BRCA1
NC_000017.11:7674262:A:C,TP53,TP53,BRCA1
NC_000017.11:7675138:C:T,TP53,TP53,BRCA1
NC_000017.11:7675189:C:T,TP53,TP53,BRCA1
NC_000017.11:7675199:C:G,TP53,TP53,BRCA1
NC_000017.11:35103500:G:A,RAD51D,BRCA1,BRCA1
NC_000017.11:43045760:A:G,BRCA1,BRCA1,BRCA1
NC_000017.11:43051070:A:T,BRCA1,BRCA1,BRCA1
NC_000017.11:43051097:A:C,BRCA1,BRCA1,BRCA1
NC_000017.11:43057121:A:G,BRCA1,BRCA1,BRCA1
NC_000017.11:43063880:G:C,BRCA1,BRCA1,BRCA1
NC_000017.11:43063930:G:A,BRCA1,BRCA1,BRCA1
NC_000017.11:43063936:A:G,BRCA1,BRCA1,BRCA1
NC_000017.11:43076487:C:A,BRCA1,BRCA1,BRCA1
NC_000017.11:43124043:A:G,BRCA1,BRCA1,BRCA1
NC_000019.10:1220487:G:A,STK11,STK11,BRCA1
NC_000022.11:28725069:C:T,CHEK2,CHEK2,BRCA1
NC_000010.11:87864333:G:C,PTEN,PTEN,BRCA1
NC_000010.11:87864484:A:G,PTEN,PTEN,BRCA1
NC_000010.11:87864503:A:T,PTEN,PTEN,BRCA1
NC_000010.11:87864513:A:C,PTEN,PTEN,BRCA1
NC_000010.11:87864513:A:T,PTEN,PTEN,BRCA1
NC_000010.11:87864538:G:T,PTEN,PTEN,BRCA1
NC_000010.11:87894049:GG:AC,PTEN,BRCA2,BRCA1
NC_000010.11:87894057:C:G,PTEN,PTEN,BRCA1
NC_000010.11:87894102:T:C,PTEN,PTEN,BRCA1
NC_000010.11:87933032:G:T,PTEN,PTEN,BRCA1
NC_000010.11:87933033:A:G,PTEN,PTEN,BRCA1
NC_000010.11:87933036:A:C,PTEN,PTEN,BRCA1
NC_000010.11:87933042:C:T,PTEN,PTEN,BRCA1
NC_000010.11:87933045:C:A,PTEN,PTEN,BRCA1
NC_000010.11:87933056:C:T,PTEN,PTEN,BRCA1
NC_000010.11:87933060:T:A,PTEN,PTEN,BRCA1
NC_000010.11:87933060:T:C,PTEN,PTEN,BRCA1
NC_000010.11:87933071:T:G,PTEN,PTEN,BRCA1
NC_000010.11:87933077:G:T,PTEN,PTEN,BRCA1
NC_000010.11:87933081:T:C,PTEN,PTEN,BRCA1
NC_000010.11:87933113:G:T,PTEN,PTEN,BRCA1
NC_000010.11:87933119:G:A,PTEN,PTEN,BRCA1
NC_000010.11:87933144:G:T,PTEN,PTEN,BRCA1
NC_000010.11:87933147:G:C,PTEN,PTEN,BRCA1
NC_000010.11:87933147:G:T,PTEN,PTEN,BRCA1
NC_000010.11:87933160:G:C,PTEN,PTEN,BRCA1
NC_000010.11:87933160:G:T,PTEN,PTEN,BRCA1
NC_000010.11:87933166:T:G,PTEN,PTEN,BRCA1
NC_000010.11:87933233:A:G,PTEN,PTEN,BRCA1
NC_000010.11:87933237:C:T,PTEN,PTEN,BRCA1
NC_000010.11:87952135:C:A,PTEN,PTEN,BRCA1
NC_000010.11:87952135:C:G,PTEN,PTEN,BRCA1
NC_000010.11:87952222:T:G,PTEN,PTEN,BRCA1
NC_000010.11:87960906:A:C,PTEN,PTEN,BRCA1
NC_000010.11:87961038:T:C,PTEN,PTEN,BRCA1
NC_000010.11:87961068:A:G,PTEN,PTEN,BRCA1
NC_000011.10:108235833:G:C,ATM,ATM,BRCA1
NC_000011.10:108249101:G:C,ATM,ATM,BRCA1
NC_000011.10:108272531:G:T,ATM,ATM,BRCA1
NC_000011.10:108284327:T:C,ATM,ATM,BRCA1
NC_000011.10:108297381:G:A,ATM,ATM,BRCA1
NC_000011.10:108310221:C:T,ATM,ATM,BRCA1
NC_000011.10:108317411:T:G,ATM,ATM,BRCA1
NC_000011.10:108332847:TG:GC,ATM,BRCA2,BRCA1
NC_000011.10:108335079:G:C,ATM,ATM,BRCA1
NC_000011.10:108343246:G:C,ATM,ATM,BRCA1
NC_000011.10:108343246:G:T,ATM,ATM,BRCA1
NC_000011.10:108345887:G:T,ATM,ATM,BRCA1
NC_000013.11:32326612:G:A,BRCA2,BRCA2,BRCA1
NC_000013.11:32341195:G:T,BRCA2,BRCA1,BRCA1
NC_000013.11:32346895:G:T,BRCA2,BRCA2,BRCA1
NC_000013.11:32357910:G:A,BRCA2,BRCA2,BRCA1
NC_000013.11:32362542:G:A,BRCA2,BRCA2,BRCA1
NC_000013.11:32362691:A:G,BRCA2,BRCA2,BRCA1
NC_000013.11:32363189:A:T,BRCA2,BRCA2,BRCA1
NC_000013.11:32363377:T:A,BRCA2,BRCA2,BRCA1
NC_000013.11:32370431:T:C,BRCA2,BRCA2,BRCA1
NC_000013.11:32370555:A:C,BRCA2,BRCA2,BRCA1
NC_000013.11:32371099:G:A,BRCA2,ATM,BRCA1
NC_000013.11:32380114:G:C,BRCA2,BRCA2,BRCA1
NC_000013.11:32380115:G:A,BRCA2,BRCA2,BRCA1
NC_000013.11:32394802:A:T,BRCA2,BRCA2,BRCA1
NC_000013.11:32394804:C:T,BRCA2,BRCA2,BRCA1
NC_000015.10:90794337:A:T,BLM,ATM,BRCA1
NC_000016.10:23641154:C:T,PALB2,PALB2,BRCA1
NC_000016.10:23641156:T:C,PALB2,PALB2,BRCA1
NC_000016.10:68810268:G:T,CDH1,ATM,BRCA1
NC_000016.10:68810276:T:A,CDH1,TP53,BRCA1
NC_000016.10:68812182:G:A,CDH1,CDH1,BRCA1
NC_000016.10:68828203:G:A,CDH1,CDH1,BRCA1
NC_000016.10:89739516:G:A,FANCA,FANCA,BRCA1
NC_000016.10:89745003:G:A,FANCA,FANCA,BRCA1
NC_000016.10:89749729:C:A,FANCA,FANCA,BRCA1
NC_000016.10:89749804:C:T,FANCA,FANCA,BRCA1
NC_000016.10:89761948:C:A,FANCA,FANCA,BRCA1
NC_000016.10:89761993:T:C,FANCA,FANCA,BRCA1
NC_000016.10:89764929:T:G,FANCA,BRCA1,BRCA1
NC_000016.10:89765035:C:G,FANCA,FANCA,BRCA1
NC_000016.10:89769978:C:G,FANCA,FANCA,BRCA1
NC_000016.10:89791454:T:C,FANCA,FANCA,BRCA1
NC_000016.10:89792066:A:G,FANCA,FANCA,BRCA1
NC_000016.10:89805305:G:C,FANCA,CDH1,BRCA1
NC_000016.10:89816614:T:C,FANCA,FANCA,BRCA1
NC_000017.11:7670708:C:A,TP53,TP53,BRCA1
NC_000017.11:7673550:T:A,TP53,TP53,BRCA1
NC_000017.11:7673778:C:A,TP53,TP53,BRCA1
NC_000017.11:7673778:C:T,TP53,TP53,BRCA1
NC_000017.11:7673810:A:G,TP53,TP53,BRCA1
NC_000017.11:7674201:A:T,TP53,TP53,BRCA1
NC_000017.11:7674205:T:C,TP53,TP53,BRCA1
NC_000017.11:7674220:G:C,TP53,TP53,BRCA1
NC_000017.11:7674227:GC:AT,TP53,TP53,BRCA1
NC_000017.11:7674241:A:C,TP53,TP53,BRCA1
NC_000017.11:7674249:C:G,TP53,TP53,BRCA1
NC_000017.11:7674251:C:G,TP53,TP53,BRCA1
NC_000017.11:7674917:A:C,TP53,TP53,BRCA1
NC_000017.11:7674953:G:T,TP53,TP53,BRCA1
NC_000017.11:7675069:C:G,TP53,TP53,BRCA1
NC_000017.11:7675074:A:C,TP53,TP53,BRCA1
NC_000017.11:7675079:G:C,TP53,TP53,BRCA1
NC_000017.11:7675084:C:A,TP53,TP53,BRCA1
NC_000017.11:7675088:G:C,TP53,TP53,BRCA1
NC_000017.11:7675135:G:T,TP53,TP53,BRCA1
NC_000017.11:7675208:A:C,TP53,TP53,BRCA1
NC_000017.11:7675215:C:A,TP53,TP53,BRCA1
NC_000017.11:7675216:T:C,TP53,TP53,BRCA1
NC_000017.11:7675232:A:G,TP53,TP53,BRCA1
NC_000017.11:7675994:G:C,TP53,TP53,BRCA1
NC_000017.11:7676036:A:T,TP53,TP53,BRCA1
NC_000017.11:43045708:A:G,BRCA1,BRCA1,BRCA1
NC_000017.11:43045760:A:T,BRCA1,BRCA1,BRCA1
NC_000017.11:43047642:C:G,BRCA1,BRCA1,BRCA1
NC_000017.11:43047642:C:T,BRCA1,BRCA1,BRCA1
NC_000017.11:43047683:A:T,BRCA1,BRCA1,BRCA1
NC_000017.11:43049160:G:A,BRCA1,BRCA1,BRCA1
NC_000017.11:43051112:A:C,BRCA1,BRCA1,BRCA1
NC_000017.11:43057092:G:C,BRCA1,BRCA1,BRCA1
NC_000017.11:43057100:C:T,BRCA1,BRCA1,BRCA1
NC_000017.11:43057113:C:A,BRCA1,BRCA1,BRCA1
NC_000017.11:43057115:C:T,BRCA1,BRCA1,BRCA1
NC_000017.11:43057128:A:T,BRCA1,BRCA1,BRCA1
NC_000017.11:43063882:T:A,BRCA1,BRCA1,BRCA1
NC_000017.11:43063885:C:A,BRCA1,BRCA1,BRCA1
NC_000017.11:43067607:C:A,BRCA1,BRCA1,BRCA1
NC_000017.11:43067621:A:C,BRCA1,BRCA1,BRCA1
NC_000017.11:43067625:G:C,BRCA1,BRCA1,BRCA1
NC_000017.11:43070950:A:G,BRCA1,BRCA1,BRCA1
NC_000017.11:43094577:T:A,BRCA1,BRCA1,BRCA1
NC_000017.11:43104881:T:A,BRCA1,BRCA1,BRCA1
NC_000017.11:43104884:A:G,BRCA1,BRCA1,BRCA1
NC_000017.11:43106456:T:C,BRCA1,BRCA1,BRCA1
NC_000017.11:43106477:A:T,BRCA1,BRCA1,BRCA1
NC_000017.11:43106527:C:A,BRCA1,BRCA1,BRCA1
NC_000017.11:43115738:G:C,BRCA1,BRCA1,BRCA1
NC_000017.11:43115744:A:C,BRCA1,BRCA1,BRCA1
NC_000017.11:43115744:A:G,BRCA1,BRCA1,BRCA1
NC_000017.11:43115744:A:T,BRCA1,BRCA1,BRCA1
NC_000017.11:43115749:G:C,BRCA1,BRCA1,BRCA1
NC_000017.11:43115755:A:G,BRCA1,BRCA1,BRCA1
NC_000017.11:43115758:G:C,BRCA1,BRCA1,BRCA1
NC_000017.11:43124016:C:T,BRCA1,BRCA1,BRCA1
NC_000017.11:43124026:A:G,BRCA1,BRCA1,BRCA1
NC_000017.11:43124094:A:G,BRCA1,BRCA1,BRCA1
NC_000017.11:58695188:G:C,RAD51C,ATM,BRCA1
NC_000017.11:58724098:A:G,RAD51C,BRCA1,BRCA1
NC_000017.11:61801347:C:G,BRIP1,FANCA,BRCA1
NC_000019.10:1220448:A:G,STK11,STK11,BRCA1
NC_000019.10:1220693:C:A,STK11,STK11,BRCA1
NC_000019.10:1220701:C:G,STK11,STK11,BRCA1
NC_000019.10:1221995:C:T,STK11,BRCA1,BRCA1
NC_000019.10:1221996:G:C,STK11,STK11,BRCA1
NC_000019.10:1222987:G:T,STK11,STK11,BRCA1
NC_000009.12:95249288:C:A,FANCC,BLM,BRCA1
NC_000002.12:214730439:G:A,BARD1,CDH1,BRCA1
NC_000002.12:214809499:G:A,BARD1,FANCA,BRCA1
NC_000009.12:95107253:C:T,FANCC,FANCA,BRCA1
NC_000010.11:87965337:A:G,PTEN,BRCA1,BRCA1
NC_000011.10:108235707:A:G,ATM,ATM,BRCA1
NC_000011.10:108244024:T:A,ATM,ATM,BRCA1
NC_000011.10:108251005:G:A,ATM,ATM,BRCA1
NC_000011.10:108251864:C:G,ATM,PALB2,BRCA1
NC_000011.10:108297325:A:G,ATM,ATM,BRCA1
NC_000011.10:108327663:T:C,ATM,ATM,BRCA1
NC_000013.11:32332441:A:C,BRCA2,BRCA2,BRCA1
NC_000013.11:32332658:A:C,BRCA2,BRCA2,BRCA1
NC_000013.11:32336318:C:G,BRCA2,BRCA2,BRCA1
NC_000013.11:32336492:A:T,BRCA2,BRCA2,BRCA1
NC_000013.11:32336770:G:C,BRCA2,BRCA2,BRCA1
NC_000013.11:32338444:A:C,BRCA2,BRCA2,BRCA1
NC_000013.11:32338612:G:T,BRCA2,BRCA2,BRCA1
NC_000013.11:32339449:G:A,BRCA2,BRCA2,BRCA1
NC_000013.11:32339988:C:G,BRCA2,BRCA2,BRCA1
NC_000013.11:32340139:A:G,BRCA2,BRCA2,BRCA1
NC_000013.11:32340677:G:A,BRCA2,BRCA2,BRCA1
NC_000013.11:32340701:A:G,BRCA2,BRCA2,BRCA1
NC_000013.11:32340809:C:A,BRCA2,BRCA2,BRCA1
NC_000013.11:32356550:G:A,BRCA2,BRCA2,BRCA1
NC_000013.11:32363195:A:G,BRCA2,BRCA2,BRCA1
NC_000013.11:32363228:T:C,BRCA2,BRCA2,BRCA1
NC_000013.11:32379767:G:A,BRCA2,BRCA2,BRCA1
NC_000015.10:90749521:G:C,BLM,NBN,BRCA1
NC_000015.10:90749677:A:G,BLM,FANCC,BRCA1
NC_000015.10:90811290:G:A,BLM,FANCA,BRCA1
NC_000016.10:23635824:T:C,PALB2,PALB2,BRCA1
NC_000016.10:68808534:G:A,CDH1,CDH1,BRCA1
NC_000016.10:68808764:G:A,CDH1,CDH1,BRCA1
NC_000016.10:68810316:T:G,CDH1,CDH1,BRCA1
NC_000016.10:68812143:A:G,CDH1,BRCA1,BRCA1
NC_000016.10:68812144:C:T,CDH1,CDH1,BRCA1
NC_000016.10:68813471:G:A,CDH1,CDH1,BRCA1
NC_000016.10:68815610:G:A,CDH1,CDH1,BRCA1
NC_000016.10:68822137:G:A,CDH1,CDH1,BRCA1
NC_000016.10:68822176:C:G,CDH1,CDH1,BRCA1
NC_000016.10:68823481:A:T,CDH1,CDH1,BRCA1
NC_000016.10:68823565:G:A,CDH1,CDH1,BRCA1
NC_000016.10:68829686:G:A,CDH1,CDH1,BRCA1
NC_000016.10:89748741:C:T,FANCA,FANCA,BRCA1
NC_000016.10:89758698:G:T,FANCA,FANCA,BRCA1
NC_000016.10:89773357:G:C,FANCA,FANCA,BRCA1
NC_000016.10:89783071:C:T,FANCA,FANCA,BRCA1
NC_000016.10:89799207:C:G,FANCA,FANCA,BRCA1
NC_000016.10:89803296:C:T,FANCA,FANCA,BRCA1
NC_000016.10:89805387:G:A,FANCA,NBN,BRCA1
NC_000017.11:7669655:G:T,TP53,TP53,BRCA1
NC_000017.11:7670629:C:G,TP53,TP53,BRCA1
NC_000017.11:7673578:G:T,TP53,TP53,BRCA1
NC_000017.11:7675142:C:T,TP53,TP53,BRCA1
NC_000017.11:7676049:A:G,TP53,TP53,BRCA1
NC_000017.11:7676223:C:G,TP53,TP53,BRCA1
NC_000017.11:7676229:G:A,TP53,TP53,BRCA1
NC_000017.11:7676263:C:G,TP53,TP53,BRCA1
NC_000017.11:43057130:T:C,BRCA1,BRCA1,BRCA1
NC_000017.11:43070957:C:T,BRCA1,ATM,BRCA1
NC_000017.11:43071076:T:A,BRCA1,BRCA1,BRCA1
NC_000017.11:43074470:C:A,BRCA1,BRCA1,BRCA1
NC_000017.11:43074485:C:G,BRCA1,BRCA1,BRCA1
NC_000017.11:43076569:T:G,BRCA1,BRCA1,BRCA1
NC_000017.11:43090996:C:T,BRCA1,BRCA1,BRCA1
NC_000017.11:43091484:G:A,BRCA1,BRCA1,BRCA1
NC_000017.11:43091817:G:A,BRCA1,BRCA1,BRCA1
NC_000017.11:43091922:C:T,BRCA1,BRCA1,BRCA1
NC_000017.11:43091982:T:C,BRCA1,BRCA1,BRCA1
NC_000017.11:43091989:C:T,BRCA1,BRCA1,BRCA1
NC_000017.11:43092390:A:G,BRCA1,BRCA1,BRCA1
NC_000017.11:43092411:C:T,BRCA1,BRCA1,BRCA1
NC_000017.11:43092757:T:G,BRCA1,BRCA1,BRCA1
NC_000017.11:43092918:G:A,BRCA1,ATM,BRCA1
NC_000017.11:43093009:G:A,BRCA1,BRCA1,BRCA1
NC_000017.11:43093053:G:T,BRCA1,BRCA1,BRCA1
NC_000017.11:43093665:G:A,BRCA1,BRCA1,BRCA1
NC_000017.11:43093875:C:A,BRCA1,BRCA1,BRCA1
NC_000017.11:43093914:G:A,BRCA1,BRCA1,BRCA1
NC_000017.11:43093996:G:A,BRCA1,BRCA1,BRCA1
NC_000017.11:43094463:T:C,BRCA1,BRCA1,BRCA1
NC_000017.11:43094584:T:C,BRCA1,BRCA1,BRCA1
NC_000017.11:43097265:C:T,BRCA1,BRCA1,BRCA1
NC_000017.11:43097279:G:T,BRCA1,BRCA1,BRCA1
NC_000017.11:61793636:T:C,BRIP1,CDH1,BRCA1
NC_000017.11:61847150:C:T,BRIP1,FANCC,BRCA1
NC_000022.11:28695158:A:C,CHEK2,ATM,BRCA1
NC_000010.11:87862429:A:G,PTEN,BRCA1,BRCA1
NC_000010.11:87864003:G:A,PTEN,PTEN,BRCA1
NC_000010.11:87864185:C:T,PTEN,PTEN,BRCA1
NC_000010.11:87960983:C:G,PTEN,TP53,BRCA1
NC_000011.10:108227778:G:C,ATM,ATM,BRCA1
NC_000011.10:108244101:G:A,ATM,ATM,BRCA1
NC_000011.10:108287702:G:A,ATM,ATM,BRCA1
NC_000011.10:108289798:A:T,ATM,ATM,BRCA1
NC_000011.10:108325389:G:A,ATM,ATM,BRCA1
NC_000011.10:108325453:G:T,ATM,ATM,BRCA1
NC_000011.10:108365158:T:G,ATM,ATM,BRCA1
NC_000013.11:32332345:G:C,BRCA2,BRCA2,BRCA1
NC_000013.11:32332385:C:T,BRCA2,BRCA2,BRCA1
NC_000013.11:32332594:C:A,BRCA2,BRCA2,BRCA1
NC_000013.11:32332776:C:A,BRCA2,BRCA2,BRCA1
NC_000013.11:32332790:A:T,BRCA2,BRCA2,BRCA1
NC_000013.11:32332831:C:A,BRCA2,BRCA2,BRCA1
NC_000013.11:32336291:G:A,BRCA2,BRCA2,BRCA1
NC_000013.11:32336563:G:T,BRCA2,BRCA2,BRCA1
NC_000013.11:32336629:C:T,BRCA2,BRCA2,BRCA1
NC_000013.11:32336808:T:A,BRCA2,BRCA2,BRCA1
NC_000013.11:32336857:C:T,BRCA2,BRCA2,BRCA1
NC_000013.11:32337052:A:G,BRCA2,BRCA2,BRCA1
NC_000013.11:32337226:A:G,BRCA2,BRCA2,BRCA1
NC_000013.11:32337486:T:G,BRCA2,BRCA2,BRCA1
NC_000013.11:32337587:T:G,BRCA2,BRCA2,BRCA1
NC_000013.11:32337646:A:T,BRCA2,BRCA2,BRCA1
NC_000013.11:32337755:G:C,BRCA2,BRCA2,BRCA1
NC_000013.11:32338153:G:A,BRCA2,BRCA2,BRCA1
NC_000013.11:32338212:A:T,BRCA2,BRCA2,BRCA1
NC_000013.11:32338270:G:A,BRCA2,BRCA2,BRCA1
NC_000013.11:32338789:A:C,BRCA2,BRCA2,BRCA1
NC_000013.11:32338790:G:C,BRCA2,BRCA2,BRCA1
NC_000013.11:32338875:G:C,BRCA2,BRCA2,BRCA1
NC_000013.11:32338924:T:G,BRCA2,BRCA2,BRCA1
NC_000013.11:32338963:G:A,BRCA2,BRCA2,BRCA1
NC_000013.11:32339290:G:A,BRCA2,BRCA2,BRCA1
NC_000013.11:32339353:T:A,BRCA2,BRCA2,BRCA1
NC_000013.11:32339836:A:G,BRCA2,BRCA2,BRCA1
NC_000013.11:32340202:G:A,BRCA2,BRCA2,BRCA1
NC_000013.11:32340568:T:A,BRCA2,BRCA2,BRCA1
NC_000013.11:32340738:A:C,BRCA2,BRCA2,BRCA1
NC_000013.11:32355171:A:G,BRCA2,BRCA2,BRCA1
NC_000013.11:32355196:G:T,BRCA2,BRCA2,BRCA1
NC_000013.11:32355204:A:G,BRCA2,BRCA2,BRCA1
NC_000013.11:32355249:T:C,BRCA2,BRCA2,BRCA1
NC_000013.11:32363428:G:T,BRCA2,BRCA2,BRCA1
NC_000013.11:32363509:G:A,BRCA2,BRCA2,BRCA1
NC_000013.11:32370422:C:A,BRCA2,BRCA2,BRCA1
NC_000013.11:32376675:C:T,BRCA2,BRCA2,BRCA1
NC_000013.11:32376738:G:A,BRCA2,BRCA2,BRCA1
NC_000013.11:32379347:T:G,BRCA2,BRCA2,BRCA1
NC_000013.11:32379838:A:G,BRCA2,BRCA2,BRCA1
NC_000013.11:32379884:C:T,BRCA2,BRCA2,BRCA1
NC_000013.11:32380075:C:T,BRCA2,BRCA2,BRCA1
NC_000015.10:90749686:A:G,BLM,ATM,BRCA1
NC_000015.10:90794263:A:G,BLM,ATM,BRCA1
NC_000016.10:23603646:C:T,PALB2,PALB2,BRCA1
NC_000016.10:23603665:G:A,PALB2,BRCA1,BRCA1
NC_000016.10:23629878:G:T,PALB2,PALB2,BRCA1
NC_000016.10:23629994:G:A,PALB2,PALB2,BRCA1
NC_000016.10:23635032:C:T,PALB2,PALB2,BRCA1
NC_000016.10:68801791:A:G,CDH1,CDH1,BRCA1
NC_000016.10:68813345:G:C,CDH1,CDH1,BRCA1
NC_000016.10:68813447:G:A,CDH1,ATM,BRCA1
NC_000016.10:68813470:C:G,CDH1,CDH1,BRCA1
NC_000016.10:68829756:G:A,CDH1,BRCA2,BRCA1
NC_000016.10:68833484:G:A,CDH1,CDH1,BRCA1
NC_000016.10:89738899:G:A,FANCA,FANCA,BRCA1
NC_000016.10:89738941:A:G,FANCA,BRCA1,BRCA1
NC_000016.10:89738965:G:A,FANCA,FANCA,BRCA1
NC_000016.10:89738965:G:C,FANCA,BRCA1,BRCA1
NC_000016.10:89765019:A:T,FANCA,FANCA,BRCA1
NC_000016.10:89816555:C:G,FANCA,FANCA,BRCA1
NC_000017.11:7669670:C:G,TP53,TP53,BRCA1
NC_000017.11:7670645:C:T,TP53,TP53,BRCA1
NC_000017.11:7670704:C:A,TP53,TP53,BRCA1
NC_000017.11:7673227:G:C,TP53,BRCA1,BRCA1
NC_000017.11:7673555:A:T,TP53,BRCA1,BRCA1
NC_000017.11:7673589:C:T,TP53,TP53,BRCA1
NC_000017.11:7673712:T:C,TP53,TP53,BRCA1
NC_000017.11:7673720:G:A,TP53,TP53,BRCA1
NC_000017.11:7673799:C:T,TP53,TP53,BRCA1
NC_000017.11:7674954:C:G,TP53,TP53,BRCA1
NC_000017.11:7675055:C:T,TP53,TP53,BRCA1
NC_000017.11:7676004:C:T,TP53,TP53,BRCA1
NC_000017.11:7676147:G:A,TP53,TP53,BRCA1
NC_000017.11:7676152:GG:AC,TP53,BRCA2,BRCA1
NC_000017.11:7676261:G:T,TP53,TP53,BRCA1
NC_000017.11:7676573:A:C,TP53,TP53,BRCA1
NC_000017.11:35100980:C:T,RAD51D,RAD51D,BRCA1
NC_000017.11:35101015:C:T,RAD51D,RAD51D,BRCA1
NC_000017.11:43045703:G:A,BRCA1,BRCA1,BRCA1
NC_000017.11:43045724:C:T,BRCA1,BRCA1,BRCA1
NC_000017.11:43045794:C:T,BRCA1,BRCA1,BRCA1
NC_000017.11:43049142:A:C,BRCA1,BRCA1,BRCA1
NC_000017.11:43049179:T:A,BRCA1,BRCA1,BRCA1
NC_000017.11:43063357:A:G,BRCA1,BRCA1,BRCA1
NC_000017.11:43067622:C:T,BRCA1,BRCA1,BRCA1
NC_000017.11:43067679:A:C,BRCA1,BRCA1,BRCA1
NC_000017.11:43067690:A:G,BRCA1,BRCA1,BRCA1
NC_000017.11:43071000:T:A,BRCA1,BRCA1,BRCA1
NC_000017.11:43076514:C:T,BRCA1,BRCA1,BRCA1
NC_000017.11:43079333:C:T,BRCA1,FANCA,BRCA1
NC_000017.11:43079348:T:C,BRCA1,FANCA,BRCA1
NC_000017.11:43091449:T:A,BRCA1,BRCA1,BRCA1
NC_000017.11:43091519:G:C,BRCA1,BRCA1,BRCA1
NC_000017.11:43091612:C:A,BRCA1,BRCA1,BRCA1
NC_000017.11:43091733:C:G,BRCA1,BRCA1,BRCA1
NC_000017.11:43091863:G:A,BRCA1,BRCA1,BRCA1
NC_000017.11:43091929:C:T,BRCA1,BRCA1,BRCA1
NC_000017.11:43091980:C:T,BRCA1,BRCA1,BRCA1
NC_000017.11:43091988:A:G,BRCA1,BRCA1,BRCA1
NC_000017.11:43092046:C:T,BRCA1,BRCA1,BRCA1
NC_000017.11:43092302:T:A,BRCA1,BRCA1,BRCA1
NC_000017.11:43092400:T:C,BRCA1,BRCA1,BRCA1
NC_000017.11:43092619:G:T,BRCA1,BRCA1,BRCA1
NC_000017.11:43093138:G:C,BRCA1,BRCA1,BRCA1
NC_000017.11:43093447:C:A,BRCA1,BRCA1,BRCA1
NC_000017.11:43093570:T:C,BRCA1,BRCA1,BRCA1
NC_000017.11:43093633:G:T,BRCA1,BRCA1,BRCA1
NC_000017.11:43093730:G:C,BRCA1,BRCA1,BRCA1
NC_000017.11:43094072:A:T,BRCA1,BRCA1,BRCA1
NC_000017.11:43094109:A:G,BRCA1,BRCA1,BRCA1
NC_000017.11:43094361:T:C,BRCA1,BRCA1,BRCA1
NC_000017.11:43094442:T:C,BRCA1,BRCA1,BRCA1
NC_000017.11:43094457:A:G,BRCA1,BRCA1,BRCA1
NC_000017.11:43094529:G:T,BRCA1,BRCA1,BRCA1
NC_000017.11:43094639:C:T,BRCA1,BRCA1,BRCA1
NC_000017.11:43094691:G:C,BRCA1,BRCA1,BRCA1
NC_000017.11:43094787:G:T,BRCA1,BRCA1,BRCA1
NC_000017.11:43099810:T:C,BRCA1,BRCA1,BRCA1
NC_000017.11:43104165:G:T,BRCA1,BRCA1,BRCA1
NC_000017.11:43104192:T:C,BRCA1,BRCA1,BRCA1
NC_000017.11:43104257:G:C,BRCA1,BRCA1,BRCA1
NC_000017.11:58692681:T:A,RAD51C,FANCC,BRCA1
NC_000017.11:58696786:G:A,RAD51C,CDH1,BRCA1
NC_000017.11:61683543:T:C,BRIP1,BRIP1,BRCA1
NC_000017.11:61685985:A:T,BRIP1,BRIP1,BRCA1
NC_000017.11:61857138:T:C,BRIP1,BLM,BRCA1
NC_000019.10:1223123:T:C,STK11,BRCA1,BRCA1
NC_000019.10:1226549:C:A,STK11,CDH1,BRCA1
NC_000002.12:214780802:T:C,BARD1,BARD1,BRCA1
NC_000002.12:214780999:T:C,BARD1,NBN,BRCA1
NC_000002.12:214809499:GC:AT,BARD1,BRCA2,BRCA1
NC_000008.11:89943290:T:C,NBN,CDH1,BRCA1
NC_000008.11:89953323:C:T,NBN,NBN,BRCA1
NC_000008.11:89982788:ATC:GTT,NBN,BRCA2,BRCA1
NC_000009.12:95111576:C:A,FANCC,FANCC,BRCA1
NC_000009.12:95125150:T:C,FANCC,BLM,BRCA1
NC_000009.12:95101722:A:G,FANCC,BRCA1,BRCA1
NC_000010.11:87894048:T:G,PTEN,PTEN,BRCA1
NC_000010.11:87933072:G:A,PTEN,PTEN,BRCA1
NC_000010.11:87933147:G:A,PTEN,PTEN,BRCA1
NC_000010.11:87952124:C:A,PTEN,PTEN,BRCA1
NC_000010.11:87957954:C:T,PTEN,PTEN,BRCA1
NC_000011.10:108289758:T:C,ATM,ATM,BRCA1
NC_000011.10:108325415:C:T,ATM,BRCA1,BRCA1
NC_000011.10:108330313:T:G,ATM,ATM,BRCA1
NC_000011.10:108335062:T:G,ATM,ATM,BRCA1
NC_000011.10:108345817:C:T,ATM,BRCA1,BRCA1
NC_000011.10:108345888:T:G,ATM,ATM,BRCA1
NC_000013.11:32363264:T:C,BRCA2,BRCA2,BRCA1
NC_000015.10:90794253:G:T,BLM,ATM,BRCA1
NC_000016.10:89740014:G:A,FANCA,BRCA1,BRCA1
NC_000016.10:89746847:T:C,FANCA,FANCA,BRCA1
NC_000017.11:7673765:T:A,TP53,TP53,BRCA1
NC_000017.11:7673777:T:C,TP53,TP53,BRCA1
NC_000017.11:7673802:G:A,TP53,TP53,BRCA1
NC_000017.11:7673820:G:A,TP53,TP53,BRCA1
NC_000017.11:7673825:A:G,TP53,TP53,BRCA1
NC_000017.11:7674211:T:G,TP53,TP53,BRCA1
NC_000017.11:7674219:C:T,TP53,TP53,BRCA1
NC_000017.11:7674267:A:G,TP53,TP53,BRCA1
NC_000017.11:7674892:C:T,TP53,TP53,BRCA1
NC_000017.11:7675087:C:A,TP53,TP53,BRCA1
NC_000017.11:7675094:C:T,TP53,TP53,BRCA1
NC_000017.11:7675142:C:A,TP53,TP53,BRCA1
NC_000017.11:7675198:G:A,TP53,TP53,BRCA1
NC_000017.11:7675994:G:T,TP53,TP53,BRCA1
NC_000017.11:7676039:C:G,TP53,TP53,BRCA1
NC_000017.11:43051070:A:C,BRCA1,BRCA1,BRCA1
NC_000017.11:43057082:G:C,BRCA1,BRCA1,BRCA1
NC_000017.11:43057112:T:C,BRCA1,BRCA1,BRCA1
NC_000017.11:43063882:T:G,BRCA1,BRCA1,BRCA1
NC_000017.11:43063908:C:T,BRCA1,BRCA1,BRCA1
NC_000017.11:43067609:G:A,BRCA1,BRCA1,BRCA1
NC_000017.11:43082528:A:G,BRCA1,ATM,BRCA1
NC_000017.11:43106455:C:T,BRCA1,BRCA1,BRCA1
NC_000017.11:43124031:A:G,BRCA1,BRCA1,BRCA1
NC_000019.10:1207057:T:G,STK11,PTEN,BRCA1
NC_000019.10:1207112:T:C,STK11,STK11,BRCA1
NC_000022.11:28734672:C:A,CHEK2,CHEK2,BRCA1
NC_000010.11:87864505:A:C,PTEN,PTEN,BRCA1
NC_000010.11:87864505:A:G,PTEN,PTEN,BRCA1
NC_000010.11:87864512:G:A,PTEN,PTEN,BRCA1
NC_000010.11:87864512:G:C,PTEN,PTEN,BRCA1
NC_000010.11:87864533:A:G,PTEN,PTEN,BRCA1
NC_000010.11:87864539:A:T,PTEN,PTEN,BRCA1
NC_000010.11:87864545:C:T,PTEN,PTEN,BRCA1
NC_000010.11:87864547:T:A,PTEN,PTEN,BRCA1
NC_000010.11:87894035:A:G,PTEN,PTEN,BRCA1
NC_000010.11:87894080:T:C,PTEN,PTEN,BRCA1
NC_000010.11:87894084:G:A,PTEN,PTEN,BRCA1
NC_000010.11:87894088:C:G,PTEN,PTEN,BRCA1
NC_000010.11:87933045:C:G,PTEN,PTEN,BRCA1
NC_000010.11:87933051:T:G,PTEN,PTEN,BRCA1
NC_000010.11:87933127:C:G,PTEN,PTEN,BRCA1
NC_000010.11:87933128:T:G,PTEN,PTEN,BRCA1
NC_000010.11:87933134:G:A,PTEN,PTEN,BRCA1
NC_000010.11:87933134:G:C,PTEN,PTEN,BRCA1
NC_000010.11:87933137:G:C,PTEN,PTEN,BRCA1
NC_000010.11:87933146:C:G,PTEN,PTEN,BRCA1
NC_000010.11:87933168:C:A,PTEN,PTEN,BRCA1
NC_000010.11:87933180:A:C,PTEN,PTEN,BRCA1
NC_000010.11:87933221:T:A,PTEN,PTEN,BRCA1
NC_000010.11:87933221:T:C,PTEN,PTEN,BRCA1
NC_000010.11:87933244:C:G,PTEN,TP53,BRCA1
NC_000010.11:87952133:G:A,PTEN,PTEN,BRCA1
NC_000010.11:87952144:T:C,PTEN,PTEN,BRCA1
NC_000010.11:87952166:T:C,PTEN,PTEN,BRCA1
NC_000010.11:87952217:T:A,PTEN,PTEN,BRCA1
NC_000010.11:87957878:A:G,PTEN,PTEN,BRCA1
NC_000010.11:87957957:T:C,PTEN,PTEN,BRCA1
NC_000010.11:87957969:G:T,PTEN,PTEN,BRCA1
NC_000010.11:87957972:A:T,PTEN,PTEN,BRCA1
NC_000010.11:87960920:A:G,PTEN,PTEN,BRCA1
NC_000010.11:87960921:C:G,PTEN,PTEN,BRCA1
NC_000010.11:87961067:G:A,PTEN,PTEN,BRCA1
NC_000010.11:87961117:G:T,PTEN,PTEN,BRCA1
NC_000011.10:108229323:G:A,ATM,ATM,BRCA1
NC_000011.10:108272815:A:G,ATM,BRCA1,BRCA1
NC_000011.10:108301778:C:T,ATM,ATM,BRCA1
NC_000011.10:108316029:G:A,ATM,ATM,BRCA1
NC_000011.10:108330260:T:C,ATM,ATM,BRCA1
NC_000011.10:108335079:G:A,ATM,ATM,BRCA1
NC_000011.10:108345808:C:T,ATM,ATM,BRCA1
NC_000011.10:108345818:G:T,ATM,ATM,BRCA1
NC_000011.10:108345888:TG:AA,ATM,BRCA2,BRCA1
NC_000013.11:32326612:G:C,BRCA2,BRCA2,BRCA1
NC_000013.11:32357909:G:C,BRCA2,BRCA2,BRCA1
NC_000013.11:32362523:G:C,BRCA2,BRCA2,BRCA1
NC_000013.11:32362573:G:C,BRCA2,BRCA2,BRCA1
NC_000013.11:32362595:A:T,BRCA2,BRCA2,BRCA1
NC_000013.11:32362604:A:C,BRCA2,BRCA2,BRCA1
NC_000013.11:32362692:G:A,BRCA2,BRCA2,BRCA1
NC_000013.11:32363188:G:A,BRCA2,BRCA2,BRCA1
NC_000013.11:32363365:A:G,BRCA2,BRCA2,BRCA1
NC_000013.11:32363366:C:A,BRCA2,BRCA2,BRCA1
NC_000013.11:32363366:C:G,BRCA2,BRCA2,BRCA1
NC_000013.11:32363369:A:C,BRCA2,BRCA2,BRCA1
NC_000013.11:32363369:A:G,BRCA2,BRCA2,BRCA1
NC_000013.11:32363375:G:T,BRCA2,BRCA2,BRCA1
NC_000013.11:32380043:G:T,BRCA2,BRCA2,BRCA1
NC_000013.11:32394716:C:G,BRCA2,BRCA2,BRCA1
NC_000016.10:23607863:C:T,PALB2,ATM,BRCA1
NC_000016.10:68737417:G:A,CDH1,CDH1,BRCA1
NC_000016.10:68810340:G:A,CDH1,BRCA1,BRCA1
NC_000016.10:68813494:G:T,CDH1,CDH1,BRCA1
NC_000016.10:68822054:A:T,CDH1,CDH1,BRCA1
NC_000016.10:89738946:C:G,FANCA,FANCA,BRCA1
NC_000016.10:89739230:C:G,FANCA,FANCA,BRCA1
NC_000016.10:89748677:T:G,FANCA,FANCA,BRCA1
NC_000016.10:89749805:G:A,FANCA,FANCA,BRCA1
NC_000016.10:89761994:C:T,FANCA,FANCA,BRCA1
NC_000016.10:89764944:A:G,FANCA,FANCA,BRCA1
NC_000016.10:89767214:A:C,FANCA,FANCA,BRCA1
NC_000016.10:89769890:A:G,FANCA,BRCA2,BRCA1
NC_000016.10:89770199:A:T,FANCA,FANCA,BRCA1
NC_000016.10:89771774:C:G,FANCA,BRCA1,BRCA1
NC_000016.10:89771777:A:G,FANCA,FANCA,BRCA1
NC_000016.10:89783097:T:C,FANCA,FANCA,BRCA1
NC_000016.10:89791503:C:T,FANCA,BRCA1,BRCA1
NC_000016.10:89816614:T:G,FANCA,FANCA,BRCA1
NC_000017.11:7673766:C:T,TP53,TP53,BRCA1
NC_000017.11:7673776:G:T,TP53,TP53,BRCA1
NC_000017.11:7673805:C:G,TP53,TP53,BRCA1
NC_000017.11:7673820:G:C,TP53,TP53,BRCA1
NC_000017.11:7673822:C:T,TP53,TP53,BRCA1
NC_000017.11:7673825:A:T,TP53,TP53,BRCA1
NC_000017.11:7674213:G:A,TP53,TP53,BRCA1
NC_000017.11:7674216:C:G,TP53,TP53,BRCA1
NC_000017.11:7674225:A:T,TP53,TP53,BRCA1
NC_000017.11:7674232:C:T,TP53,TP53,BRCA1
NC_000017.11:7674236:G:C,TP53,TP53,BRCA1
NC_000017.11:7674241:A:T,TP53,TP53,BRCA1
NC_000017.11:7674250:A:G,TP53,TP53,BRCA1
NC_000017.11:7674252:A:T,TP53,TP53,BRCA1
NC_000017.11:7674262:A:G,TP53,TP53,BRCA1
NC_000017.11:7674267:A:C,TP53,TP53,BRCA1
NC_000017.11:7674934:C:A,TP53,TP53,BRCA1
NC_000017.11:7675076:G:C,TP53,TP53,BRCA1
NC_000017.11:7675077:G:T,TP53,TP53,BRCA1
NC_000017.11:7675081:G:C,TP53,TP53,BRCA1
NC_000017.11:7675108:T:A,TP53,TP53,BRCA1
NC_000017.11:7675147:G:T,TP53,TP53,BRCA1
NC_000017.11:7675156:G:C,TP53,TP53,BRCA1
NC_000017.11:7675159:G:C,TP53,TP53,BRCA1
NC_000017.11:7675219:T:A,TP53,TP53,BRCA1
NC_000017.11:7675231:G:T,TP53,TP53,BRCA1
NC_000017.11:7676043:A:T,TP53,TP53,BRCA1
NC_000017.11:43045712:A:T,BRCA1,BRCA1,BRCA1
NC_000017.11:43045747:C:A,BRCA1,BRCA1,BRCA1
NC_000017.11:43045758:CC:AG,BRCA1,TP53,BRCA1
NC_000017.11:43045758:C:G,BRCA1,BRCA1,BRCA1
NC_000017.11:43047677:T:G,BRCA1,BRCA1,BRCA1
NC_000017.11:43049187:A:G,BRCA1,BRCA1,BRCA1
NC_000017.11:43051062:C:T,BRCA1,BRCA1,BRCA1
NC_000017.11:43051097:A:T,BRCA1,BRCA1,BRCA1
NC_000017.11:43057071:T:C,BRCA1,BRCA1,BRCA1
NC_000017.11:43057074:C:G,BRCA1,BRCA1,BRCA1
NC_000017.11:43057077:G:C,BRCA1,BRCA1,BRCA1
NC_000017.11:43057086:C:G,BRCA1,BRCA1,BRCA1
NC_000017.11:43057121:A:C,BRCA1,BRCA1,BRCA1
NC_000017.11:43063371:C:G,BRCA1,BRCA1,BRCA1
NC_000017.11:43063881:C:T,BRCA1,BRCA1,BRCA1
NC_000017.11:43063887:A:C,BRCA1,BRCA1,BRCA1
NC_000017.11:43063888:C:A,BRCA1,BRCA1,BRCA1
NC_000017.11:43063909:C:T,BRCA1,BRCA1,BRCA1
NC_000017.11:43063927:T:C,BRCA1,BRCA1,BRCA1
NC_000017.11:43063929:C:A,BRCA1,BRCA1,BRCA1
NC_000017.11:43067609:G:C,BRCA1,BRCA1,BRCA1
NC_000017.11:43076487:C:G,BRCA1,BRCA1,BRCA1
NC_000017.11:43104881:T:C,BRCA1,BRCA1,BRCA1
NC_000017.11:43106455:C:G,BRCA1,BRCA1,BRCA1
NC_000017.11:43115728:C:G,BRCA1,BRCA1,BRCA1
NC_000017.11:43115728:C:T,BRCA1,BRCA1,BRCA1
NC_000017.11:43115729:A:G,BRCA1,BRCA1,BRCA1
NC_000017.11:43115729:A:T,BRCA1,BRCA1,BRCA1
NC_000017.11:43115737:T:A,BRCA1,BRCA1,BRCA1
NC_000017.11:43115738:G:A,BRCA1,BRCA1,BRCA1
NC_000017.11:43115743:C:T,BRCA1,BRCA1,BRCA1
NC_000017.11:43124022:G:A,BRCA1,BRCA1,BRCA1
NC_000017.11:43124043:A:C,BRCA1,BRCA1,BRCA1
NC_000017.11:43124094:A:C,BRCA1,BRCA1,BRCA1
NC_000017.11:58695178:A:C,RAD51C,ATM,BRCA1
NC_000017.11:58695189:G:C,RAD51C,ATM,BRCA1
NC_000017.11:61743012:C:A,BRIP1,CDH1,BRCA1
NC_000017.11:61808619:C:G,BRIP1,BRIP1,BRCA1
NC_000019.10:1220434:A:G,STK11,STK11,BRCA1
NC_000019.10:1220489:C:G,STK11,STK11,BRCA1
NC_000019.10:1221976:G:T,STK11,STK11,BRCA1
NC_000019.10:1222986:G:T,STK11,STK11,BRCA1
NC_000002.12:214797063:C:T,BARD1,BRCA1,BRCA1
NC_000022.11:28725069:C:G,CHEK2,CHEK2,BRCA1
NC_000002.12:214752453:C:G,BARD1,BARD1,BRCA1
NC_000002.12:214781151:G:C,BARD1,FANCA,BRCA1
NC_000008.11:89947855:C:T,NBN,NBN,BRCA1
NC_000009.12:95111287:G:A,FANCC,FANCA,BRCA1
NC_000009.12:95125108:C:T,FANCC,BLM,BRCA1
NC_000009.12:95172076:C:T,FANCC,PALB2,BRCA1
NC_000010.11:87862095:T:C,PTEN,TP53,BRCA1
NC_000010.11:87864031:T:C,PTEN,PTEN,BRCA1
NC_000010.11:87864460:C:G,PTEN,PTEN,BRCA1
NC_000010.11:87965320:C:A,PTEN,BRCA1,BRCA1
NC_000011.10:108271260:T:C,ATM,BRCA1,BRCA1
NC_000011.10:108289004:C:T,ATM,ATM,BRCA1
NC_000011.10:108307914:G:A,ATM,ATM,BRCA1
NC_000011.10:108310217:G:C,ATM,BRCA1,BRCA1
NC_000011.10:108317408:G:A,ATM,FANCA,BRCA1
NC_000013.11:32326267:C:A,BRCA2,BRCA2,BRCA1
NC_000013.11:32332308:T:G,BRCA2,BRCA2,BRCA1
NC_000013.11:32332517:A:G,BRCA2,BRCA2,BRCA1
NC_000013.11:32332600:C:T,BRCA2,BRCA2,BRCA1
NC_000013.11:32333275:T:C,BRCA2,BRCA2,BRCA1
NC_000013.11:32337281:C:T,BRCA2,BRCA2,BRCA1
NC_000013.11:32337314:A:T,BRCA2,BRCA2,BRCA1
NC_000013.11:32337658:A:T,BRCA2,BRCA2,BRCA1
NC_000013.11:32337922:C:T,BRCA2,BRCA2,BRCA1
NC_000013.11:32337929:T:G,BRCA2,BRCA2,BRCA1
NC_000013.11:32338036:A:G,BRCA2,BRCA2,BRCA1
NC_000013.11:32338415:C:T,BRCA2,BRCA2,BRCA1
NC_000013.11:32338939:G:A,BRCA2,BRCA2,BRCA1
NC_000013.11:32339524:A:G,BRCA2,BRCA2,BRCA1
NC_000013.11:32339666:G:A,BRCA2,BRCA2,BRCA1
NC_000013.11:32339906:T:G,BRCA2,BRCA2,BRCA1
NC_000013.11:32340233:G:A,BRCA2,BRCA2,BRCA1
NC_000013.11:32340497:A:T,BRCA2,BRCA2,BRCA1
NC_000013.11:32346841:G:A,BRCA2,BRCA2,BRCA1
NC_000013.11:32355159:A:T,BRCA2,BRCA2,BRCA1
NC_000013.11:32357882:C:T,BRCA2,BRCA2,BRCA1
NC_000013.11:32370992:G:A,BRCA2,BRCA2,BRCA1
NC_000013.11:32379478:C:T,BRCA2,BRCA2,BRCA1
NC_000015.10:90794208:A:G,BLM,CDH1,BRCA1
NC_000016.10:23624048:C:T,PALB2,CDH1,BRCA1
NC_000016.10:23630018:G:A,PALB2,PALB2,BRCA1
NC_000016.10:23630139:C:G,PALB2,FANCA,BRCA1
NC_000016.10:23634869:T:C,PALB2,FANCA,BRCA1
NC_000016.10:68738372:C:T,CDH1,CDH1,BRCA1
NC_000016.10:68801875:C:T,CDH1,CDH1,BRCA1
NC_000016.10:68808706:A:C,CDH1,CDH1,BRCA1
NC_000016.10:68811742:G:A,CDH1,CDH1,BRCA1
NC_000016.10:68811854:G:A,CDH1,CDH1,BRCA1
NC_000016.10:68813352:T:A,CDH1,CDH1,BRCA1
NC_000016.10:68823538:G:A,CDH1,CDH1,BRCA1
NC_000016.10:68823592:C:G,CDH1,CDH1,BRCA1
NC_000016.10:68833343:G:A,CDH1,PTEN,BRCA1
NC_000016.10:89738889:C:T,FANCA,FANCA,BRCA1
NC_000016.10:89738890:G:A,FANCA,BRCA1,BRCA1
NC_000016.10:89738931:G:A,FANCA,TP53,BRCA1
NC_000016.10:89738932:C:T,FANCA,TP53,BRCA1
NC_000016.10:89739263:C:T,FANCA,FANCA,BRCA1
NC_000016.10:89770569:G:A,FANCA,BRCA1,BRCA1
NC_000016.10:89771807:G:A,FANCA,BRCA1,BRCA1
NC_000017.11:7670615:G:A,TP53,TP53,BRCA1
NC_000017.11:7670693:C:G,TP53,TP53,BRCA1
NC_000017.11:7673311:A:C,TP53,TP53,BRCA1
NC_000017.11:7673335:G:C,TP53,BRCA1,BRCA1
NC_000017.11:7673592:G:C,TP53,TP53,BRCA1
NC_000017.11:7673750:C:T,TP53,TP53,BRCA1
NC_000017.11:7674958:G:C,TP53,TP53,BRCA1
NC_000017.11:7675998:A:T,TP53,TP53,BRCA1
NC_000017.11:7676151:C:T,TP53,TP53,BRCA1
NC_000017.11:7676153:G:T,TP53,TP53,BRCA1
NC_000017.11:7676180:G:A,TP53,TP53,BRCA1
NC_000017.11:7676181:C:T,TP53,TP53,BRCA1
NC_000017.11:43045697:T:G,BRCA1,BRCA1,BRCA1
NC_000017.11:43071073:G:A,BRCA1,BRCA1,BRCA1
NC_000017.11:43071097:T:C,BRCA1,BRCA1,BRCA1
NC_000017.11:43071222:A:G,BRCA1,BRCA1,BRCA1
NC_000017.11:43074369:C:T,BRCA1,BRCA1,BRCA1
NC_000017.11:43082433:G:C,BRCA1,BRCA1,BRCA1
NC_000017.11:43091494:C:T,BRCA1,BRCA1,BRCA1
NC_000017.11:43091873:C:G,BRCA1,BRCA1,BRCA1
NC_000017.11:43091930:C:G,BRCA1,BRCA1,BRCA1
NC_000017.11:43092228:C:T,BRCA1,BRCA1,BRCA1
NC_000017.11:43092234:G:A,BRCA1,BRCA1,BRCA1
NC_000017.11:43092595:G:A,BRCA1,BRCA1,BRCA1
NC_000017.11:43092651:C:T,BRCA1,BRCA1,BRCA1
NC_000017.11:43092933:C:T,BRCA1,BRCA1,BRCA1
NC_000017.11:43092964:A:G,BRCA1,BRCA1,BRCA1
NC_000017.11:43093008:C:T,BRCA1,BRCA1,BRCA1
NC_000017.11:43093102:T:A,BRCA1,BRCA1,BRCA1
NC_000017.11:43093179:G:A,BRCA1,BRCA1,BRCA1
NC_000017.11:43094494:G:A,BRCA1,BRCA1,BRCA1
NC_000017.11:43099785:T:C,BRCA1,BRCA1,BRCA1
NC_000010.11:87864140:C:T,PTEN,PTEN,BRCA1
NC_000011.10:108243958:T:A,ATM,ATM,BRCA1
NC_000011.10:108253842:T:C,ATM,ATM,BRCA1
NC_000011.10:108254033:T:A,ATM,ATM,BRCA1
NC_000011.10:108267287:C:A,ATM,ATM,BRCA1
NC_000011.10:108301775:C:A,ATM,BRCA1,BRCA1
NC_000011.10:108302886:C:A,ATM,ATM,BRCA1
NC_000011.10:108329039:A:G,ATM,ATM,BRCA1
NC_000011.10:108334990:G:A,ATM,ATM,BRCA1
NC_000013.11:32326517:A:G,BRCA2,BRCA2,BRCA1
NC_000013.11:32329473:T:G,BRCA2,BRCA2,BRCA1
NC_000013.11:32332427:C:G,BRCA2,BRCA2,BRCA1
NC_000013.11:32332440:A:C,BRCA2,BRCA2,BRCA1
NC_000013.11:32332549:G:A,BRCA2,BRCA2,BRCA1
NC_000013.11:32332936:G:T,BRCA2,BRCA2,BRCA1
NC_000013.11:32333155:A:G,BRCA2,BRCA2,BRCA1
NC_000013.11:32333273:C:T,BRCA2,BRCA2,BRCA1
NC_000013.11:32336492:A:C,BRCA2,BRCA2,BRCA1
NC_000013.11:32336837:A:G,BRCA2,BRCA2,BRCA1
NC_000013.11:32336922:T:A,BRCA2,BRCA2,BRCA1
NC_000013.11:32337116:T:A,BRCA2,BRCA2,BRCA1
NC_000013.11:32337319:T:G,BRCA2,BRCA2,BRCA1
NC_000013.11:32337325:A:G,BRCA2,BRCA2,BRCA1
NC_000013.11:32337428:A:G,BRCA2,BRCA2,BRCA1
NC_000013.11:32337476:G:A,BRCA2,BRCA2,BRCA1
NC_000013.11:32337890:G:A,BRCA2,BRCA2,BRCA1
NC_000013.11:32337956:A:G,BRCA2,BRCA2,BRCA1
NC_000013.11:32338202:T:G,BRCA2,BRCA2,BRCA1
NC_000013.11:32338313:A:G,BRCA2,BRCA2,BRCA1
NC_000013.11:32338433:A:T,BRCA2,BRCA2,BRCA1
NC_000013.11:32338517:C:A,BRCA2,BRCA2,BRCA1
NC_000013.11:32338947:A:T,BRCA2,BRCA2,BRCA1
NC_000013.11:32339024:C:G,BRCA2,BRCA2,BRCA1
NC_000013.11:32339039:A:G,BRCA2,BRCA2,BRCA1
NC_000013.11:32339072:G:A,BRCA2,BRCA2,BRCA1
NC_000013.11:32339180:C:T,BRCA2,BRCA2,BRCA1
NC_000013.11:32340037:G:C,BRCA2,BRCA2,BRCA1
NC_000013.11:32340086:A:T,BRCA2,BRCA2,BRCA1
NC_000013.11:32346894:C:G,BRCA2,BRCA2,BRCA1
NC_000013.11:32354869:G:C,BRCA2,BRCA2,BRCA1
NC_000013.11:32355267:A:C,BRCA2,BRCA2,BRCA1
NC_000013.11:32362611:C:G,BRCA2,BRCA2,BRCA1
NC_000013.11:32363223:G:T,BRCA2,BRCA2,BRCA1
NC_000013.11:32376698:C:T,BRCA2,BRCA2,BRCA1
NC_000013.11:32379400:G:A,BRCA2,BRCA2,BRCA1
NC_000013.11:32379412:G:T,BRCA2,BRCA2,BRCA1
NC_000013.11:32394801:A:C,BRCA2,BRCA2,BRCA1
NC_000015.10:90761086:C:T,BLM,CDH1,BRCA1
NC_000015.10:90811221:G:C,BLM,BLM,BRCA1
NC_000015.10:90815237:A:G,BLM,NBN,BRCA1
NC_000016.10:23629228:T:A,PALB2,PALB2,BRCA1
NC_000016.10:23629898:C:A,PALB2,PALB2,BRCA1
NC_000016.10:23630171:G:A,PALB2,PALB2,BRCA1
NC_000016.10:68738360:C:T,CDH1,CDH1,BRCA1
NC_000016.10:68738407:A:G,CDH1,CDH1,BRCA1
NC_000016.10:68801726:G:A,CDH1,CDH1,BRCA1
NC_000016.10:68801728:T:C,CDH1,BRCA1,BRCA1
NC_000016.10:68801740:A:C,CDH1,CDH1,BRCA1
NC_000016.10:68801849:C:T,CDH1,BRCA1,BRCA1
NC_000016.10:68801876:G:A,CDH1,BRCA1,BRCA1
NC_000016.10:68812257:A:C,CDH1,CDH1,BRCA1
NC_000016.10:68815758:C:T,CDH1,CDH1,BRCA1
NC_000016.10:89738704:G:A,FANCA,FANCA,BRCA1
NC_000016.10:89738896:G:A,FANCA,BRCA1,BRCA1
NC_000016.10:89738905:T:C,FANCA,BRCA1,BRCA1
NC_000016.10:89738968:G:A,FANCA,BRCA1,BRCA1
NC_000016.10:89740070:T:G,FANCA,BRCA1,BRCA1
NC_000016.10:89814599:A:G,FANCA,PALB2,BRCA1
NC_000017.11:7669631:T:G,TP53,TP53,BRCA1
NC_000017.11:7669637:A:G,TP53,TP53,BRCA1
NC_000017.11:7669654:C:A,TP53,TP53,BRCA1
NC_000017.11:7670688:C:G,TP53,TP53,BRCA1
NC_000017.11:7673222:G:A,TP53,BRCA1,BRCA1
NC_000017.11:7673557:C:T,TP53,TP53,BRCA1
NC_000017.11:7673597:G:C,TP53,TP53,BRCA1
NC_000017.11:7673598:T:C,TP53,TP53,BRCA1
NC_000017.11:7673814:T:A,TP53,TP53,BRCA1
NC_000017.11:7674202:T:C,TP53,TP53,BRCA1
NC_000017.11:7676172:T:C,TP53,TP53,BRCA1
NC_000017.11:7676224:G:T,TP53,TP53,BRCA1
NC_000017.11:35101015:C:A,RAD51D,RAD51D,BRCA1
NC_000017.11:35101259:C:G,RAD51D,CDH1,BRCA1
NC_000017.11:43045732:T:C,BRCA1,BRCA1,BRCA1
NC_000017.11:43045797:A:T,BRCA1,BRCA1,BRCA1
NC_000017.11:43047643:A:G,BRCA1,FANCA,BRCA1
NC_000017.11:43047646:G:A,BRCA1,BRCA1,BRCA1
NC_000017.11:43047649:G:C,BRCA1,TP53,BRCA1
NC_000017.11:43047685:C:G,BRCA1,BRCA1,BRCA1
NC_000017.11:43047700:A:G,BRCA1,FANCA,BRCA1
NC_000017.11:43051082:G:C,BRCA1,BRCA1,BRCA1
NC_000017.11:43057083:G:T,BRCA1,BRCA1,BRCA1
NC_000017.11:43063892:T:G,BRCA1,BRCA1,BRCA1
NC_000017.11:43067637:C:T,BRCA1,BRCA1,BRCA1
NC_000017.11:43067651:G:T,BRCA1,BRCA1,BRCA1
NC_000017.11:43067681:T:G,BRCA1,BRCA1,BRCA1
NC_000017.11:43067687:A:C,BRCA1,BRCA1,BRCA1
NC_000017.11:43070928:A:G,BRCA1,BRCA1,BRCA1
NC_000017.11:43070983:C:G,BRCA1,BRCA1,BRCA1
NC_000017.11:43070992:C:A,BRCA1,BRCA1,BRCA1
NC_000017.11:43071147:C:T,BRCA1,BRCA1,BRCA1
NC_000017.11:43082556:G:A,BRCA1,BRCA1,BRCA1
NC_000017.11:43091572:A:G,BRCA1,BRCA1,BRCA1
NC_000017.11:43091732:G:C,BRCA1,BRCA1,BRCA1
NC_000017.11:43091747:T:A,BRCA1,BRCA1,BRCA1
NC_000017.11:43091832:T:C,BRCA1,BRCA1,BRCA1
NC_000017.11:43091873:C:A,BRCA1,BRCA1,BRCA1
NC_000017.11:43092063:T:G,BRCA1,BRCA1,BRCA1
NC_000017.11:43092098:C:A,BRCA1,BRCA1,BRCA1
NC_000017.11:43092618:T:C,BRCA1,BRCA1,BRCA1
NC_000017.11:43092646:C:T,BRCA1,BRCA1,BRCA1
NC_000017.11:43093015:G:A,BRCA1,BRCA1,BRCA1
NC_000017.11:43093056:T:A,BRCA1,BRCA1,BRCA1
NC_000017.11:43093195:T:A,BRCA1,BRCA1,BRCA1
NC_000017.11:43093244:T:A,BRCA1,BRCA1,BRCA1
NC_000017.11:43093556:C:T,BRCA1,BRCA1,BRCA1
NC_000017.11:43093567:A:C,BRCA1,BRCA1,BRCA1
NC_000017.11:43093629:G:C,BRCA1,BRCA1,BRCA1
NC_000017.11:43093786:T:C,BRCA1,BRCA1,BRCA1
NC_000017.11:43094019:C:T,BRCA1,BRCA1,BRCA1
NC_000017.11:43094112:T:A,BRCA1,BRCA1,BRCA1
NC_000017.11:43094269:C:T,BRCA1,BRCA1,BRCA1
NC_000017.11:43094290:C:A,BRCA1,BRCA1,BRCA1
NC_000017.11:43094322:G:A,BRCA1,BRCA1,BRCA1
NC_000017.11:43094400:C:T,BRCA1,BRCA1,BRCA1
NC_000017.11:43094403:T:C,BRCA1,BRCA1,BRCA1
NC_000017.11:43094466:T:C,BRCA1,BRCA1,BRCA1
NC_000017.11:43094743:C:A,BRCA1,BRCA1,BRCA1
NC_000017.11:43104879:T:A,BRCA1,BRCA1,BRCA1
NC_000017.11:43104885:G:T,BRCA1,BRCA1,BRCA1
NC_000017.11:43104945:C:T,BRCA1,BRCA1,BRCA1
NC_000017.11:43124057:A:T,BRCA1,BRCA1,BRCA1
NC_000017.11:58692749:A:G,RAD51C,CDH1,BRCA1
NC_000017.11:58694933:T:C,RAD51C,RAD51C,BRCA1
NC_000017.11:61683500:G:A,BRIP1,NBN,BRCA1
NC_000017.11:61683601:G:C,BRIP1,BRIP1,BRCA1
NC_000017.11:61683737:A:G,BRIP1,BRIP1,BRCA1
NC_000017.11:61793712:C:A,BRIP1,BRIP1,BRCA1
NC_000017.11:61801314:G:T,BRIP1,CDH1,BRCA1
NC_000019.10:1226480:A:C,STK11,STK11,BRCA1
NC_000019.10:1226566:G:C,STK11,PALB2,BRCA1
NC_000002.12:214780613:C:A,BARD1,BARD1,BRCA1
NC_000002.12:214780968:T:C,BARD1,BARD1,BRCA1
NC_000002.12:214781493:T:C,BARD1,BARD1,BRCA1
NC_000022.11:28696912:G:C,CHEK2,CDH1,BRCA1
NC_000008.11:89955478:G:A,NBN,NBN,BRCA1
NC_000008.11:89970468:A:G,NBN,NBN,BRCA1
NC_000009.12:95107111:A:C,FANCC,ATM,BRCA1
NC_000010.11:87933093:T:C,PTEN,PTEN,BRCA1
NC_000010.11:87933125:C:T,PTEN,PTEN,BRCA1
NC_000010.11:87933144:G:A,PTEN,PTEN,BRCA1
NC_000010.11:87952118:G:T,PTEN,PTEN,BRCA1
NC_000010.11:87952142:G:C,PTEN,PTEN,BRCA1
NC_000010.11:87952144:T:A,PTEN,PTEN,BRCA1
NC_000010.11:87957972:A:G,PTEN,PTEN,BRCA1
NC_000011.10:108317373:C:A,ATM,ATM,BRCA1
NC_000011.10:108343245:G:A,ATM,ATM,BRCA1
NC_000013.11:32370419:C:T,BRCA2,BRCA2,BRCA1
NC_000016.10:68811858:G:T,CDH1,CDH1,BRCA1
NC_000016.10:89765028:C:T,FANCA,FANCA,BRCA1
NC_000017.11:7673777:T:A,TP53,TP53,BRCA1
NC_000017.11:7673795:C:T,TP53,TP53,BRCA1
NC_000017.11:7673801:C:G,TP53,TP53,BRCA1
NC_000017.11:7673805:C:A,TP53,TP53,BRCA1
NC_000017.11:7674892:C:G,TP53,TP53,BRCA1
NC_000017.11:7674943:C:G,TP53,TP53,BRCA1
NC_000017.11:7674950:G:A,TP53,TP53,BRCA1
NC_000017.11:7675073:C:T,TP53,TP53,BRCA1
NC_000017.11:7675084:C:T,TP53,TP53,BRCA1
NC_000017.11:7675087:C:T,TP53,TP53,BRCA1
NC_000017.11:7675123:T:C,TP53,TP53,BRCA1
NC_000017.11:7675156:G:A,TP53,TP53,BRCA1
NC_000017.11:7675160:G:A,TP53,TP53,BRCA1
NC_000017.11:7675184:C:T,TP53,TP53,BRCA1
NC_000017.11:7675231:G:C,TP53,TP53,BRCA1
NC_000017.11:43049163:C:A,BRCA1,BRCA1,BRCA1
NC_000017.11:43051103:A:G,BRCA1,BRCA1,BRCA1
NC_000017.11:43057112:T:A,BRCA1,BRCA1,BRCA1
NC_000017.11:43063929:C:T,BRCA1,BRCA1,BRCA1
NC_000017.11:43067627:G:A,BRCA1,BRCA1,BRCA1
NC_000017.11:43067628:T:C,BRCA1,BRCA1,BRCA1
NC_000017.11:43070949:G:A,BRCA1,BRCA1,BRCA1
NC_000017.11:43106486:A:C,BRCA1,BRCA1,BRCA1
NC_000017.11:58695188:G:A,RAD51C,RAD51C,BRCA1
NC_000019.10:1219351:G:C,STK11,STK11,BRCA1
NC_000019.10:1220395:G:A,STK11,STK11,BRCA1
NC_000022.11:28711993:A:G,CHEK2,BRCA1,BRCA1
NC_000022.11:28725253:G:A,CHEK2,BRCA1,BRCA1
NC_000010.11:87864469:A:G,PTEN,PTEN,BRCA1
NC_000010.11:87864470:T:C,PTEN,PTEN,BRCA1
NC_000010.11:87864470:T:G,PTEN,PTEN,BRCA1
NC_000010.11:87864482:T:C,PTEN,PTEN,BRCA1
NC_000010.11:87864514:T:G,PTEN,PTEN,BRCA1
NC_000010.11:87864538:G:C,PTEN,PTEN,BRCA1
NC_000010.11:87864544:A:C,PTEN,PTEN,BRCA1
NC_000010.11:87894048:T:C,PTEN,PTEN,BRCA1
NC_000010.11:87925549:T:G,PTEN,PTEN,BRCA1
NC_000010.11:87933033:A:T,PTEN,PTEN,BRCA1
NC_000010.11:87933035:C:A,PTEN,PTEN,BRCA1
NC_000010.11:87933035:C:G,PTEN,PTEN,BRCA1
NC_000010.11:87933044:C:T,PTEN,PTEN,BRCA1
NC_000010.11:87933078:A:G,PTEN,PTEN,BRCA1
NC_000010.11:87933114:T:G,PTEN,PTEN,BRCA1
NC_000010.11:87933116:G:A,PTEN,PTEN,BRCA1
NC_000010.11:87933120:C:A,PTEN,PTEN,BRCA1
NC_000010.11:87933125:C:A,PTEN,PTEN,BRCA1
NC_000010.11:87933129:G:C,PTEN,PTEN,BRCA1
NC_000010.11:87933135:C:T,PTEN,PTEN,BRCA1
NC_000010.11:87933141:A:G,PTEN,PTEN,BRCA1
NC_000010.11:87933142:G:C,PTEN,PTEN,BRCA1
NC_000010.11:87933143:G:C,PTEN,PTEN,BRCA1
NC_000010.11:87933152:G:A,PTEN,PTEN,BRCA1
NC_000010.11:87933153:G:A,PTEN,PTEN,BRCA1
NC_000010.11:87933159:T:G,PTEN,PTEN,BRCA1
NC_000010.11:87933162:T:A,PTEN,PTEN,BRCA1
NC_000010.11:87933164:T:C,PTEN,PTEN,BRCA1
NC_000010.11:87933222:A:C,PTEN,PTEN,BRCA1
NC_000010.11:87952117:G:A,PTEN,PTEN,BRCA1
NC_000010.11:87952121:T:A,PTEN,PTEN,BRCA1
NC_000010.11:87952142:G:T,PTEN,PTEN,BRCA1
NC_000010.11:87957938:T:C,PTEN,PTEN,BRCA1
NC_000010.11:87958018:G:C,PTEN,PTEN,BRCA1
NC_000010.11:87961020:A:G,PTEN,PTEN,BRCA1
NC_000011.10:108271393:T:G,ATM,ATM,BRCA1
NC_000011.10:108272851:G:A,ATM,ATM,BRCA1
NC_000011.10:108281167:G:T,ATM,ATM,BRCA1
NC_000011.10:108301705:G:A,ATM,ATM,BRCA1
NC_000011.10:108320039:A:T,ATM,ATM,BRCA1
NC_000011.10:108325534:G:C,ATM,ATM,BRCA1
NC_000011.10:108331497:G:C,ATM,ATM,BRCA1
NC_000011.10:108332837:C:T,ATM,ATM,BRCA1
NC_000011.10:108332847:T:G,ATM,ATM,BRCA1
NC_000011.10:108332848:G:C,ATM,ATM,BRCA1
NC_000011.10:108333954:C:T,ATM,ATM,BRCA1
NC_000011.10:108334987:A:G,ATM,ATM,BRCA1
NC_000011.10:108335103:G:T,ATM,ATM,BRCA1
NC_000013.11:32326149:G:A,BRCA2,BRCA2,BRCA1
NC_000013.11:32326498:G:C,BRCA2,BRCA2,BRCA1
NC_000013.11:32330927:AG:GA,BRCA2,BRCA2,BRCA1
NC_000013.11:32339441:G:T,BRCA2,BRCA2,BRCA1
NC_000013.11:32346895:G:C,BRCA2,BRCA2,BRCA1
NC_000013.11:32356520:T:C,BRCA2,BRCA2,BRCA1
NC_000013.11:32362542:G:T,BRCA2,BRCA2,BRCA1
NC_000013.11:32362583:C:T,BRCA2,BRCA2,BRCA1
NC_000013.11:32362596:T:A,BRCA2,BRCA2,BRCA1
NC_000013.11:32362656:T:C,BRCA2,BRCA2,BRCA1
NC_000013.11:32363224:A:G,BRCA2,BRCA2,BRCA1
NC_000013.11:32363258:T:C,BRCA2,BRCA2,BRCA1
NC_000013.11:32363371:G:A,BRCA2,BRCA2,BRCA1
NC_000013.11:32363444:G:A,BRCA2,BRCA2,BRCA1
NC_000013.11:32379799:G:A,BRCA2,BRCA2,BRCA1
NC_000013.11:32380114:G:A,BRCA2,BRCA2,BRCA1
NC_000015.10:90747392:A:C,BLM,FANCA,BRCA1
NC_000016.10:23641155:A:G,PALB2,PALB2,BRCA1
NC_000016.10:68737415:A:G,CDH1,CDH1,BRCA1
NC_000016.10:68737416:T:G,CDH1,CDH1,BRCA1
NC_000016.10:68828280:G:A,CDH1,CDH1,BRCA1
NC_000016.10:89738683:C:A,FANCA,FANCA,BRCA1
NC_000016.10:89738928:G:A,FANCA,FANCA,BRCA1
NC_000016.10:89738943:G:A,FANCA,FANCA,BRCA1
NC_000016.10:89739219:C:G,FANCA,FANCA,BRCA1
NC_000016.10:89739514:C:G,FANCA,FANCA,BRCA1
NC_000016.10:89740845:G:C,FANCA,FANCA,BRCA1
NC_000016.10:89748671:A:C,FANCA,FANCA,BRCA1
NC_000016.10:89767207:A:G,FANCA,FANCA,BRCA1
NC_000016.10:89770257:G:T,FANCA,FANCA,BRCA1
NC_000016.10:89791418:T:C,FANCA,FANCA,BRCA1
NC_000016.10:89791986:C:A,FANCA,FANCA,BRCA1
NC_000016.10:89792480:A:C,FANCA,FANCA,BRCA1
NC_000016.10:89805359:A:C,FANCA,FANCA,BRCA1
NC_000016.10:89816612:C:A,FANCA,FANCA,BRCA1
NC_000016.10:89816613:A:T,FANCA,FANCA,BRCA1
NC_000017.11:7670668:G:T,TP53,TP53,BRCA1
NC_000017.11:7670713:A:T,TP53,TP53,BRCA1
NC_000017.11:7673779:T:G,TP53,TP53,BRCA1
NC_000017.11:7673787:G:T,TP53,TP53,BRCA1
NC_000017.11:7673794:A:C,TP53,TP53,BRCA1
NC_000017.11:7674186:T:G,TP53,TP53,BRCA1
NC_000017.11:7674211:T:A,TP53,TP53,BRCA1
NC_000017.11:7674231:C:A,TP53,TP53,BRCA1
NC_000017.11:7674231:C:G,TP53,TP53,BRCA1
NC_000017.11:7674231:C:T,TP53,TP53,BRCA1
NC_000017.11:7674246:T:C,TP53,TP53,BRCA1
NC_000017.11:7674249:C:A,TP53,TP53,BRCA1
NC_000017.11:7674262:A:T,TP53,TP53,BRCA1
NC_000017.11:7674952:T:G,TP53,TP53,BRCA1
NC_000017.11:7675093:A:G,TP53,TP53,BRCA1
NC_000017.11:7675108:T:G,TP53,TP53,BRCA1
NC_000017.11:7675139:G:C,TP53,TP53,BRCA1
NC_000017.11:7675139:G:T,TP53,TP53,BRCA1
NC_000017.11:7675141:A:C,TP53,TP53,BRCA1
NC_000017.11:7675207:C:A,TP53,TP53,BRCA1
NC_000017.11:7675211:A:T,TP53,TP53,BRCA1
NC_000017.11:7675222:A:G,TP53,TP53,BRCA1
NC_000017.11:7675222:A:T,TP53,TP53,BRCA1
NC_000017.11:7676030:A:C,TP53,TP53,BRCA1
NC_000017.11:7676042:A:C,TP53,TP53,BRCA1
NC_000017.11:7676055:C:T,TP53,TP53,BRCA1
NC_000017.11:43045712:A:G,BRCA1,BRCA1,BRCA1
NC_000017.11:43045753:A:G,BRCA1,BRCA1,BRCA1
NC_000017.11:43045758:C:A,BRCA1,BRCA1,BRCA1
NC_000017.11:43045760:A:C,BRCA1,BRCA1,BRCA1
NC_000017.11:43045793:G:A,BRCA1,BRCA1,BRCA1
NC_000017.11:43047677:T:C,BRCA1,BRCA1,BRCA1
NC_000017.11:43047701:C:G,BRCA1,BRCA1,BRCA1
NC_000017.11:43049160:G:T,BRCA1,BRCA1,BRCA1
NC_000017.11:43049163:CCACA:TCACT,BRCA1,BRCA2,BRCA1
NC_000017.11:43049163:C:G,BRCA1,BRCA1,BRCA1
NC_000017.11:43049164:C:A,BRCA1,BRCA1,BRCA1
NC_000017.11:43049187:A:C,BRCA1,BRCA1,BRCA1
NC_000017.11:43049187:A:T,BRCA1,BRCA1,BRCA1
NC_000017.11:43057076:C:G,BRCA1,BRCA1,BRCA1
NC_000017.11:43057085:C:T,BRCA1,BRCA1,BRCA1
NC_000017.11:43057113:C:G,BRCA1,BRCA1,BRCA1
NC_000017.11:43063894:T:C,BRCA1,BRCA1,BRCA1
NC_000017.11:43063935:C:T,BRCA1,BRCA1,BRCA1
NC_000017.11:43063942:A:C,BRCA1,BRCA1,BRCA1
NC_000017.11:43063950:T:G,BRCA1,BRCA1,BRCA1
NC_000017.11:43067619:C:A,BRCA1,BRCA1,BRCA1
NC_000017.11:43074330:C:T,BRCA1,BRCA1,BRCA1
NC_000017.11:43076487:C:T,BRCA1,BRCA1,BRCA1
NC_000017.11:43082536:C:G,BRCA1,BRCA1,BRCA1
NC_000017.11:43104259:A:C,BRCA1,BRCA1,BRCA1
NC_000017.11:43104881:T:G,BRCA1,BRCA1,BRCA1
NC_000017.11:43106476:C:G,BRCA1,BRCA1,BRCA1
NC_000017.11:43106527:C:T,BRCA1,BRCA1,BRCA1
NC_000017.11:43106528:A:G,BRCA1,BRCA1,BRCA1
NC_000017.11:43106528:A:T,BRCA1,BRCA1,BRCA1
NC_000017.11:43115737:T:C,BRCA1,BRCA1,BRCA1
NC_000017.11:43115738:G:T,BRCA1,BRCA1,BRCA1
NC_000017.11:43115743:C:A,BRCA1,BRCA1,BRCA1
NC_000017.11:43124024:A:C,BRCA1,BRCA1,BRCA1
NC_000017.11:43124093:C:A,BRCA1,BRCA1,BRCA1
NC_000017.11:43124093:C:T,BRCA1,BRCA1,BRCA1
NC_000017.11:58696858:G:A,RAD51C,BRCA1,BRCA1
NC_000017.11:61808633:G:A,BRIP1,ATM,BRCA1
NC_000017.11:61808657:T:C,BRIP1,BRIP1,BRCA1
NC_000019.10:1219342:T:C,STK11,STK11,BRCA1
NC_000019.10:1219367:T:C,STK11,STK11,BRCA1
NC_000019.10:1220394:G:C,STK11,STK11,BRCA1
NC_000019.10:1220699:G:T,STK11,STK11,BRCA1
NC_000009.12:95135484:G:A,FANCC,CDH1,BRCA1
NC_000002.12:214780739:C:G,BARD1,BARD1,BRCA1
NC_000002.12:214781253:T:C,BARD1,BARD1,BRCA1
NC_000008.11:89953398:C:T,NBN,NBN,BRCA1
NC_000008.11:89953599:T:C,NBN,NBN,BRCA1
NC_000008.11:89970462:G:A,NBN,BARD1,BRCA1
NC_000009.12:95107204:T:C,FANCC,FANCC,BRCA1
NC_000010.11:87863565:G:A,PTEN,BRCA2,BRCA1
NC_000010.11:87864317:A:G,PTEN,PTEN,BRCA1
NC_000010.11:87931070:G:A,PTEN,PTEN,BRCA1
NC_000011.10:108235715:T:A,ATM,ATM,BRCA1
NC_000011.10:108257591:A:C,ATM,ATM,BRCA1
NC_000011.10:108259050:C:A,ATM,ATM,BRCA1
NC_000011.10:108272728:C:G,ATM,ATM,BRCA1
NC_000011.10:108284404:G:A,ATM,ATM,BRCA1
NC_000011.10:108289622:C:T,ATM,ATM,BRCA1
NC_000011.10:108304734:G:A,ATM,ATM,BRCA1
NC_000011.10:108315903:A:G,ATM,ATM,BRCA1
NC_000013.11:32332420:T:A,BRCA2,BRCA2,BRCA1
NC_000013.11:32332455:C:A,BRCA2,BRCA2,BRCA1
NC_000013.11:32332862:A:G,BRCA2,BRCA2,BRCA1
NC_000013.11:32332991:T:C,BRCA2,BRCA2,BRCA1
NC_000013.11:32333139:T:G,BRCA2,BRCA2,BRCA1
NC_000013.11:32333263:G:C,BRCA2,BRCA2,BRCA1
NC_000013.11:32333287:A:G,BRCA2,BRCA2,BRCA1
NC_000013.11:32337409:C:G,BRCA2,BRCA2,BRCA1
NC_000013.11:32337799:A:G,BRCA2,BRCA2,BRCA1
NC_000013.11:32337869:C:T,BRCA2,BRCA2,BRCA1
NC_000013.11:32338448:G:A,BRCA2,BRCA2,BRCA1
NC_000013.11:32339133:A:C,BRCA2,BRCA2,BRCA1
NC_000013.11:32339552:C:T,BRCA2,BRCA2,BRCA1
NC_000013.11:32340122:A:C,BRCA2,BRCA2,BRCA1
NC_000013.11:32340454:C:T,BRCA2,BRCA2,BRCA1
NC_000013.11:32340574:C:A,BRCA2,BRCA2,BRCA1
NC_000013.11:32340676:C:T,BRCA2,BRCA2,BRCA1
NC_000013.11:32340692:A:G,BRCA2,BRCA2,BRCA1
NC_000013.11:32344568:A:G,BRCA2,BRCA2,BRCA1
NC_000013.11:32355002:C:A,BRCA2,BRCA2,BRCA1
NC_000013.11:32355084:A:C,BRCA2,BRCA2,BRCA1
NC_000013.11:32356535:C:T,BRCA2,BRCA2,BRCA1
NC_000013.11:32380123:G:A,BRCA2,BRCA2,BRCA1
NC_000013.11:32394723:T:C,BRCA2,BRCA2,BRCA1
NC_000015.10:90751879:C:T,BLM,BLM,BRCA1
NC_000015.10:90794274:C:A,BLM,CDH1,BRCA1
NC_000015.10:90804220:G:A,BLM,BLM,BRCA1
NC_000016.10:23622971:C:T,PALB2,CDH1,BRCA1
NC_000016.10:23630126:A:G,PALB2,PALB2,BRCA1
NC_000016.10:23635620:T:C,PALB2,PALB2,BRCA1
NC_000016.10:68737422:C:G,CDH1,CDH1,BRCA1
NC_000016.10:68738335:C:A,CDH1,CDH1,BRCA1
NC_000016.10:68801719:G:A,CDH1,CDH1,BRCA1
NC_000016.10:68801774:G:A,CDH1,CDH1,BRCA1
NC_000016.10:68822062:G:A,CDH1,CDH1,BRCA1
NC_000016.10:68823514:G:A,CDH1,CDH1,BRCA1
NC_000016.10:68829700:A:T,CDH1,CDH1,BRCA1
NC_000016.10:68829770:G:A,CDH1,CDH1,BRCA1
NC_000016.10:68833299:C:T,CDH1,CDH1,BRCA1
NC_000016.10:89739505:T:C,FANCA,FANCA,BRCA1
NC_000016.10:89745046:C:T,FANCA,FANCA,BRCA1
NC_000016.10:89746684:G:C,FANCA,FANCA,BRCA1
NC_000016.10:89748709:C:G,FANCA,FANCA,BRCA1
NC_000016.10:89748743:G:A,FANCA,FANCA,BRCA1
NC_000016.10:89769914:C:T,FANCA,FANCA,BRCA1
NC_000016.10:89771677:C:A,FANCA,FANCA,BRCA1
NC_000016.10:89773356:G:C,FANCA,FANCA,BRCA1
NC_000016.10:89810771:G:C,FANCA,BRCA1,BRCA1
NC_000017.11:7669627:T:G,TP53,TP53,BRCA1
NC_000017.11:7670683:C:T,TP53,TP53,BRCA1
NC_000017.11:7673244:A:G,TP53,TP53,BRCA1
NC_000017.11:7673742:C:A,TP53,TP53,BRCA1
NC_000017.11:7673751:G:A,TP53,TP53,BRCA1
NC_000017.11:7673768:G:A,TP53,TP53,BRCA1
NC_000017.11:7673772:G:A,TP53,TP53,BRCA1
NC_000017.11:7674183:G:T,TP53,TP53,BRCA1
NC_000017.11:7674258:T:C,TP53,TP53,BRCA1
NC_000017.11:7675053:A:T,TP53,TP53,BRCA1
NC_000017.11:7675102:G:A,TP53,TP53,BRCA1
NC_000017.11:7676039:C:T,TP53,TP53,BRCA1
NC_000017.11:7676573:A:T,TP53,TP53,BRCA1
NC_000017.11:35103264:T:C,RAD51D,RAD51D,BRCA1
NC_000017.11:35106467:C:T,RAD51D,RAD51D,BRCA1
NC_000017.11:43047653:T:C,BRCA1,BRCA1,BRCA1
NC_000017.11:43057076:C:T,BRCA1,BRCA1,BRCA1
NC_000017.11:43074405:C:T,BRCA1,BRCA1,BRCA1
NC_000017.11:43082547:T:C,BRCA1,BRCA1,BRCA1
NC_000017.11:43091491:T:C,BRCA1,BRCA1,BRCA1
NC_000017.11:43091822:A:C,BRCA1,BRCA1,BRCA1
NC_000017.11:43092067:C:G,BRCA1,BRCA1,BRCA1
NC_000017.11:43092114:C:A,BRCA1,BRCA1,BRCA1
NC_000017.11:43092417:T:C,BRCA1,BRCA1,BRCA1
NC_000017.11:43092506:C:T,BRCA1,BRCA1,BRCA1
NC_000017.11:43092855:A:G,BRCA1,BRCA1,BRCA1
NC_000017.11:43092934:G:A,BRCA1,BRCA1,BRCA1
NC_000017.11:43094043:C:T,BRCA1,BRCA1,BRCA1
NC_000017.11:43094044:G:A,BRCA1,BRCA1,BRCA1
NC_000017.11:43094103:T:C,BRCA1,BRCA1,BRCA1
NC_000017.11:43094707:C:T,BRCA1,BRCA1,BRCA1
NC_000017.11:43094719:C:T,BRCA1,BRCA1,BRCA1
NC_000017.11:43094814:T:C,BRCA1,BRCA1,BRCA1
NC_000017.11:43104248:T:C,BRCA1,BRCA1,BRCA1
NC_000017.11:43115726:T:G,BRCA1,BRCA1,BRCA1
NC_000017.11:61847143:A:G,BRIP1,BRIP1,BRCA1
NC_000022.11:28734467:G:A,CHEK2,BRCA1,BRCA1
NC_000010.11:87864217:T:C,PTEN,PTEN,BRCA1
NC_000011.10:108251896:A:C,ATM,ATM,BRCA1
NC_000011.10:108251974:C:G,ATM,ATM,BRCA1
NC_000011.10:108252005:A:G,ATM,ATM,BRCA1
NC_000011.10:108267300:T:G,ATM,ATM,BRCA1
NC_000011.10:108302999:A:G,ATM,ATM,BRCA1
NC_000011.10:108315882:G:C,ATM,ATM,BRCA1
NC_000013.11:32332273:T:C,BRCA2,BRCA2,BRCA1
NC_000013.11:32332794:T:A,BRCA2,BRCA2,BRCA1
NC_000013.11:32332973:A:G,BRCA2,BRCA2,BRCA1
NC_000013.11:32332990:A:G,BRCA2,BRCA2,BRCA1
NC_000013.11:32333224:T:A,BRCA2,BRCA2,BRCA1
NC_000013.11:32333329:G:C,BRCA2,BRCA2,BRCA1
NC_000013.11:32333342:C:T,BRCA2,BRCA2,BRCA1
NC_000013.11:32336292:C:A,BRCA2,BRCA2,BRCA1
NC_000013.11:32336473:G:T,BRCA2,BRCA2,BRCA1
NC_000013.11:32336603:A:G,BRCA2,BRCA2,BRCA1
NC_000013.11:32337578:G:A,BRCA2,BRCA2,BRCA1
NC_000013.11:32337757:T:C,BRCA2,BRCA2,BRCA1
NC_000013.11:32337931:G:T,BRCA2,BRCA2,BRCA1
NC_000013.11:32337950:A:G,BRCA2,BRCA2,BRCA1
NC_000013.11:32338298:G:A,BRCA2,BRCA2,BRCA1
NC_000013.11:32338484:A:T,BRCA2,BRCA2,BRCA1
NC_000013.11:32338540:C:G,BRCA2,BRCA2,BRCA1
NC_000013.11:32339404:A:T,BRCA2,BRCA2,BRCA1
NC_000013.11:32339585:G:A,BRCA2,BRCA2,BRCA1
NC_000013.11:32340085:G:C,BRCA2,BRCA2,BRCA1
NC_000013.11:32340098:C:T,BRCA2,BRCA2,BRCA1
NC_000013.11:32340162:G:T,BRCA2,BRCA2,BRCA1
NC_000013.11:32340372:T:A,BRCA2,BRCA2,BRCA1
NC_000013.11:32340518:T:A,BRCA2,BRCA2,BRCA1
NC_000013.11:32340644:C:A,BRCA2,BRCA2,BRCA1
NC_000013.11:32340857:G:C,BRCA2,BRCA2,BRCA1
NC_000013.11:32340886:C:T,BRCA2,BRCA2,BRCA1
NC_000013.11:32341052:C:T,BRCA2,BRCA2,BRCA1
NC_000013.11:32341180:C:G,BRCA2,BRCA2,BRCA1
NC_000013.11:32355188:A:G,BRCA2,BRCA2,BRCA1
NC_000013.11:32371019:C:T,BRCA2,BRCA2,BRCA1
NC_000013.11:32371052:T:A,BRCA2,BRCA2,BRCA1
NC_000013.11:32379325:A:G,BRCA2,BRCA2,BRCA1
NC_000013.11:32379391:A:T,BRCA2,BRCA2,BRCA1
NC_000013.11:32379412:G:A,BRCA2,BRCA2,BRCA1
NC_000013.11:32379790:C:G,BRCA2,BRCA2,BRCA1
NC_000013.11:32380063:A:G,BRCA2,BRCA2,BRCA1
NC_000015.10:90815206:C:A,BLM,BLM,BRCA1
NC_000016.10:23603613:T:C,PALB2,PALB2,BRCA1
NC_000016.10:23635207:A:C,PALB2,PALB2,BRCA1
NC_000016.10:23635241:A:G,PALB2,PALB2,BRCA1
NC_000016.10:23635955:G:C,PALB2,PALB2,BRCA1
NC_000016.10:68738339:G:T,CDH1,CDH1,BRCA1
NC_000016.10:68738408:G:A,CDH1,CDH1,BRCA1
NC_000016.10:68808429:G:A,CDH1,CDH1,BRCA1
NC_000016.10:68810239:A:G,CDH1,CDH1,BRCA1
NC_000016.10:68810310:A:G,CDH1,CDH1,BRCA1
NC_000016.10:68810328:G:A,CDH1,CDH1,BRCA1
NC_000016.10:68811716:C:T,CDH1,CDH1,BRCA1
NC_000016.10:68815593:C:G,CDH1,CDH1,BRCA1
NC_000016.10:68819343:A:T,CDH1,CDH1,BRCA1
NC_000016.10:89771738:A:G,FANCA,FANCA,BRCA1
NC_000016.10:89775752:T:A,FANCA,FANCA,BRCA1
NC_000016.10:89783071:CG:TA,FANCA,BRCA2,BRCA1
NC_000017.11:7669613:C:A,TP53,TP53,BRCA1
NC_000017.11:7670685:G:C,TP53,TP53,BRCA1
NC_000017.11:7673311:A:G,TP53,BRCA1,BRCA1
NC_000017.11:7673575:G:A,TP53,TP53,BRCA1
NC_000017.11:7673753:A:G,TP53,TP53,BRCA1
NC_000017.11:7674908:C:T,TP53,TP53,BRCA1
NC_000017.11:7675090:C:T,TP53,TP53,BRCA1
NC_000017.11:7676118:C:T,TP53,TP53,BRCA1
NC_000017.11:7676141:G:C,TP53,TP53,BRCA1
NC_000017.11:7676180:G:C,TP53,TP53,BRCA1
NC_000017.11:7676192:C:T,TP53,TP53,BRCA1
NC_000017.11:7676566:C:G,TP53,TP53,BRCA1
NC_000017.11:43045777:G:A,BRCA1,BRCA1,BRCA1
NC_000017.11:43045798:A:T,BRCA1,BRCA1,BRCA1
NC_000017.11:43047658:C:T,BRCA1,TP53,BRCA1
NC_000017.11:43047679:C:G,BRCA1,BRCA1,BRCA1
NC_000017.11:43047679:C:T,BRCA1,BRCA1,BRCA1
NC_000017.11:43047682:A:T,BRCA1,FANCA,BRCA1
NC_000017.11:43047691:T:G,BRCA1,FANCA,BRCA1
NC_000017.11:43047694:G:A,BRCA1,FANCA,BRCA1
NC_000017.11:43047697:G:A,BRCA1,FANCA,BRCA1
NC_000017.11:43063335:A:C,BRCA1,BRCA1,BRCA1
NC_000017.11:43067631:T:C,BRCA1,BRCA1,BRCA1
NC_000017.11:43067657:G:A,BRCA1,BRCA1,BRCA1
NC_000017.11:43067661:T:C,BRCA1,BRCA1,BRCA1
NC_000017.11:43067664:G:C,BRCA1,BRCA1,BRCA1
NC_000017.11:43067691:G:A,BRCA1,BRCA1,BRCA1
NC_000017.11:43070976:A:T,BRCA1,BRCA1,BRCA1
NC_000017.11:43070986:T:A,BRCA1,BRCA1,BRCA1
NC_000017.11:43071005:C:A,BRCA1,BRCA1,BRCA1
NC_000017.11:43071136:T:A,BRCA1,BRCA1,BRCA1
NC_000017.11:43071163:C:A,BRCA1,BRCA1,BRCA1
NC_000017.11:43074369:C:A,BRCA1,BRCA1,BRCA1
NC_000017.11:43074461:C:T,BRCA1,BRCA1,BRCA1
NC_000017.11:43090969:A:G,BRCA1,BRCA1,BRCA1
NC_000017.11:43091701:C:G,BRCA1,BRCA1,BRCA1
NC_000017.11:43091967:C:A,BRCA1,BRCA1,BRCA1
NC_000017.11:43092387:C:A,BRCA1,BRCA1,BRCA1
NC_000017.11:43092472:G:A,BRCA1,BRCA1,BRCA1
NC_000017.11:43092493:C:T,BRCA1,BRCA1,BRCA1
NC_000017.11:43092631:T:A,BRCA1,BRCA1,BRCA1
NC_000017.11:43092732:C:G,BRCA1,BRCA1,BRCA1
NC_000017.11:43092795:T:C,BRCA1,BRCA1,BRCA1
NC_000017.11:43093117:A:G,BRCA1,BRCA1,BRCA1
NC_000017.11:43093183:T:C,BRCA1,BRCA1,BRCA1
NC_000017.11:43093300:C:T,BRCA1,BRCA1,BRCA1
NC_000017.11:43093375:T:C,BRCA1,BRCA1,BRCA1
NC_000017.11:43093603:T:C,BRCA1,BRCA1,BRCA1
NC_000017.11:43093606:C:G,BRCA1,BRCA1,BRCA1
NC_000017.11:43093680:G:T,BRCA1,BRCA1,BRCA1
NC_000017.11:43093864:T:G,BRCA1,BRCA1,BRCA1
NC_000017.11:43094072:A:C,BRCA1,BRCA1,BRCA1
NC_000017.11:43094112:T:C,BRCA1,BRCA1,BRCA1
NC_000017.11:43094293:A:C,BRCA1,BRCA1,BRCA1
NC_000017.11:43094533:T:C,BRCA1,BRCA1,BRCA1
NC_000017.11:43094703:G:C,BRCA1,BRCA1,BRCA1
NC_000017.11:43104886:C:A,BRCA1,BRCA1,BRCA1
NC_000017.11:43106470:T:C,BRCA1,BRCA1,BRCA1
NC_000017.11:43106523:C:A,BRCA1,BRCA1,BRCA1
NC_000017.11:43124076:C:A,BRCA1,BRCA1,BRCA1
NC_000017.11:43124087:T:G,BRCA1,BRCA1,BRCA1
NC_000017.11:58692700:T:G,RAD51C,RAD51C,BRCA1
NC_000017.11:58696786:G:T,RAD51C,BRCA1,BRCA1
NC_000017.11:61683537:G:T,BRIP1,ATM,BRCA1
NC_000017.11:61683596:G:T,BRIP1,BRIP1,BRCA1
NC_000017.11:61683704:T:A,BRIP1,BRIP1,BRCA1
NC_000017.11:61801408:G:T,BRIP1,BRIP1,BRCA1
NC_000019.10:1226520:G:A,STK11,STK11,BRCA1
NC_000002.12:214728919:G:A,BARD1,BARD1,BRCA1
NC_000002.12:214781197:C:T,BARD1,BARD1,BRCA1
NC_000022.11:28689141:A:G,CHEK2,CHEK2,BRCA1
NC_000008.11:89935601:A:T,NBN,NBN,BRCA1
NC_000009.12:95107174:G:A,FANCC,FANCC,BRCA1
NC_000009.12:95111599:T:C,FANCC,FANCC,BRCA1
NC_000010.11:87894024:A:C,PTEN,PTEN,BRCA1
NC_000010.11:87894050:G:C,PTEN,PTEN,BRCA1
NC_000010.11:87925517:T:G,PTEN,PTEN,BRCA1
NC_000010.11:87925529:A:G,PTEN,PTEN,BRCA1
NC_000010.11:87933143:G:A,PTEN,PTEN,BRCA1
NC_000010.11:87933150:C:T,PTEN,PTEN,BRCA1
NC_000010.11:87933153:G:T,PTEN,PTEN,BRCA1
NC_000010.11:87933165:G:A,PTEN,PTEN,BRCA1
NC_000011.10:108247028:A:G,ATM,ATM,BRCA1
NC_000011.10:108271073:T:G,ATM,BRCA1,BRCA1
NC_000011.10:108329201:T:G,ATM,ATM,BRCA1
NC_000011.10:108333924:T:C,ATM,ATM,BRCA1
NC_000011.10:108345803:T:G,ATM,ATM,BRCA1
NC_000011.10:108353804:A:G,ATM,ATM,BRCA1
NC_000015.10:90794310:G:C,BLM,BLM,BRCA1
NC_000016.10:89765061:T:G,FANCA,FANCA,BRCA1
NC_000017.11:7670677:A:G,TP53,TP53,BRCA1
NC_000017.11:7670698:C:G,TP53,TP53,BRCA1
NC_000017.11:7670698:C:T,TP53,TP53,BRCA1
NC_000017.11:7670699:G:A,TP53,TP53,BRCA1
NC_000017.11:7673732:T:C,TP53,TP53,BRCA1
NC_000017.11:7673775:G:C,TP53,TP53,BRCA1
NC_000017.11:7673775:G:A,TP53,TP53,BRCA1
NC_000017.11:7674220:G:A,TP53,TP53,BRCA1
NC_000017.11:7674251:C:T,TP53,TP53,BRCA1
NC_000017.11:7674256:A:G,TP53,TP53,BRCA1
NC_000017.11:7674261:T:C,TP53,TP53,BRCA1
NC_000017.11:7674871:T:C,TP53,TP53,BRCA1
NC_000017.11:7674884:C:T,TP53,TP53,BRCA1
NC_000017.11:7674946:A:G,TP53,TP53,BRCA1
NC_000017.11:7675069:C:T,TP53,TP53,BRCA1
NC_000017.11:7675076:G:A,TP53,TP53,BRCA1
NC_000017.11:7675160:G:T,TP53,TP53,BRCA1
NC_000017.11:7675210:A:C,TP53,TP53,BRCA1
NC_000017.11:43057116:C:T,BRCA1,BRCA1,BRCA1
NC_000017.11:43063880:G:T,BRCA1,BRCA1,BRCA1
NC_000017.11:43067624:T:C,BRCA1,BRCA1,BRCA1
NC_000017.11:58695158:G:T,RAD51C,RAD51C,BRCA1
NC_000019.10:1220433:G:A,STK11,STK11,BRCA1
NC_000022.11:28725337:T:C,CHEK2,BRCA1,BRCA1
NC_000010.11:87864471:G:A,PTEN,PTEN,BRCA1
NC_000010.11:87864527:G:T,PTEN,PTEN,BRCA1
NC_000010.11:87864532:G:C,PTEN,PTEN,BRCA1
NC_000010.11:87864535:T:G,PTEN,PTEN,BRCA1
NC_000010.11:87864539:A:G,PTEN,PTEN,BRCA1
NC_000010.11:87864543:G:C,PTEN,PTEN,BRCA1
NC_000010.11:87894047:A:C,PTEN,PTEN,BRCA1
NC_000010.11:87894050:G:A,PTEN,PTEN,BRCA1
NC_000010.11:87894087:A:G,PTEN,PTEN,BRCA1
NC_000010.11:87894088:C:A,PTEN,PTEN,BRCA1
NC_000010.11:87894093:T:C,PTEN,PTEN,BRCA1
NC_000010.11:87925547:T:G,PTEN,PTEN,BRCA1
NC_000010.11:87925550:A:C,PTEN,PTEN,BRCA1
NC_000010.11:87931077:T:G,PTEN,PTEN,BRCA1
NC_000010.11:87933045:C:T,PTEN,PTEN,BRCA1
NC_000010.11:87933078:A:T,PTEN,PTEN,BRCA1
NC_000010.11:87933089:T:C,PTEN,PTEN,BRCA1
NC_000010.11:87933092:C:G,PTEN,PTEN,BRCA1
NC_000010.11:87933093:T:G,PTEN,PTEN,BRCA1
NC_000010.11:87933131:A:G,PTEN,PTEN,BRCA1
NC_000010.11:87933137:G:A,PTEN,PTEN,BRCA1
NC_000010.11:87933183:G:C,PTEN,PTEN,BRCA1
NC_000010.11:87933234:G:T,PTEN,PTEN,BRCA1
NC_000010.11:87952117:G:C,PTEN,PTEN,BRCA1
NC_000010.11:87952133:G:T,PTEN,PTEN,BRCA1
NC_000010.11:87952136:A:G,PTEN,PTEN,BRCA1
NC_000010.11:87952141:C:G,PTEN,PTEN,BRCA1
NC_000010.11:87952153:T:C,PTEN,PTEN,BRCA1
NC_000010.11:87952234:C:G,PTEN,PTEN,BRCA1
NC_000010.11:87957963:T:G,PTEN,PTEN,BRCA1
NC_000010.11:87957969:GT:TG,PTEN,PTEN,BRCA1
NC_000010.11:87960912:G:T,PTEN,PTEN,BRCA1
NC_000010.11:87960921:C:T,PTEN,PTEN,BRCA1
NC_000010.11:87965293:T:C,PTEN,PTEN,BRCA1
NC_000011.10:108227682:C:G,ATM,BRCA1,BRCA1
NC_000011.10:108229323:G:C,ATM,ATM,BRCA1
NC_000011.10:108229324:T:G,ATM,ATM,BRCA1
NC_000011.10:108271257:T:C,ATM,BRCA1,BRCA1
NC_000011.10:108332761:G:T,ATM,BRCA1,BRCA1
NC_000011.10:108335881:A:C,ATM,ATM,BRCA1
NC_000011.10:108345888:T:A,ATM,ATM,BRCA1
NC_000011.10:108353801:C:T,ATM,ATM,BRCA1
NC_000011.10:108353830:G:T,ATM,ATM,BRCA1
NC_000013.11:32357919:A:G,BRCA2,BRCA2,BRCA1
NC_000013.11:32357925:A:G,BRCA2,BRCA2,BRCA1
NC_000013.11:32357928:G:C,BRCA2,BRCA2,BRCA1
NC_000013.11:32362584:A:G,BRCA2,BRCA2,BRCA1
NC_000013.11:32362592:T:A,BRCA2,BRCA2,BRCA1
NC_000013.11:32362592:T:C,BRCA2,BRCA2,BRCA1
NC_000013.11:32362671:T:G,BRCA2,BRCA2,BRCA1
NC_000013.11:32362680:A:G,BRCA2,BRCA2,BRCA1
NC_000013.11:32362692:G:C,BRCA2,BRCA2,BRCA1
NC_000013.11:32363210:C:T,BRCA2,BRCA2,BRCA1
NC_000013.11:32363372:G:T,BRCA2,BRCA2,BRCA1
NC_000013.11:32363389:G:A,BRCA2,BRCA2,BRCA1
NC_000013.11:32363443:G:A,BRCA2,BRCA2,BRCA1
NC_000013.11:32370446:G:A,BRCA2,BRCA2,BRCA1
NC_000013.11:32370447:G:A,BRCA2,BRCA2,BRCA1
NC_000013.11:32394733:T:C,BRCA2,BRCA2,BRCA1
NC_000013.11:32394733:T:G,BRCA2,BRCA2,BRCA1
NC_000016.10:23641155:A:C,PALB2,PALB2,BRCA1
NC_000016.10:68737416:T:A,CDH1,CDH1,BRCA1
NC_000016.10:68737416:T:C,CDH1,CDH1,BRCA1
NC_000016.10:68810223:G:A,CDH1,ATM,BRCA1
NC_000016.10:68819392:C:G,CDH1,CDH1,BRCA1
NC_000016.10:89738942:C:G,FANCA,FANCA,BRCA1
NC_000016.10:89746605:G:A,FANCA,FANCA,BRCA1
NC_000016.10:89746606:G:A,FANCA,FANCA,BRCA1
NC_000016.10:89746852:T:A,FANCA,FANCA,BRCA1
NC_000016.10:89749729:C:T,FANCA,FANCA,BRCA1
NC_000016.10:89761949:G:A,FANCA,FANCA,BRCA1
NC_000016.10:89764905:T:A,FANCA,FANCA,BRCA1
NC_000016.10:89770615:T:G,FANCA,FANCA,BRCA1
NC_000016.10:89773305:A:G,FANCA,FANCA,BRCA1
NC_000016.10:89783083:G:A,FANCA,FANCA,BRCA1
NC_000016.10:89791457:C:A,FANCA,FANCA,BRCA1
NC_000016.10:89791457:C:T,FANCA,FANCA,BRCA1
NC_000016.10:89795940:A:C,FANCA,FANCA,BRCA1
NC_000016.10:89816614:T:A,FANCA,FANCA,BRCA1
NC_000017.11:7673762:T:G,TP53,TP53,BRCA1
NC_000017.11:7673774:C:G,TP53,TP53,BRCA1
NC_000017.11:7673778:C:G,TP53,TP53,BRCA1
NC_000017.11:7673810:A:C,TP53,TP53,BRCA1
NC_000017.11:7673811:A:C,TP53,TP53,BRCA1
NC_000017.11:7673823:C:T,TP53,TP53,BRCA1
NC_000017.11:7674220:GG:AA,TP53,BRCA2,BRCA1
NC_000017.11:7674224:C:T,TP53,TP53,BRCA1
NC_000017.11:7674228:C:A,TP53,TP53,BRCA1
NC_000017.11:7674240:G:T,TP53,TP53,BRCA1
NC_000017.11:7674248:A:C,TP53,TP53,BRCA1
NC_000017.11:7674251:C:A,TP53,TP53,BRCA1
NC_000017.11:7674872:A:G,TP53,TP53,BRCA1
NC_000017.11:7674916:T:C,TP53,TP53,BRCA1
NC_000017.11:7674961:G:A,TP53,TP53,BRCA1
NC_000017.11:7675083:GCA:CCG,TP53,TP53,BRCA1
NC_000017.11:7675094:C:A,TP53,TP53,BRCA1
NC_000017.11:7675098:C:A,TP53,TP53,BRCA1
NC_000017.11:7675135:G:A,TP53,TP53,BRCA1
NC_000017.11:7675137:GC:AA,TP53,BRCA1,BRCA1
NC_000017.11:7675160:G:C,TP53,TP53,BRCA1
NC_000017.11:7675183:A:G,TP53,TP53,BRCA1
NC_000017.11:7675208:A:G,TP53,TP53,BRCA1
NC_000017.11:7676055:C:G,TP53,TP53,BRCA1
NC_000017.11:43045711:T:C,BRCA1,BRCA1,BRCA1
NC_000017.11:43045711:T:G,BRCA1,BRCA1,BRCA1
NC_000017.11:43045746:A:C,BRCA1,BRCA1,BRCA1
NC_000017.11:43045747:C:T,BRCA1,BRCA1,BRCA1
NC_000017.11:43045756:A:C,BRCA1,BRCA1,BRCA1
NC_000017.11:43045772:C:T,BRCA1,BRCA1,BRCA1
NC_000017.11:43047642:C:A,BRCA1,BRCA1,BRCA1
NC_000017.11:43047656:T:C,BRCA1,BRCA1,BRCA1
NC_000017.11:43047664:C:T,BRCA1,BRCA1,BRCA1
NC_000017.11:43047675:G:C,BRCA1,BRCA1,BRCA1
NC_000017.11:43051085:C:A,BRCA1,BRCA1,BRCA1
NC_000017.11:43051112:A:G,BRCA1,BRCA1,BRCA1
NC_000017.11:43057070:C:A,BRCA1,BRCA1,BRCA1
NC_000017.11:43057111:A:C,BRCA1,BRCA1,BRCA1
NC_000017.11:43057115:C:A,BRCA1,BRCA1,BRCA1
NC_000017.11:43063909:C:G,BRCA1,BRCA1,BRCA1
NC_000017.11:43063911:A:G,BRCA1,BRCA1,BRCA1
NC_000017.11:43063918:A:C,BRCA1,BRCA1,BRCA1
NC_000017.11:43063921:T:G,BRCA1,BRCA1,BRCA1
NC_000017.11:43063935:C:A,BRCA1,BRCA1,BRCA1
NC_000017.11:43063950:T:A,BRCA1,BRCA1,BRCA1
NC_000017.11:43067607:C:G,BRCA1,BRCA1,BRCA1
NC_000017.11:43067615:A:T,BRCA1,BRCA1,BRCA1
NC_000017.11:43070955:A:T,BRCA1,BRCA1,BRCA1
NC_000017.11:43074330:C:G,BRCA1,BRCA1,BRCA1
NC_000017.11:43106455:C:A,BRCA1,BRCA1,BRCA1
NC_000017.11:43106475:A:C,BRCA1,BRCA1,BRCA1
NC_000017.11:43106477:A:G,BRCA1,BRCA1,BRCA1
NC_000017.11:43106486:A:G,BRCA1,BRCA1,BRCA1
NC_000017.11:43106486:A:T,BRCA1,BRCA1,BRCA1
NC_000017.11:43106528:A:C,BRCA1,BRCA1,BRCA1
NC_000017.11:43115727:G:C,BRCA1,BRCA1,BRCA1
NC_000017.11:43115742:A:C,BRCA1,BRCA1,BRCA1
NC_000017.11:43115750:T:C,BRCA1,BRCA1,BRCA1
NC_000017.11:43124016:C:A,BRCA1,BRCA1,BRCA1
NC_000017.11:43124019:A:T,BRCA1,BRCA1,BRCA1
NC_000017.11:43124026:A:C,BRCA1,BRCA1,BRCA1
NC_000017.11:43124026:A:T,BRCA1,BRCA1,BRCA1
NC_000017.11:43124093:C:G,BRCA1,BRCA1,BRCA1
NC_000017.11:43124094:A:T,BRCA1,BRCA1,BRCA1
NC_000017.11:43124095:T:C,BRCA1,BRCA1,BRCA1
NC_000017.11:61849128:C:A,BRIP1,ATM,BRCA1
NC_000019.10:1220448:AAC:GAA,STK11,PTEN,BRCA1
NC_000019.10:1220450:C:A,STK11,STK11,BRCA1
NC_000019.10:1220450:C:G,STK11,STK11,BRCA1
NC_000019.10:1220691:G:C,STK11,STK11,BRCA1
NC_000019.10:1221974:A:G,STK11,STK11,BRCA1
NC_000019.10:1222001:C:T,STK11,BRCA1,BRCA1
NC_000002.12:214780559:C:A,BARD1,ATM,BRCA1
NC_000022.11:28725340:C:T,CHEK2,BRCA1,BRCA1
NC_000008.11:89953514:T:C,NBN,NBN,BRCA1
NC_000002.12:214728797:T:C,BARD1,BLM,BRCA1
NC_000002.12:214730478:A:G,BARD1,BLM,BRCA1
NC_000002.12:214745793:C:T,BARD1,BLM,BRCA1
NC_000002.12:214767530:C:T,BARD1,BARD1,BRCA1
NC_000008.11:89978250:C:G,NBN,ATM,BRCA1
NC_000010.11:87862042:A:T,PTEN,PTEN,BRCA1
NC_000010.11:87960973:T:G,PTEN,TP53,BRCA1
NC_000011.10:108227848:C:G,ATM,ATM,BRCA1
NC_000011.10:108248939:A:G,ATM,ATM,BRCA1
NC_000011.10:108267275:T:C,ATM,ATM,BRCA1
NC_000011.10:108267317:C:T,ATM,NBN,BRCA1
NC_000011.10:108309008:T:C,ATM,FANCA,BRCA1
NC_000011.10:108312439:G:A,ATM,BRCA1,BRCA1
NC_000013.11:32325080:A:C,BRCA2,BRCA2,BRCA1
NC_000013.11:32326114:A:G,BRCA2,BRCA2,BRCA1
NC_000013.11:32332618:G:A,BRCA2,BRCA2,BRCA1
NC_000013.11:32332628:C:T,BRCA2,BRCA2,BRCA1
NC_000013.11:32332758:C:G,BRCA2,BRCA2,BRCA1
NC_000013.11:32333221:A:C,BRCA2,BRCA2,BRCA1
NC_000013.11:32333269:A:G,BRCA2,BRCA2,BRCA1
NC_000013.11:32336704:A:G,BRCA2,BRCA2,BRCA1
NC_000013.11:32336825:T:C,BRCA2,BRCA2,BRCA1
NC_000013.11:32337034:G:A,BRCA2,BRCA2,BRCA1
NC_000013.11:32337109:G:A,BRCA2,BRCA2,BRCA1
NC_000013.11:32337157:G:C,BRCA2,BRCA2,BRCA1
NC_000013.11:32337341:T:G,BRCA2,BRCA2,BRCA1
NC_000013.11:32338541:A:G,BRCA2,BRCA2,BRCA1
NC_000013.11:32338595:C:T,BRCA2,BRCA2,BRCA1
NC_000013.11:32339424:A:C,BRCA2,BRCA2,BRCA1
NC_000013.11:32339828:C:T,BRCA2,BRCA2,BRCA1
NC_000013.11:32340107:A:G,BRCA2,BRCA2,BRCA1
NC_000013.11:32340644:C:T,BRCA2,BRCA2,BRCA1
NC_000013.11:32344650:A:T,BRCA2,BRCA2,BRCA1
NC_000013.11:32356496:G:A,BRCA2,BRCA2,BRCA1
NC_000013.11:32356525:C:T,BRCA2,BRCA2,BRCA1
NC_000013.11:32363350:G:T,BRCA2,BRCA2,BRCA1
NC_000013.11:32363388:G:T,BRCA2,BRCA2,BRCA1
NC_000013.11:32379833:C:T,BRCA2,BRCA2,BRCA1
NC_000015.10:90782868:C:T,BLM,CDH1,BRCA1
NC_000016.10:23607964:C:G,PALB2,PALB2,BRCA1
NC_000016.10:68801669:T:G,CDH1,BRCA1,BRCA1
NC_000016.10:68801693:G:A,CDH1,CDH1,BRCA1
NC_000016.10:68813336:G:A,CDH1,CDH1,BRCA1
NC_000016.10:68813348:G:A,CDH1,CDH1,BRCA1
NC_000016.10:68813397:C:T,CDH1,BRCA1,BRCA1
NC_000016.10:68833361:A:G,CDH1,CDH1,BRCA1
NC_000016.10:68833487:G:A,CDH1,CDH1,BRCA1
NC_000016.10:89738908:C:T,FANCA,BRCA1,BRCA1
NC_000016.10:89767167:G:C,FANCA,FANCA,BRCA1
NC_000016.10:89770214:C:T,FANCA,FANCA,BRCA1
NC_000016.10:89770245:C:A,FANCA,FANCA,BRCA1
NC_000016.10:89795979:A:G,FANCA,FANCA,BRCA1
NC_000016.10:89805365:G:A,FANCA,FANCA,BRCA1
NC_000016.10:89816591:G:C,FANCA,FANCA,BRCA1
NC_000017.11:7670648:G:T,TP53,TP53,BRCA1
NC_000017.11:7670710:C:T,TP53,TP53,BRCA1
NC_000017.11:7673581:G:T,TP53,TP53,BRCA1
NC_000017.11:7675131:C:T,TP53,TP53,BRCA1
NC_000017.11:7676024:T:C,TP53,TP53,BRCA1
NC_000017.11:7676046:C:T,TP53,TP53,BRCA1
NC_000017.11:7676123:G:A,TP53,TP53,BRCA1
NC_000017.11:7676223:C:T,TP53,TP53,BRCA1
NC_000017.11:35103296:C:T,RAD51D,CDH1,BRCA1
NC_000017.11:43045684:T:A,BRCA1,BRCA1,BRCA1
NC_000017.11:43045690:T:G,BRCA1,BRCA1,BRCA1
NC_000017.11:43047698:A:T,BRCA1,BRCA1,BRCA1
NC_000017.11:43063367:T:C,BRCA1,BRCA1,BRCA1
NC_000017.11:43063908:C:G,BRCA1,BRCA1,BRCA1
NC_000017.11:43071076:T:C,BRCA1,BRCA1,BRCA1
NC_000017.11:43071184:A:G,BRCA1,BRCA1,BRCA1
NC_000017.11:43071231:G:A,BRCA1,BRCA1,BRCA1
NC_000017.11:43091707:T:C,BRCA1,BRCA1,BRCA1
NC_000017.11:43091791:C:T,BRCA1,BRCA1,BRCA1
NC_000017.11:43091890:C:T,BRCA1,BRCA1,BRCA1
NC_000017.11:43092447:C:T,BRCA1,BRCA1,BRCA1
NC_000017.11:43092946:T:C,BRCA1,BRCA1,BRCA1
NC_000017.11:43093072:T:C,BRCA1,BRCA1,BRCA1
NC_000017.11:43093215:A:G,BRCA1,BRCA1,BRCA1
NC_000017.11:43093453:C:T,BRCA1,BRCA1,BRCA1
NC_000017.11:43093741:C:T,BRCA1,BRCA1,BRCA1
NC_000017.11:43093827:G:A,BRCA1,BRCA1,BRCA1
NC_000017.11:43094074:A:G,BRCA1,BRCA1,BRCA1
NC_000017.11:43094147:A:T,BRCA1,BRCA1,BRCA1
NC_000017.11:43094297:A:C,BRCA1,BRCA1,BRCA1
NC_000017.11:43095874:T:C,BRCA1,BRCA1,BRCA1
NC_000017.11:43104135:C:T,BRCA1,BRCA1,BRCA1
NC_000017.11:58695160:G:A,RAD51C,CDH1,BRCA1
NC_000010.11:87863956:G:T,PTEN,PTEN,BRCA1
NC_000010.11:87864457:A:T,PTEN,PTEN,BRCA1
NC_000011.10:108244064:C:A,ATM,ATM,BRCA1
NC_000011.10:108251988:G:C,ATM,ATM,BRCA1
NC_000011.10:108267248:G:A,ATM,ATM,BRCA1
NC_000011.10:108267277:T:G,ATM,ATM,BRCA1
NC_000011.10:108272772:C:T,ATM,ATM,BRCA1
NC_000011.10:108284442:G:T,ATM,ATM,BRCA1
NC_000011.10:108293403:A:T,ATM,ATM,BRCA1
NC_000011.10:108365448:C:A,ATM,BRCA1,BRCA1
NC_000013.11:32330998:A:T,BRCA2,BRCA2,BRCA1
NC_000013.11:32332342:A:C,BRCA2,BRCA2,BRCA1
NC_000013.11:32332558:A:G,BRCA2,BRCA2,BRCA1
NC_000013.11:32332583:A:G,BRCA2,BRCA2,BRCA1
NC_000013.11:32332606:G:C,BRCA2,BRCA2,BRCA1
NC_000013.11:32333152:G:A,BRCA2,BRCA2,BRCA1
NC_000013.11:32333281:G:A,BRCA2,BRCA2,BRCA1
NC_000013.11:32336575:G:T,BRCA2,BRCA2,BRCA1
NC_000013.11:32336597:A:G,BRCA2,BRCA2,BRCA1
NC_000013.11:32336757:C:A,BRCA2,BRCA2,BRCA1
NC_000013.11:32336877:A:T,BRCA2,BRCA2,BRCA1
NC_000013.11:32336977:G:C,BRCA2,BRCA2,BRCA1
NC_000013.11:32337316:G:A,BRCA2,BRCA2,BRCA1
NC_000013.11:32337750:A:C,BRCA2,BRCA2,BRCA1
NC_000013.11:32338127:T:G,BRCA2,BRCA2,BRCA1
NC_000013.11:32338177:A:G,BRCA2,BRCA2,BRCA1
NC_000013.11:32338792:T:C,BRCA2,BRCA2,BRCA1
NC_000013.11:32338920:G:T,BRCA2,BRCA2,BRCA1
NC_000013.11:32338993:G:A,BRCA2,BRCA2,BRCA1
NC_000013.11:32339357:C:G,BRCA2,BRCA2,BRCA1
NC_000013.11:32339578:A:G,BRCA2,BRCA2,BRCA1
NC_000013.11:32339606:A:C,BRCA2,BRCA2,BRCA1
NC_000013.11:32339677:G:C,BRCA2,BRCA2,BRCA1
NC_000013.11:32339767:A:G,BRCA2,BRCA2,BRCA1
NC_000013.11:32339821:A:C,BRCA2,BRCA2,BRCA1
NC_000013.11:32340025:G:A,BRCA2,BRCA2,BRCA1
NC_000013.11:32340536:C:T,BRCA2,BRCA1,BRCA1
NC_000013.11:32340937:G:A,BRCA2,BRCA2,BRCA1
NC_000013.11:32356460:T:C,BRCA2,BRCA2,BRCA1
NC_000013.11:32357854:A:C,BRCA2,BRCA2,BRCA1
NC_000013.11:32357854:A:T,BRCA2,BRCA2,BRCA1
NC_000013.11:32362618:G:A,BRCA2,BRCA2,BRCA1
NC_000013.11:32363527:T:A,BRCA2,BRCA2,BRCA1
NC_000013.11:32370966:G:C,BRCA2,BRCA2,BRCA1
NC_000013.11:32379411:G:C,BRCA2,BRCA2,BRCA1
NC_000013.11:32380087:C:T,BRCA2,BRCA2,BRCA1
NC_000015.10:90749919:A:G,BLM,BRIP1,BRCA1
NC_000015.10:90751818:G:A,BLM,BLM,BRCA1
NC_000015.10:90803711:A:C,BLM,BRIP1,BRCA1
NC_000016.10:23607926:T:G,PALB2,BRCA1,BRCA1
NC_000016.10:23621373:T:A,PALB2,BRCA2,BRCA1
NC_000016.10:23623039:C:G,PALB2,PALB2,BRCA1
NC_000016.10:23635603:T:G,PALB2,PALB2,BRCA1
NC_000016.10:23641111:T:C,PALB2,CDH1,BRCA1
NC_000016.10:23641131:A:T,PALB2,BRCA1,BRCA1
NC_000016.10:68737418:G:A,CDH1,CDH1,BRCA1
NC_000016.10:68738360:C:A,CDH1,CDH1,BRCA1
NC_000016.10:68738377:C:A,CDH1,CDH1,BRCA1
NC_000016.10:68811789:C:A,CDH1,CDH1,BRCA1
NC_000016.10:68812258:C:T,CDH1,CDH1,BRCA1
NC_000016.10:68813328:C:A,CDH1,CDH1,BRCA1
NC_000016.10:68813338:G:T,CDH1,CDH1,BRCA1
NC_000016.10:68813399:T:C,CDH1,ATM,BRCA1
NC_000016.10:68815686:A:C,CDH1,CDH1,BRCA1
NC_000016.10:68819397:A:G,CDH1,CDH1,BRCA1
NC_000016.10:68822153:A:G,CDH1,CDH1,BRCA1
NC_000016.10:89738215:G:C,FANCA,BRCA1,BRCA1
NC_000016.10:89765039:G:T,FANCA,FANCA,BRCA1
NC_000016.10:89791491:G:C,FANCA,BRCA1,BRCA1
NC_000016.10:89808345:C:T,FANCA,FANCA,BRCA1
NC_000016.10:89815972:C:G,FANCA,FANCA,BRCA1
NC_000017.11:7669626:T:A,TP53,TP53,BRCA1
NC_000017.11:7669639:A:G,TP53,TP53,BRCA1
NC_000017.11:7669640:T:C,TP53,TP53,BRCA1
NC_000017.11:7669667:G:T,TP53,TP53,BRCA1
NC_000017.11:7670641:C:T,TP53,BRCA1,BRCA1
NC_000017.11:7670642:C:G,TP53,TP53,BRCA1
NC_000017.11:7670702:C:G,TP53,TP53,BRCA1
NC_000017.11:7673249:C:T,TP53,PTEN,BRCA1
NC_000017.11:7673331:G:A,TP53,BRCA1,BRCA1
NC_000017.11:7673714:C:G,TP53,TP53,BRCA1
NC_000017.11:7673736:G:A,TP53,TP53,BRCA1
NC_000017.11:7675064:A:G,TP53,TP53,BRCA1
NC_000017.11:7676087:G:A,TP53,BRCA1,BRCA1
NC_000017.11:7676150:A:T,TP53,TP53,BRCA1
NC_000017.11:7676571:G:A,TP53,TP53,BRCA1
NC_000017.11:7676583:G:T,TP53,TP53,BRCA1
NC_000017.11:35101001:G:T,RAD51D,RAD51D,BRCA1
NC_000017.11:43045726:T:C,BRCA1,BRCA1,BRCA1
NC_000017.11:43045729:C:G,BRCA1,BRCA1,BRCA1
NC_000017.11:43045738:A:C,BRCA1,BRCA1,BRCA1
NC_000017.11:43045791:C:G,BRCA1,BRCA1,BRCA1
NC_000017.11:43045793:G:C,BRCA1,BRCA1,BRCA1
NC_000017.11:43045794:C:A,BRCA1,TP53,BRCA1
NC_000017.11:43047652:A:G,BRCA1,FANCA,BRCA1
NC_000017.11:43047661:T:C,BRCA1,BRCA1,BRCA1
NC_000017.11:43047662:G:C,BRCA1,BRCA1,BRCA1
NC_000017.11:43047670:A:G,BRCA1,BRCA1,BRCA1
NC_000017.11:43057059:C:A,BRCA1,BRCA1,BRCA1
NC_000017.11:43057134:G:C,BRCA1,BRCA1,BRCA1
NC_000017.11:43067664:G:A,BRCA1,BRCA1,BRCA1
NC_000017.11:43067685:A:T,BRCA1,BRCA1,BRCA1
NC_000017.11:43070970:T:C,BRCA1,BRCA1,BRCA1
NC_000017.11:43070970:T:G,BRCA1,BRCA1,BRCA1
NC_000017.11:43070992:C:T,BRCA1,BRCA1,BRCA1
NC_000017.11:43079351:G:A,BRCA1,BRCA1,BRCA1
NC_000017.11:43091449:T:G,BRCA1,BRCA1,BRCA1
NC_000017.11:43091679:T:C,BRCA1,BRCA1,BRCA1
NC_000017.11:43091772:G:T,BRCA1,BRCA1,BRCA1
NC_000017.11:43091802:C:G,BRCA1,BRCA1,BRCA1
NC_000017.11:43091808:G:C,BRCA1,BRCA1,BRCA1
NC_000017.11:43091917:C:G,BRCA1,BRCA1,BRCA1
NC_000017.11:43092448:G:A,BRCA1,BRCA1,BRCA1
NC_000017.11:43092458:G:C,BRCA1,BRCA1,BRCA1
NC_000017.11:43092609:A:G,BRCA1,BRCA1,BRCA1
NC_000017.11:43092772:C:T,BRCA1,BRCA1,BRCA1
NC_000017.11:43093285:C:G,BRCA1,BRCA1,BRCA1
NC_000017.11:43093323:T:C,BRCA1,BRCA1,BRCA1
NC_000017.11:43093323:T:G,BRCA1,BRCA1,BRCA1
NC_000017.11:43093453:C:A,BRCA1,BRCA1,BRCA1
NC_000017.11:43093696:T:C,BRCA1,BRCA1,BRCA1
NC_000017.11:43093969:C:G,BRCA1,BRCA1,BRCA1
NC_000017.11:43094056:T:C,BRCA1,BRCA1,BRCA1
NC_000017.11:43094062:G:A,BRCA1,BRCA1,BRCA1
NC_000017.11:43094156:G:C,BRCA1,BRCA1,BRCA1
NC_000017.11:43094430:G:C,BRCA1,BRCA1,BRCA1
NC_000017.11:43094449:A:C,BRCA1,BRCA1,BRCA1
NC_000017.11:43094629:T:G,BRCA1,BRCA1,BRCA1
NC_000017.11:43094706:C:T,BRCA1,BRCA1,BRCA1
NC_000017.11:43094742:C:G,BRCA1,BRCA1,BRCA1
NC_000017.11:43099858:G:C,BRCA1,BRCA1,BRCA1
NC_000017.11:43104165:G:A,BRCA1,BRCA1,BRCA1
NC_000017.11:43104240:C:A,BRCA1,BRCA1,BRCA1
NC_000017.11:43106492:A:C,BRCA1,BRCA1,BRCA1
NC_000017.11:43124035:T:G,BRCA1,BRCA1,BRCA1
NC_000017.11:58695058:G:C,RAD51C,RAD51C,BRCA1
NC_000017.11:61683978:G:A,BRIP1,BARD1,BRCA1
NC_000017.11:61685985:A:G,BRIP1,FANCA,BRCA1
NC_000017.11:61686066:G:T,BRIP1,BRIP1,BRCA1
NC_000017.11:61716033:G:C,BRIP1,FANCA,BRCA1
NC_000017.11:61849169:C:T,BRIP1,ATM,BRCA1
NC_000019.10:1223063:A:G,STK11,CDH1,BRCA1
NC_000002.12:214780616:A:T,BARD1,BARD1,BRCA1
NC_000022.11:28711910:C:T,CHEK2,BARD1,BRCA1
NC_000022.11:28719434:C:A,CHEK2,ATM,BRCA1
NC_000008.11:89946195:G:C,NBN,NBN,BRCA1
NC_000008.11:89953429:C:G,NBN,NBN,BRCA1
NC_000008.11:89971254:C:T,NBN,BARD1,BRCA1
NC_000009.12:95107246:C:T,FANCC,FANCC,BRCA1
NC_000009.12:95114707:T:C,FANCC,FANCC,BRCA1
NC_000009.12:95249274:A:G,FANCC,NBN,BRCA1
NC_000010.11:87925556:T:C,PTEN,PTEN,BRCA1
NC_000010.11:87933126:A:G,PTEN,PTEN,BRCA1
NC_000010.11:87933128:T:C,PTEN,PTEN,BRCA1
NC_000010.11:87952134:T:A,PTEN,PTEN,BRCA1
NC_000010.11:87957939:T:C,PTEN,PTEN,BRCA1
NC_000011.10:108244999:C:T,ATM,ATM,BRCA1
NC_000011.10:108272590:T:C,ATM,ATM,BRCA1
NC_000011.10:108315910:G:A,ATM,ATM,BRCA1
NC_000011.10:108365359:G:A,ATM,ATM,BRCA1
NC_000013.11:32362594:G:C,BRCA2,BRCA2,BRCA1
NC_000013.11:32363389:G:C,BRCA2,BRCA2,BRCA1
NC_000016.10:68822189:C:T,CDH1,CDH1,BRCA1
NC_000016.10:89739478:T:C,FANCA,FANCA,BRCA1
NC_000016.10:89816613:A:G,FANCA,FANCA,BRCA1
NC_000017.11:7670683:C:G,TP53,TP53,BRCA1
NC_000017.11:7670698:C:A,TP53,TP53,BRCA1
NC_000017.11:7673763:C:T,TP53,TP53,BRCA1
NC_000017.11:7673780:C:G,TP53,TP53,BRCA1
NC_000017.11:7674215:C:A,TP53,TP53,BRCA1
NC_000017.11:7674226:T:C,TP53,TP53,BRCA1
NC_000017.11:7674229:C:A,TP53,TP53,BRCA1
NC_000017.11:7674249:C:T,TP53,TP53,BRCA1
NC_000017.11:7674250:A:C,TP53,TP53,BRCA1
NC_000017.11:7674871:T:G,TP53,TP53,BRCA1
NC_000017.11:7674952:T:C,TP53,TP53,BRCA1
NC_000017.11:7674953:G:A,TP53,TP53,BRCA1
NC_000017.11:7675121:T:C,TP53,TP53,BRCA1
NC_000017.11:7675138:C:G,TP53,TP53,BRCA1
NC_000017.11:7675213:A:G,TP53,TP53,BRCA1
NC_000017.11:7675220:T:A,TP53,TP53,BRCA1
NC_000017.11:7675231:G:A,TP53,TP53,BRCA1
NC_000017.11:43063371:C:A,BRCA1,BRCA1,BRCA1
NC_000017.11:43063902:G:T,BRCA1,BRCA1,BRCA1
NC_000017.11:43067615:A:C,BRCA1,BRCA1,BRCA1
NC_000017.11:43067623:A:T,BRCA1,BRCA1,BRCA1
NC_000017.11:43071045:G:C,BRCA1,BRCA1,BRCA1
NC_000017.11:43106476:C:T,BRCA1,BRCA1,BRCA1
NC_000017.11:43106477:A:C,BRCA1,BRCA1,BRCA1
NC_000017.11:58696701:G:C,RAD51C,BRCA1,BRCA1
NC_000019.10:1220487:G:T,STK11,STK11,BRCA1
NC_000019.10:1220699:G:C,STK11,STK11,BRCA1
NC_000022.11:28695799:T:G,CHEK2,ATM,BRCA1
NC_000010.11:87864503:A:C,PTEN,PTEN,BRCA1
NC_000010.11:87864545:C:A,PTEN,PTEN,BRCA1
NC_000010.11:87894024:A:G,PTEN,PTEN,BRCA1
NC_000010.11:87894047:A:G,PTEN,PTEN,BRCA1
NC_000010.11:87894051:G:A,PTEN,PTEN,BRCA1
NC_000010.11:87894057:C:T,PTEN,PTEN,BRCA1
NC_000010.11:87925545:G:T,PTEN,PTEN,BRCA1
NC_000010.11:87925550:A:G,PTEN,PTEN,BRCA1
NC_000010.11:87931047:G:A,PTEN,PTEN,BRCA1
NC_000010.11:87933027:T:C,PTEN,PTEN,BRCA1
NC_000010.11:87933033:A:C,PTEN,PTEN,BRCA1
NC_000010.11:87933035:C:T,PTEN,PTEN,BRCA1
NC_000010.11:87933080:C:T,PTEN,PTEN,BRCA1
NC_000010.11:87933113:G:C,PTEN,PTEN,BRCA1
NC_000010.11:87933119:G:C,PTEN,PTEN,BRCA1
NC_000010.11:87933125:C:G,PTEN,PTEN,BRCA1
NC_000010.11:87933128:T:A,PTEN,PTEN,BRCA1
NC_000010.11:87933129:G:A,PTEN,PTEN,BRCA1
NC_000010.11:87933135:C:A,PTEN,PTEN,BRCA1
NC_000010.11:87933140:A:G,PTEN,PTEN,BRCA1
NC_000010.11:87933144:GA:TT,PTEN,PTEN,BRCA1
NC_000010.11:87933159:T:C,PTEN,PTEN,BRCA1
NC_000010.11:87933165:G:T,PTEN,PTEN,BRCA1
NC_000010.11:87933180:A:T,PTEN,PTEN,BRCA1
NC_000010.11:87933219:T:G,PTEN,PTEN,BRCA1
NC_000010.11:87933222:A:G,PTEN,PTEN,BRCA1
NC_000010.11:87933234:G:A,PTEN,PTEN,BRCA1
NC_000010.11:87952132:A:C,PTEN,PTEN,BRCA1
NC_000010.11:87952134:T:G,PTEN,PTEN,BRCA1
NC_000010.11:87952142:G:A,PTEN,PTEN,BRCA1
NC_000010.11:87952145:A:G,PTEN,PTEN,BRCA1
NC_000010.11:87952147:G:A,PTEN,PTEN,BRCA1
NC_000010.11:87952229:C:T,PTEN,PTEN,BRCA1
NC_000010.11:87952257:C:G,PTEN,PTEN,BRCA1
NC_000010.11:87957978:A:C,PTEN,PTEN,BRCA1
NC_000010.11:87957981:T:A,PTEN,PTEN,BRCA1
NC_000010.11:87957981:T:G,PTEN,PTEN,BRCA1
NC_000011.10:108227695:G:C,ATM,ATM,BRCA1
NC_000011.10:108229323:G:T,ATM,ATM,BRCA1
NC_000011.10:108317376:T:C,ATM,ATM,BRCA1
NC_000011.10:108327757:G:C,ATM,ATM,BRCA1
NC_000011.10:108329111:C:T,ATM,BRCA1,BRCA1
NC_000011.10:108332898:A:T,ATM,BRCA2,BRCA1
NC_000011.10:108333942:T:A,ATM,ATM,BRCA1
NC_000011.10:108333954:C:A,ATM,ATM,BRCA1
NC_000011.10:108335081:T:A,ATM,BRCA1,BRCA1
NC_000011.10:108335104:T:C,ATM,ATM,BRCA1
NC_000011.10:108345869:G:C,ATM,ATM,BRCA1
NC_000013.11:32326281:G:T,BRCA2,BRCA2,BRCA1
NC_000013.11:32341017:C:G,BRCA2,BRCA2,BRCA1
NC_000013.11:32362594:G:T,BRCA2,BRCA2,BRCA1
NC_000013.11:32362674:T:C,BRCA2,BRCA2,BRCA1
NC_000013.11:32363179:T:G,BRCA2,BRCA2,BRCA1
NC_000013.11:32363368:G:C,BRCA2,BRCA2,BRCA1
NC_000013.11:32363369:A:T,BRCA2,BRCA2,BRCA1
NC_000013.11:32363371:G:T,BRCA2,BRCA2,BRCA1
NC_000013.11:32363378:A:G,BRCA2,BRCA2,BRCA1
NC_000013.11:32370555:A:G,BRCA2,BRCA2,BRCA1
NC_000013.11:32379877:G:C,BRCA2,BRCA2,BRCA1
NC_000013.11:32380042:C:T,BRCA2,BRCA2,BRCA1
NC_000013.11:32380115:G:T,BRCA2,BRCA2,BRCA1
NC_000013.11:32380142:CA:TT,BRCA2,ATM,BRCA1
NC_000013.11:32394716:C:A,BRCA2,BRCA2,BRCA1
NC_000015.10:90794309:T:C,BLM,BLM,BRCA1
NC_000016.10:23641155:A:T,PALB2,PALB2,BRCA1
NC_000016.10:68737415:A:T,CDH1,CDH1,BRCA1
NC_000016.10:68819416:C:G,CDH1,CDH1,BRCA1
NC_000016.10:68819424:G:A,CDH1,CDH1,BRCA1
NC_000016.10:89738883:C:A,FANCA,BRCA1,BRCA1
NC_000016.10:89744973:C:G,FANCA,BRCA1,BRCA1
NC_000016.10:89746888:C:G,FANCA,FANCA,BRCA1
NC_000016.10:89749805:G:C,FANCA,FANCA,BRCA1
NC_000016.10:89762006:A:G,FANCA,FANCA,BRCA1
NC_000016.10:89767228:G:C,FANCA,FANCA,BRCA1
NC_000016.10:89770191:G:A,FANCA,FANCA,BRCA1
NC_000016.10:89778834:C:T,FANCA,FANCA,BRCA1
NC_000016.10:89791453:C:G,FANCA,FANCA,BRCA1
NC_000016.10:89791457:C:G,FANCA,FANCA,BRCA1
NC_000016.10:89791458:G:A,FANCA,FANCA,BRCA1
NC_000016.10:89791931:A:C,FANCA,FANCA,BRCA1
NC_000016.10:89816613:A:C,FANCA,FANCA,BRCA1
NC_000017.11:7673777:T:G,TP53,TP53,BRCA1
NC_000017.11:7673787:G:A,TP53,TP53,BRCA1
NC_000017.11:7673795:C:A,TP53,TP53,BRCA1
NC_000017.11:7673801:C:A,TP53,TP53,BRCA1
NC_000017.11:7673802:G:C,TP53,TP53,BRCA1
NC_000017.11:7673802:G:T,TP53,TP53,BRCA1
NC_000017.11:7673807:T:A,TP53,TP53,BRCA1
NC_000017.11:7673823:C:G,TP53,TP53,BRCA1
NC_000017.11:7674224:C:G,TP53,TP53,BRCA1
NC_000017.11:7674243:C:T,TP53,TP53,BRCA1
NC_000017.11:7674244:T:C,TP53,TP53,BRCA1
NC_000017.11:7674267:A:T,TP53,TP53,BRCA1
NC_000017.11:7674889:T:C,TP53,TP53,BRCA1
NC_000017.11:7674917:A:G,TP53,TP53,BRCA1
NC_000017.11:7675074:A:T,TP53,TP53,BRCA1
NC_000017.11:7675077:G:C,TP53,TP53,BRCA1
NC_000017.11:7675117:T:A,TP53,TP53,BRCA1
NC_000017.11:7675130:C:T,TP53,TP53,BRCA1
NC_000017.11:7675138:C:A,TP53,TP53,BRCA1
NC_000017.11:7675144:C:G,TP53,TP53,BRCA1
NC_000017.11:7675159:GG:AA,TP53,BRCA1,BRCA1
NC_000017.11:7675188:G:C,TP53,TP53,BRCA1
NC_000017.11:7675215:C:G,TP53,TP53,BRCA1
NC_000017.11:7676038:AC:GG,TP53,STK11,BRCA1
NC_000017.11:7676039:C:A,TP53,TP53,BRCA1
NC_000017.11:43045742:C:G,BRCA1,BRCA1,BRCA1
NC_000017.11:43045748:T:G,BRCA1,BRCA1,BRCA1
NC_000017.11:43045756:A:T,BRCA1,BRCA1,BRCA1
NC_000017.11:43045781:C:A,BRCA1,BRCA1,BRCA1
NC_000017.11:43047660:C:A,BRCA1,BRCA1,BRCA1
NC_000017.11:43047678:G:A,BRCA1,BRCA1,BRCA1
NC_000017.11:43049166:C:T,BRCA1,BRCA1,BRCA1
NC_000017.11:43049175:A:T,BRCA1,BRCA1,BRCA1
NC_000017.11:43051071:T:C,BRCA1,BRCA1,BRCA1
NC_000017.11:43051097:A:G,BRCA1,BRCA1,BRCA1
NC_000017.11:43057069:T:A,BRCA1,BRCA1,BRCA1
NC_000017.11:43057069:T:G,BRCA1,BRCA1,BRCA1
NC_000017.11:43057073:G:T,BRCA1,BRCA1,BRCA1
NC_000017.11:43057086:C:A,BRCA1,BRCA1,BRCA1
NC_000017.11:43057116:C:G,BRCA1,BRCA1,BRCA1
NC_000017.11:43057122:C:A,BRCA1,BRCA1,BRCA1
NC_000017.11:43063361:A:G,BRCA1,BRCA1,BRCA1
NC_000017.11:43063369:A:C,BRCA1,BRCA1,BRCA1
NC_000017.11:43063372:C:T,BRCA1,BRCA1,BRCA1
NC_000017.11:43063884:A:C,BRCA1,BRCA1,BRCA1
NC_000017.11:43063908:C:A,BRCA1,BRCA1,BRCA1
NC_000017.11:43067607:C:T,BRCA1,BRCA1,BRCA1
NC_000017.11:43067609:G:T,BRCA1,BRCA1,BRCA1
NC_000017.11:43067625:G:A,BRCA1,BRCA1,BRCA1
NC_000017.11:43067693:A:C,BRCA1,BRCA1,BRCA1
NC_000017.11:43082439:C:T,BRCA1,BRCA1,BRCA1
NC_000017.11:43090943:C:G,BRCA1,BRCA1,BRCA1
NC_000017.11:43104259:A:T,BRCA1,BRCA1,BRCA1
NC_000017.11:43104259:AT:TC,BRCA1,ATM,BRCA1
NC_000017.11:43106456:T:A,BRCA1,BRCA1,BRCA1
NC_000017.11:43106485:C:T,BRCA1,BRCA1,BRCA1
NC_000017.11:43115728:C:A,BRCA1,BRCA1,BRCA1
NC_000017.11:43115749:G:T,BRCA1,BRCA1,BRCA1
NC_000017.11:43124025:C:G,BRCA1,BRCA1,BRCA1
NC_000017.11:43124025:C:T,BRCA1,BRCA1,BRCA1
NC_000017.11:43124043:A:T,BRCA1,BRCA1,BRCA1
NC_000017.11:58695188:G:T,RAD51C,RAD51C,BRCA1
NC_000017.11:61808619:C:A,BRIP1,BRIP1,BRCA1
NC_000019.10:1220437:T:A,STK11,STK11,BRCA1
NC_000019.10:1220449:A:G,STK11,STK11,BRCA1
NC_000019.10:1220489:C:A,STK11,STK11,BRCA1
NC_000019.10:1220493:G:C,STK11,STK11,BRCA1
NC_000019.10:1220706:G:A,STK11,STK11,BRCA1
NC_000002.12:214730507:C:T,BARD1,BRCA2,BRCA1
NC_000022.11:28695866:C:G,CHEK2,STK11,BRCA1
NC_000008.11:89958853:C:T,NBN,ATM,BRCA1
NC_000002.12:214792407:C:A,BARD1,CDH1,BRCA1
NC_000002.12:214809525:C:A,BARD1,FANCA,BRCA1
NC_000008.11:89955457:T:C,NBN,BARD1,BRCA1
NC_000010.11:87862105:G:C,PTEN,PTEN,BRCA1
NC_000010.11:87863956:G:C,PTEN,PTEN,BRCA1
NC_000011.10:108243999:G:C,ATM,ATM,BRCA1
NC_000011.10:108244021:G:A,ATM,ATM,BRCA1
NC_000011.10:108254033:T:C,ATM,ATM,BRCA1
NC_000011.10:108272571:A:G,ATM,ATM,BRCA1
NC_000011.10:108279588:A:G,ATM,ATM,BRCA1
NC_000013.11:32332333:T:C,BRCA2,BRCA2,BRCA1
NC_000013.11:32332643:C:A,BRCA2,BRCA2,BRCA1
NC_000013.11:32333015:A:G,BRCA2,BRCA2,BRCA1
NC_000013.11:32333366:C:T,BRCA2,BRCA2,BRCA1
NC_000013.11:32337140:T:C,BRCA2,BRCA2,BRCA1
NC_000013.11:32337157:G:A,BRCA2,BRCA2,BRCA1
NC_000013.11:32337280:T:A,BRCA2,BRCA2,BRCA1
NC_000013.11:32337935:G:A,BRCA2,BRCA2,BRCA1
NC_000013.11:32338193:A:T,BRCA2,BRCA2,BRCA1
NC_000013.11:32338223:G:A,BRCA2,BRCA2,BRCA1
NC_000013.11:32339809:C:T,BRCA2,BRCA2,BRCA1
NC_000013.11:32339994:T:G,BRCA2,BRCA2,BRCA1
NC_000013.11:32340064:C:G,BRCA2,BRCA2,BRCA1
NC_000013.11:32340106:C:T,BRCA2,BRCA2,BRCA1
NC_000013.11:32341102:A:G,BRCA2,BRCA2,BRCA1
NC_000013.11:32354904:C:G,BRCA2,BRCA2,BRCA1
NC_000013.11:32354909:G:C,BRCA2,BRCA2,BRCA1
NC_000013.11:32363383:G:A,BRCA2,BRCA2,BRCA1
NC_000013.11:32370970:T:C,BRCA2,BRCA2,BRCA1
NC_000013.11:32379466:G:A,BRCA2,BRCA2,BRCA1
NC_000015.10:90804199:G:A,BLM,BLM,BRCA1
NC_000016.10:23621420:C:G,PALB2,CDH1,BRCA1
NC_000016.10:23626393:G:A,PALB2,PALB2,BRCA1
NC_000016.10:68801689:G:A,CDH1,CDH1,BRCA1
NC_000016.10:68801809:G:A,CDH1,CDH1,BRCA1
NC_000016.10:68808830:C:T,CDH1,CDH1,BRCA1
NC_000016.10:68812261:C:T,CDH1,CDH1,BRCA1
NC_000016.10:68813472:A:G,CDH1,CDH1,BRCA1
NC_000016.10:68815602:C:T,CDH1,CDH1,BRCA1
NC_000016.10:68828212:C:T,CDH1,CDH1,BRCA1
NC_000016.10:68829693:G:A,CDH1,CDH1,BRCA1
NC_000016.10:89738915:C:T,FANCA,FANCA,BRCA1
NC_000016.10:89738958:G:A,FANCA,FANCA,BRCA1
NC_000016.10:89740068:C:T,FANCA,FANCA,BRCA1
NC_000016.10:89752172:G:A,FANCA,FANCA,BRCA1
NC_000016.10:89791526:G:A,FANCA,FANCA,BRCA1
NC_000016.10:89795954:G:C,FANCA,FANCA,BRCA1
NC_000016.10:89799634:T:C,FANCA,FANCA,BRCA1
NC_000016.10:89803295:T:C,FANCA,FANCA,BRCA1
NC_000016.10:89808347:G:A,FANCA,FANCA,BRCA1
NC_000016.10:89816598:A:T,FANCA,FANCA,BRCA1
NC_000017.11:7669654:C:T,TP53,TP53,BRCA1
NC_000017.11:7670612:A:C,TP53,TP53,BRCA1
NC_000017.11:7673247:A:G,TP53,TP53,BRCA1
NC_000017.11:7673584:A:T,TP53,TP53,BRCA1
NC_000017.11:7673727:C:T,TP53,TP53,BRCA1
NC_000017.11:7673733:G:A,TP53,TP53,BRCA1
NC_000017.11:7675057:C:T,TP53,TP53,BRCA1
NC_000017.11:7676219:A:G,TP53,TP53,BRCA1
NC_000017.11:7676566:C:T,TP53,TP53,BRCA1
NC_000017.11:35100956:G:A,RAD51D,NBN,BRCA1
NC_000017.11:35103293:T:C,RAD51D,CDH1,BRCA1
NC_000017.11:43045693:G:C,BRCA1,BRCA1,BRCA1
NC_000017.11:43070958:A:G,BRCA1,BRCA1,BRCA1
NC_000017.11:43071003:G:A,BRCA1,BRCA1,BRCA1
NC_000017.11:43071030:A:G,BRCA1,BRCA1,BRCA1
NC_000017.11:43091782:C:T,BRCA1,BRCA1,BRCA1
NC_000017.11:43091930:C:A,BRCA1,BRCA1,BRCA1
NC_000017.11:43092082:G:A,BRCA1,BRCA1,BRCA1
NC_000017.11:43092112:T:C,BRCA1,BRCA1,BRCA1
NC_000017.11:43092203:T:G,BRCA1,BRCA1,BRCA1
NC_000017.11:43092508:T:C,BRCA1,BRCA1,BRCA1
NC_000017.11:43092861:C:A,BRCA1,BRCA1,BRCA1
NC_000017.11:43093118:C:G,BRCA1,BRCA1,BRCA1
NC_000017.11:43093363:T:C,BRCA1,BRCA1,BRCA1
NC_000017.11:43093528:G:A,BRCA1,BRCA1,BRCA1
NC_000017.11:43093882:T:G,BRCA1,BRCA1,BRCA1
NC_000017.11:43094137:A:C,BRCA1,BRCA1,BRCA1
NC_000017.11:43094393:A:C,BRCA1,BRCA1,BRCA1
NC_000017.11:43094529:G:A,BRCA1,BRCA1,BRCA1
NC_000017.11:43094794:A:C,BRCA1,BRCA1,BRCA1
NC_000017.11:43099813:G:A,BRCA1,BRCA1,BRCA1
NC_000017.11:43104137:G:T,BRCA1,BRCA1,BRCA1
NC_000017.11:43104166:G:T,BRCA1,BRCA1,BRCA1
NC_000017.11:43106468:C:A,BRCA1,BRCA1,BRCA1
NC_000017.11:58720766:A:G,RAD51C,CDH1,BRCA1
NC_000017.11:61744452:T:C,BRIP1,CDH1,BRCA1
NC_000017.11:61849205:C:T,BRIP1,FANCA,BRCA1
NC_000019.10:1223125:C:G,STK11,STK11,BRCA1
NC_000010.11:87863958:G:A,PTEN,PTEN,BRCA1
NC_000010.11:87864179:A:T,PTEN,PTEN,BRCA1
NC_000011.10:108227826:C:T,ATM,ATM,BRCA1
NC_000011.10:108250926:T:A,ATM,ATM,BRCA1
NC_000011.10:108253992:G:A,ATM,ATM,BRCA1
NC_000011.10:108304797:C:T,ATM,ATM,BRCA1
NC_000011.10:108312473:A:T,ATM,ATM,BRCA1
NC_000011.10:108327646:C:G,ATM,ATM,BRCA1
NC_000011.10:108329057:G:A,ATM,ATM,BRCA1
NC_000011.10:108330409:G:A,ATM,ATM,BRCA1
NC_000013.11:32326142:T:A,BRCA2,BRCA2,BRCA1
NC_000013.11:32332591:A:C,BRCA2,BRCA2,BRCA1
NC_000013.11:32332601:C:T,BRCA2,BRCA2,BRCA1
NC_000013.11:32332850:C:G,BRCA2,BRCA2,BRCA1
NC_000013.11:32333092:G:A,BRCA2,BRCA2,BRCA1
NC_000013.11:32333103:A:G,BRCA2,BRCA2,BRCA1
NC_000013.11:32336573:C:T,BRCA2,BRCA2,BRCA1
NC_000013.11:32336836:T:C,BRCA2,BRCA2,BRCA1
NC_000013.11:32337238:C:T,BRCA2,BRCA2,BRCA1
NC_000013.11:32337470:C:T,BRCA2,BRCA2,BRCA1
NC_000013.11:32337801:G:C,BRCA2,BRCA2,BRCA1
NC_000013.11:32337873:T:G,BRCA2,BRCA2,BRCA1
NC_000013.11:32338147:T:A,BRCA2,BRCA2,BRCA1
NC_000013.11:32338259:C:A,BRCA2,BRCA2,BRCA1
NC_000013.11:32338296:G:C,BRCA2,BRCA2,BRCA1
NC_000013.11:32338400:T:C,BRCA2,BRCA2,BRCA1
NC_000013.11:32338504:T:G,BRCA2,BRCA2,BRCA1
NC_000013.11:32338625:C:G,BRCA2,BRCA2,BRCA1
NC_000013.11:32338843:G:T,BRCA2,BRCA2,BRCA1
NC_000013.11:32338893:T:A,BRCA2,BRCA2,BRCA1
NC_000013.11:32339163:C:A,BRCA2,BRCA2,BRCA1
NC_000013.11:32339180:C:G,BRCA2,BRCA2,BRCA1
NC_000013.11:32339501:A:G,BRCA2,BRCA2,BRCA1
NC_000013.11:32339652:T:A,BRCA2,BRCA2,BRCA1
NC_000013.11:32339688:T:A,BRCA2,BRCA2,BRCA1
NC_000013.11:32339897:G:C,BRCA2,BRCA2,BRCA1
NC_000013.11:32339989:GAGAAT:AAGAAG,BRCA2,ATM,BRCA1
NC_000013.11:32340086:A:G,BRCA2,BRCA2,BRCA1
NC_000013.11:32340098:C:A,BRCA2,BRCA2,BRCA1
NC_000013.11:32340184:A:G,BRCA2,BRCA2,BRCA1
NC_000013.11:32340890:T:C,BRCA2,BRCA2,BRCA1
NC_000013.11:32340895:G:A,BRCA2,BRCA2,BRCA1
NC_000013.11:32340985:G:A,BRCA2,BRCA2,BRCA1
NC_000013.11:32346831:A:T,BRCA2,BRCA2,BRCA1
NC_000013.11:32355039:T:C,BRCA2,BRCA2,BRCA1
NC_000013.11:32355040:G:T,BRCA2,BRCA2,BRCA1
NC_000013.11:32355223:T:A,BRCA2,BRCA2,BRCA1
NC_000013.11:32355249:TA:CG,BRCA2,ATM,BRCA1
NC_000013.11:32362632:C:G,BRCA2,BRCA2,BRCA1
NC_000013.11:32363215:A:G,BRCA2,BRCA2,BRCA1
NC_000013.11:32376770:G:A,BRCA2,BRCA2,BRCA1
NC_000013.11:32379439:C:G,BRCA2,BRCA2,BRCA1
NC_000015.10:90749722:A:G,BLM,BARD1,BRCA1
NC_000015.10:90760705:C:T,BLM,BLM,BRCA1
NC_000015.10:90803699:G:A,BLM,ATM,BRCA1
NC_000016.10:23623122:A:G,PALB2,PALB2,BRCA1
NC_000016.10:23626259:T:G,PALB2,PALB2,BRCA1
NC_000016.10:23629931:C:G,PALB2,PALB2,BRCA1
NC_000016.10:23630334:G:C,PALB2,PALB2,BRCA1
NC_000016.10:23635280:T:G,PALB2,PALB2,BRCA1
NC_000016.10:68801678:A:T,CDH1,CDH1,BRCA1
NC_000016.10:68808831:G:A,CDH1,CDH1,BRCA1
NC_000016.10:68810232:G:A,CDH1,CDH1,BRCA1
NC_000016.10:68812155:G:A,CDH1,CDH1,BRCA1
NC_000016.10:68812243:C:T,CDH1,TP53,BRCA1
NC_000016.10:68813381:G:A,CDH1,CDH1,BRCA1
NC_000016.10:68813457:A:G,CDH1,CDH1,BRCA1
NC_000016.10:68815553:G:A,CDH1,CDH1,BRCA1
NC_000016.10:68819281:A:G,CDH1,CDH1,BRCA1
NC_000016.10:89738707:G:A,FANCA,BRCA1,BRCA1
NC_000016.10:89738887:C:G,FANCA,FANCA,BRCA1
NC_000016.10:89764941:G:C,FANCA,BRCA1,BRCA1
NC_000017.11:7669628:C:G,TP53,TP53,BRCA1
NC_000017.11:7669635:G:T,TP53,TP53,BRCA1
NC_000017.11:7670668:G:C,TP53,TP53,BRCA1
NC_000017.11:7670688:C:A,TP53,TP53,BRCA1
NC_000017.11:7670711:G:A,TP53,TP53,BRCA1
NC_000017.11:7673318:T:G,TP53,TP53,BRCA1
NC_000017.11:7673592:G:T,TP53,TP53,BRCA1
NC_000017.11:7673744:T:C,TP53,TP53,BRCA1
NC_000017.11:7673831:T:C,TP53,TP53,BRCA1
NC_000017.11:7675056:G:C,TP53,TP53,BRCA1
NC_000017.11:7676015:G:A,TP53,TP53,BRCA1
NC_000017.11:7676196:G:C,TP53,TP53,BRCA1
NC_000017.11:7676383:G:C,TP53,TP53,BRCA1
NC_000017.11:7676392:T:C,TP53,TP53,BRCA1
NC_000017.11:7676583:G:A,TP53,TP53,BRCA1
NC_000017.11:43045791:C:T,BRCA1,TP53,BRCA1
NC_000017.11:43045797:A:G,BRCA1,TP53,BRCA1
NC_000017.11:43045800:T:G,BRCA1,BRCA1,BRCA1
NC_000017.11:43047649:G:A,BRCA1,BRCA1,BRCA1
NC_000017.11:43047663:T:C,BRCA1,BRCA1,BRCA1
NC_000017.11:43049189:T:G,BRCA1,BRCA1,BRCA1
NC_000017.11:43070955:A:G,BRCA1,BRCA1,BRCA1
NC_000017.11:43070988:G:A,BRCA1,BRCA1,BRCA1
NC_000017.11:43070995:T:C,BRCA1,BRCA1,BRCA1
NC_000017.11:43071016:T:C,BRCA1,BRCA1,BRCA1
NC_000017.11:43071109:C:G,BRCA1,BRCA1,BRCA1
NC_000017.11:43074462:C:T,BRCA1,BRCA1,BRCA1
NC_000017.11:43082427:G:C,BRCA1,BRCA1,BRCA1
NC_000017.11:43082466:T:G,BRCA1,BRCA1,BRCA1
NC_000017.11:43082505:C:G,BRCA1,BRCA1,BRCA1
NC_000017.11:43091535:C:T,BRCA1,BRCA1,BRCA1
NC_000017.11:43091595:G:C,BRCA1,BRCA1,BRCA1
NC_000017.11:43091704:A:C,BRCA1,BRCA1,BRCA1
NC_000017.11:43091712:T:C,BRCA1,BRCA1,BRCA1
NC_000017.11:43091806:T:C,BRCA1,BRCA1,BRCA1
NC_000017.11:43091878:T:A,BRCA1,BRCA1,BRCA1
NC_000017.11:43092003:A:T,BRCA1,BRCA1,BRCA1
NC_000017.11:43092156:G:T,BRCA1,BRCA1,BRCA1
NC_000017.11:43092402:T:C,BRCA1,BRCA1,BRCA1
NC_000017.11:43092420:T:A,BRCA1,BRCA1,BRCA1
NC_000017.11:43092589:G:C,BRCA1,BRCA1,BRCA1
NC_000017.11:43092628:G:C,BRCA1,BRCA1,BRCA1
NC_000017.11:43092669:A:T,BRCA1,BRCA1,BRCA1
NC_000017.11:43092784:T:A,BRCA1,BRCA1,BRCA1
NC_000017.11:43092895:C:T,BRCA1,BRCA1,BRCA1
NC_000017.11:43093005:T:C,BRCA1,BRCA1,BRCA1
NC_000017.11:43093350:G:A,BRCA1,BRCA1,BRCA1
NC_000017.11:43093598:A:C,BRCA1,BRCA1,BRCA1
NC_000017.11:43093887:A:C,BRCA1,BRCA1,BRCA1
NC_000017.11:43093966:C:T,BRCA1,BRCA1,BRCA1
NC_000017.11:43094371:A:T,BRCA1,BRCA1,BRCA1
NC_000017.11:43094425:C:T,BRCA1,BRCA1,BRCA1
NC_000017.11:43094639:C:A,BRCA1,BRCA1,BRCA1
NC_000017.11:43094740:T:A,BRCA1,BRCA1,BRCA1
NC_000017.11:43094791:T:C,BRCA1,BRCA1,BRCA1
NC_000017.11:43095863:A:C,BRCA1,BRCA1,BRCA1
NC_000017.11:43104886:C:G,BRCA1,BRCA1,BRCA1
NC_000017.11:43104900:T:C,BRCA1,BRCA1,BRCA1
NC_000017.11:43106478:T:C,BRCA1,PTEN,BRCA1
NC_000017.11:43115760:T:G,BRCA1,BRCA1,BRCA1
NC_000017.11:43115762:C:T,BRCA1,BRCA1,BRCA1
NC_000017.11:43124044:T:G,BRCA1,BRCA1,BRCA1
NC_000017.11:58695032:A:G,RAD51C,RAD51C,BRCA1
NC_000017.11:61683456:C:T,BRIP1,BRIP1,BRCA1
NC_000017.11:61685985:A:C,BRIP1,BRIP1,BRCA1
NC_000017.11:61857170:G:A,BRIP1,BRIP1,BRCA1
NC_000002.12:214780734:T:G,BARD1,BARD1,BRCA1
NC_000002.12:214780957:T:C,BARD1,BARD1,BRCA1
NC_000002.12:214792443:T:A,BARD1,CDH1,BRCA1
NC_000022.11:28711935:C:A,CHEK2,CDH1,BRCA1
NC_000022.11:28734660:G:A,CHEK2,CHEK2,BRCA1
NC_000008.11:89946189:C:T,NBN,NBN,BRCA1
NC_000008.11:89955351:T:C,NBN,NBN,BRCA1
NC_000008.11:89984527:C:G,NBN,NBN,BRCA1
NC_000009.12:95107174:G:T,FANCC,FANCC,BRCA1
NC_000009.12:95107207:G:A,FANCC,ATM,BRCA1
NC_000009.12:95249154:C:T,FANCC,ATM,BRCA1
