SPDI,Gene,y,p_SVM_RBF,vote_SVM_RBF,p_ENET_LR,vote_ENET_LR,p_EXTRA_TREES,vote_EXTRA_TREES,p_HIST_GB,vote_HIST_GB,V,vote_vector,Mean4,S_MAC,n_observed_panel,panel_size,complete_flag,directional_descriptor,partition,repeat,outer_fold
NC_000011.10:108315862:A:G,ATM,1,0.997271790031778,1.0,0.9923401060174604,1.0,0.9816589543346708,1.0,0.9944846307621256,1.0,4.0,1111,0.9914388702865088,0.9949074226947702,25,25,1,Unanimous LP/P-directed,cv_r1f1,1,1
NC_000017.11:7673801:C:T,TP53,1,0.984415154509202,1.0,0.9627449178432926,1.0,0.993240095015088,1.0,0.9923552222764516,1.0,4.0,1111,0.9831888474110086,0.9892287652934364,25,25,1,Unanimous LP/P-directed,cv_r1f1,1,1
NC_000017.11:7675138:C:T,TP53,1,0.9825931582586124,1.0,0.9729071621955409,1.0,0.99679720951067,1.0,0.990361267233495,1.0,4.0,1111,0.9856646992995794,0.9909764456546362,25,25,1,Unanimous LP/P-directed,cv_r1f1,1,1
NC_000017.11:43124043:A:G,BRCA1,1,0.936747786568173,1.0,0.9651910411919282,1.0,0.9848401682275312,1.0,0.9803790848340392,1.0,4.0,1111,0.966789520205418,0.9770053825366992,25,25,1,Unanimous LP/P-directed,cv_r1f1,1,1
NC_000022.11:28725069:C:T,CHEK2,1,0.9775088308778432,1.0,0.9669424402756396,1.0,0.9984392611914112,1.0,0.986925477250312,1.0,4.0,1111,0.9824540023988014,0.9887040385243228,24,25,1,Unanimous LP/P-directed,cv_r1f1,1,1
NC_000013.11:32394802:A:T,BRCA2,1,0.9502808297971568,1.0,0.8167689922369459,1.0,0.9844839375272082,1.0,0.9470441943692016,1.0,4.0,1111,0.924644488482628,0.9423886330072048,22,25,1,Unanimous LP/P-directed,cv_r1f1,1,1
NC_000011.10:108325415:C:T,ATM,1,0.9862477100014476,1.0,0.9766853509610564,1.0,0.996807131995322,1.0,0.991294776661769,1.0,4.0,1111,0.9877587424048988,0.99170485100687,25,25,1,Unanimous LP/P-directed,cv_r1f2,1,2
NC_000011.10:108335079:G:A,ATM,1,0.8872928871647952,1.0,0.8824378419670019,1.0,0.9346080922355452,1.0,0.972314887757922,1.0,4.0,1111,0.919163427281316,0.9343749095068036,25,25,1,Unanimous LP/P-directed,cv_r1f2,1,2
NC_000017.11:43067609:G:C,BRCA1,1,0.9863320436074848,1.0,0.9783476710831904,1.0,0.9470716741167052,1.0,0.9756194502772656,1.0,4.0,1111,0.9718427097711616,0.9793990808796208,24,25,1,Unanimous LP/P-directed,cv_r1f2,1,2
NC_000017.11:43063929:C:T,BRCA1,1,0.973750702818428,1.0,0.9570571497407538,1.0,0.9542990199056268,1.0,0.9895686699966156,1.0,4.0,1111,0.968668885615356,0.9787190804550993,25,25,1,Unanimous LP/P-directed,cv_r1f3,1,3
NC_000017.11:43106486:A:C,BRCA1,1,0.9937419284974632,1.0,0.9888661258679616,1.0,0.9995704171132506,1.0,0.9955390340924064,1.0,4.0,1111,0.9944293763927704,0.996903614781968,25,25,1,Unanimous LP/P-directed,cv_r1f3,1,3
NC_000022.11:28725253:G:A,CHEK2,1,0.9824498528492788,1.0,0.926210056305421,1.0,0.949937655411633,1.0,0.9897495772616248,1.0,4.0,1111,0.9620867854569894,0.9736408820847812,24,25,1,Unanimous LP/P-directed,cv_r1f3,1,3
NC_000011.10:108247028:A:G,ATM,1,0.994233778828239,1.0,0.9954209548490888,1.0,0.9628908628526044,1.0,0.9790574721482744,1.0,4.0,1111,0.9829007671695518,0.9896249837863078,25,25,1,Unanimous LP/P-directed,cv_r1f4,1,4
NC_000017.11:7674220:G:A,TP53,1,0.9995346604213412,1.0,0.995930546824676,1.0,0.9999572329988322,1.0,0.9943975363595268,1.0,4.0,1111,0.997454994151094,0.99877539442179,25,25,1,Unanimous LP/P-directed,cv_r1f4,1,4
NC_000017.11:43045772:C:T,BRCA1,1,0.974569085787384,1.0,0.9607958279693858,1.0,0.9158863562683776,1.0,0.9829110205215836,1.0,4.0,1111,0.9585405726366828,0.9717974699547388,25,25,1,Unanimous LP/P-directed,cv_r1f4,1,4
NC_000017.11:43067607:C:G,BRCA1,1,0.9980848470955864,1.0,0.9985537438289072,1.0,0.9871857339672934,1.0,0.984248531097048,1.0,4.0,1111,0.9920182139972088,0.9955922333978696,24,25,1,Unanimous LP/P-directed,cv_r1f4,1,4
NC_000011.10:108244999:C:T,ATM,1,0.9800851451749653,1.0,0.9459740019025776,1.0,0.9854379223767123,1.0,0.9856886193403724,1.0,4.0,1111,0.974296422198657,0.9837844426016492,25,25,1,Unanimous LP/P-directed,cv_r1f5,1,5
NC_000016.10:89739478:T:C,FANCA,1,0.937816515506075,1.0,0.8067775323050859,1.0,0.7744261078592957,1.0,0.9596473690375718,1.0,4.0,1111,0.8696668811770072,0.8964017362660653,24,25,1,Unanimous LP/P-directed,cv_r1f5,1,5
NC_000017.11:7673763:C:T,TP53,1,0.999145601660972,1.0,0.9681620865292304,1.0,0.99999999734971,1.0,0.9950261464976612,1.0,4.0,1111,0.9905834580093936,0.9947792009579536,25,25,1,Unanimous LP/P-directed,cv_r1f5,1,5
NC_000017.11:43063902:G:T,BRCA1,1,0.9971293455919789,1.0,0.991870265687503,1.0,0.9999122932456308,1.0,0.994421143212174,1.0,4.0,1111,0.9958332619343216,0.9979129899156204,25,25,1,Unanimous LP/P-directed,cv_r1f5,1,5
NC_000017.11:58696701:G:C,RAD51C,1,0.8300586940534954,1.0,0.784011021897929,1.0,0.5725812327829972,1.0,0.3060139001678501,0.0,3.0,1110,0.623166212225568,0.6442395204984299,25,25,1,Mixed votes,cv_r1f5,1,5
NC_000013.11:32363378:A:G,BRCA2,1,0.996226421311026,1.0,0.942518058833494,1.0,0.999321886061885,1.0,0.9936993298257292,1.0,4.0,1111,0.9829414240080334,0.9897988217390762,22,25,1,Unanimous LP/P-directed,cv_r1f5,1,5
NC_000011.10:108244999:C:T,ATM,1,0.9693277453134416,1.0,0.9421409080733664,1.0,0.9363923677627796,1.0,0.8655404012063754,1.0,4.0,1111,0.9283503555889908,0.9498667524363618,25,25,1,Unanimous LP/P-directed,cv_r2f1,2,1
NC_000011.10:108247028:A:G,ATM,1,0.9748562659530304,1.0,0.9956666900292142,1.0,0.9883875258119856,1.0,0.975743236194665,1.0,4.0,1111,0.9836634294972236,0.9908709853594916,25,25,1,Unanimous LP/P-directed,cv_r2f1,2,1
NC_000011.10:108325415:C:T,ATM,1,0.995957864855831,1.0,0.9842854941822196,1.0,0.9779562910616114,1.0,0.9812993804415984,1.0,4.0,1111,0.9848747576353152,0.9916413019048614,25,25,1,Unanimous LP/P-directed,cv_r2f1,2,1
NC_000017.11:7673801:C:T,TP53,1,0.9948646648228998,1.0,0.962116663234588,1.0,0.99299558271837,1.0,0.9901212908783316,1.0,4.0,1111,0.9850245504135472,0.9917359324355672,25,25,1,Unanimous LP/P-directed,cv_r2f1,2,1
NC_000017.11:43063902:G:T,BRCA1,1,0.9947779374513318,1.0,0.990640155613212,1.0,0.9999999602808743,1.0,0.9901212908783316,1.0,4.0,1111,0.9938848360559374,0.9970273903123412,25,25,1,Unanimous LP/P-directed,cv_r2f1,2,1
NC_000017.11:43063929:C:T,BRCA1,1,0.9916607176246256,1.0,0.9688234357007848,1.0,0.9600227729275542,1.0,0.9901212908783316,1.0,4.0,1111,0.977657054282824,0.9869318030421766,25,25,1,Unanimous LP/P-directed,cv_r2f1,2,1
NC_000017.11:58696701:G:C,RAD51C,1,0.7675016044909044,1.0,0.77814231776872,1.0,0.4839009593120749,0.0,0.4394966559007421,1.0,3.0,1101,0.6172603843681104,0.639722951788234,25,25,1,Mixed votes,cv_r2f1,2,1
NC_000013.11:32363378:A:G,BRCA2,1,0.9799737771798362,1.0,0.8786033802944782,1.0,0.9779562910616114,1.0,0.9894019067441264,1.0,4.0,1111,0.9564838388200132,0.9718629898412312,22,25,1,Unanimous LP/P-directed,cv_r2f1,2,1
NC_000016.10:89739478:T:C,FANCA,1,0.8981364270015681,1.0,0.8440479514851889,1.0,0.6615915120420915,1.0,0.8658342306543387,1.0,4.0,1111,0.8174025302957968,0.8487125418450919,24,25,1,Unanimous LP/P-directed,cv_r2f2,2,2
NC_000017.11:7675138:C:T,TP53,1,0.9767068976684188,1.0,0.9535491343756216,1.0,0.9952886173256452,1.0,0.9812936895466572,1.0,4.0,1111,0.9767095847290858,0.9859514299219811,25,25,1,Unanimous LP/P-directed,cv_r2f2,2,2
NC_000017.11:43106486:A:C,BRCA1,1,0.9936860601998828,1.0,0.9911245489970076,1.0,0.99999996890845,1.0,0.991808949912593,1.0,4.0,1111,0.9941548820044834,0.9970770691524772,25,25,1,Unanimous LP/P-directed,cv_r2f2,2,2
NC_000022.11:28725069:C:T,CHEK2,1,0.9719474623963704,1.0,0.9638527059144568,1.0,0.9988182605312642,1.0,0.98436822245276,1.0,4.0,1111,0.9797466628237128,0.988018987121762,24,25,1,Unanimous LP/P-directed,cv_r2f2,2,2
NC_000013.11:32394802:A:T,BRCA2,1,0.9627468905390268,1.0,0.939962437717368,1.0,0.9323256849841508,1.0,0.9740535775907624,1.0,4.0,1111,0.952272147707827,0.9680849101600376,22,25,1,Unanimous LP/P-directed,cv_r2f2,2,2
NC_000017.11:43045772:C:T,BRCA1,1,0.9865257473935578,1.0,0.9462697783081768,1.0,0.9210172708083988,1.0,0.9864125208128878,1.0,4.0,1111,0.9600563293307554,0.9739793030386324,25,25,1,Unanimous LP/P-directed,cv_r2f2,2,2
NC_000017.11:7673763:C:T,TP53,1,0.9925950559437732,1.0,0.9694766833267308,1.0,0.9997532268150776,1.0,0.9914172966402424,1.0,4.0,1111,0.988310565681456,0.9928579200859562,25,25,1,Unanimous LP/P-directed,cv_r2f3,2,3
NC_000017.11:43067609:G:C,BRCA1,1,0.9788931054916286,1.0,0.976196998884883,1.0,0.9562808880729858,1.0,0.9859702934365652,1.0,4.0,1111,0.9743353214715156,0.9828370768004904,24,25,1,Unanimous LP/P-directed,cv_r2f3,2,3
NC_000011.10:108315862:A:G,ATM,1,0.9966446724918298,1.0,0.9948096289049208,1.0,0.9871343898475008,1.0,0.9872452242420042,1.0,4.0,1111,0.991458478871564,0.994574917436267,25,25,1,Unanimous LP/P-directed,cv_r2f4,2,4
NC_000017.11:7674220:G:A,TP53,1,0.9967900448444796,1.0,0.9950140440580364,1.0,0.9999876149918642,1.0,0.9916472651650242,1.0,4.0,1111,0.9958597422648512,0.9975444795019354,25,25,1,Unanimous LP/P-directed,cv_r2f4,2,4
NC_000017.11:43067607:C:G,BRCA1,1,0.9989002161567372,1.0,0.9991207871044696,1.0,0.987647894018168,1.0,0.9871995733096904,1.0,4.0,1111,0.9932171176472664,0.9957853891349838,24,25,1,Unanimous LP/P-directed,cv_r2f4,2,4
NC_000017.11:43124043:A:G,BRCA1,1,0.9375295960118752,1.0,0.9738004230772036,1.0,0.9666712928436788,1.0,0.9909631301907388,1.0,4.0,1111,0.9672411105308742,0.9786353801738272,25,25,1,Unanimous LP/P-directed,cv_r2f5,2,5
NC_000022.11:28725253:G:A,CHEK2,1,0.9903977107676842,1.0,0.9517004417870226,1.0,0.9871781949701804,1.0,0.9839854116483864,1.0,4.0,1111,0.9783154397933184,0.986613610189776,24,25,1,Unanimous LP/P-directed,cv_r2f5,2,5
NC_000011.10:108335079:G:A,ATM,1,0.8465256533745543,1.0,0.9112464700323932,1.0,0.8756683494294262,1.0,0.9532999901351724,1.0,4.0,1111,0.8966851157428866,0.9206262775090498,25,25,1,Unanimous LP/P-directed,cv_r2f5,2,5
NC_000011.10:108325415:C:T,ATM,1,0.9885274121969284,1.0,0.9620357748047886,1.0,0.974326090889612,1.0,0.9838350025125592,1.0,4.0,1111,0.977181070100972,0.9854515929639208,25,25,1,Unanimous LP/P-directed,cv_r3f1,3,1
NC_000011.10:108244999:C:T,ATM,1,0.9459676767050292,1.0,0.9400281511967036,1.0,0.926631962954265,1.0,0.9613667314008202,1.0,4.0,1111,0.9434986305642044,0.9611476503984492,25,25,1,Unanimous LP/P-directed,cv_r3f2,3,2
NC_000016.10:89739478:T:C,FANCA,1,0.9336355132112528,1.0,0.8350733870602726,1.0,0.870133431418478,1.0,0.966895855112013,1.0,4.0,1111,0.901434546700504,0.9264872172131272,24,25,1,Unanimous LP/P-directed,cv_r3f2,3,2
NC_000017.11:43063929:C:T,BRCA1,1,0.9857966404552851,1.0,0.9677866587157335,1.0,0.9749060129484196,1.0,0.9922717791570832,1.0,4.0,1111,0.9801902728191304,0.9881691837998462,25,25,1,Unanimous LP/P-directed,cv_r3f2,3,2
NC_000017.11:43045772:C:T,BRCA1,1,0.9857318959080636,1.0,0.96214773823902,1.0,0.9226749968074264,1.0,0.9887318587949464,1.0,4.0,1111,0.964821622437364,0.9773386293169356,25,25,1,Unanimous LP/P-directed,cv_r3f2,3,2
NC_000017.11:43067607:C:G,BRCA1,1,0.9948065799765335,1.0,0.999351571726262,1.0,0.996328698593424,1.0,0.9922717791570832,1.0,4.0,1111,0.9956896573633256,0.997873538729066,24,25,1,Unanimous LP/P-directed,cv_r3f2,3,2
NC_000011.10:108315862:A:G,ATM,1,0.9987812955439112,1.0,0.9949340490530276,1.0,0.9895418933121258,1.0,0.9960017762405268,1.0,4.0,1111,0.994814753537398,0.9973061034974106,25,25,1,Unanimous LP/P-directed,cv_r3f3,3,3
NC_000017.11:7673763:C:T,TP53,1,0.997120696122364,1.0,0.9698914069769718,1.0,0.9999999390830488,1.0,0.9942011476359676,1.0,4.0,1111,0.990303297454588,0.994566229447094,25,25,1,Unanimous LP/P-directed,cv_r3f3,3,3
NC_000017.11:43063902:G:T,BRCA1,1,0.997963009770161,1.0,0.989540826545936,1.0,0.9999999390830488,1.0,0.9959404083745732,1.0,4.0,1111,0.9958610459434298,0.9979069265172053,25,25,1,Unanimous LP/P-directed,cv_r3f3,3,3
NC_000017.11:43106486:A:C,BRCA1,1,0.995060639687808,1.0,0.9880469596524024,1.0,0.9999999390830488,1.0,0.996837580812632,1.0,4.0,1111,0.9949862798089728,0.9974057045214444,25,25,1,Unanimous LP/P-directed,cv_r3f3,3,3
NC_000017.11:43124043:A:G,BRCA1,1,0.9672979467541996,1.0,0.9509360426412016,1.0,0.9726113379074997,1.0,0.9901744930949714,1.0,4.0,1111,0.970254955099468,0.980821610936611,25,25,1,Unanimous LP/P-directed,cv_r3f3,3,3
NC_000017.11:58696701:G:C,RAD51C,1,0.6469366746319245,0.0,0.7684803417175715,1.0,0.4274200224989151,0.0,0.3030005240628408,0.0,1.0,0100,0.536459390727813,0.5509662895349711,25,25,1,Mixed votes,cv_r3f3,3,3
NC_000017.11:7673801:C:T,TP53,1,0.9899230122073508,1.0,0.9725170966827004,1.0,0.9971633943396896,1.0,0.9938659517148856,1.0,4.0,1111,0.9883673637361566,0.9935251277961712,25,25,1,Unanimous LP/P-directed,cv_r3f4,3,4
NC_000017.11:7674220:G:A,TP53,1,0.9993519996780252,1.0,0.9962141824246415,1.0,0.9999999669177416,1.0,0.9964359329202912,1.0,4.0,1111,0.998000520485175,0.999109585621612,25,25,1,Unanimous LP/P-directed,cv_r3f4,3,4
NC_000017.11:7675138:C:T,TP53,1,0.9906433587838774,1.0,0.9734484279862716,1.0,0.9952821415822322,1.0,0.9943844890229856,1.0,4.0,1111,0.9884396043438418,0.9935705275104344,25,25,1,Unanimous LP/P-directed,cv_r3f4,3,4
NC_000011.10:108335079:G:A,ATM,1,0.5225791430717733,0.0,0.6999284224253783,1.0,0.881946012532315,1.0,0.9582631588597889,1.0,3.0,0111,0.7656791842223138,0.7977388801436494,25,25,1,Mixed votes,cv_r3f4,3,4
NC_000017.11:43067609:G:C,BRCA1,1,0.9844086903561404,1.0,0.9868770437726668,1.0,0.9755637796691604,1.0,0.9870009835214422,1.0,4.0,1111,0.9834626243298524,0.990362635795772,24,25,1,Unanimous LP/P-directed,cv_r3f4,3,4
NC_000011.10:108247028:A:G,ATM,1,0.9804377051670236,1.0,0.9944810451933876,1.0,0.9591720351769076,1.0,0.9350822503005412,1.0,4.0,1111,0.967293258959465,0.9793050107813364,25,25,1,Unanimous LP/P-directed,cv_r3f5,3,5
NC_000022.11:28725069:C:T,CHEK2,1,0.9584570476530152,1.0,0.933649987434273,1.0,0.996938527403586,1.0,0.9895747006716706,1.0,4.0,1111,0.9696550657906362,0.9810071477358506,24,25,1,Unanimous LP/P-directed,cv_r3f5,3,5
NC_000022.11:28725253:G:A,CHEK2,1,0.9817398694982148,1.0,0.9111604621209431,1.0,0.967161305845434,1.0,0.9786220963145376,1.0,4.0,1111,0.9596709334447824,0.9736854217316312,24,25,1,Unanimous LP/P-directed,cv_r3f5,3,5
NC_000013.11:32363378:A:G,BRCA2,1,0.9879271437036018,1.0,0.9414273096854732,1.0,0.9863471930762556,1.0,0.9684504928274684,1.0,4.0,1111,0.9710380348231996,0.9819945064582232,22,25,1,Unanimous LP/P-directed,cv_r3f5,3,5
NC_000013.11:32394802:A:T,BRCA2,1,0.9415874460865858,1.0,0.8832472488390017,1.0,0.955125301139511,1.0,0.9197913272468154,1.0,4.0,1111,0.9249378308279784,0.9461566749975392,22,25,1,Unanimous LP/P-directed,cv_r3f5,3,5
NC_000011.10:108325415:C:T,ATM,1,0.9938711421930004,1.0,0.9746183202981906,1.0,0.9888841137787122,1.0,0.9885349427030594,1.0,4.0,1111,0.9864771297432406,0.9920526615141684,25,25,1,Unanimous LP/P-directed,cv_r4f1,4,1
NC_000022.11:28725253:G:A,CHEK2,1,0.9774777030208932,1.0,0.9114337966252248,1.0,0.986724166579946,1.0,0.9885349427030594,1.0,4.0,1111,0.9660426522322808,0.9775571722900186,24,25,1,Unanimous LP/P-directed,cv_r4f1,4,1
NC_000013.11:32363378:A:G,BRCA2,1,0.9517876714626474,1.0,0.9111701161516113,1.0,0.9725043151975244,1.0,0.9640899119651934,1.0,4.0,1111,0.949888003694244,0.9651126513926576,22,25,1,Unanimous LP/P-directed,cv_r4f1,4,1
NC_000017.11:43045772:C:T,BRCA1,1,0.9739973875788016,1.0,0.9515594237789928,1.0,0.93237482320931,1.0,0.98398204938555,1.0,4.0,1111,0.9604784209881636,0.9733503127555156,25,25,1,Unanimous LP/P-directed,cv_r4f1,4,1
NC_000017.11:43067607:C:G,BRCA1,1,0.9977990182692648,1.0,0.9988415410196788,1.0,0.979178228623425,1.0,0.9885349427030594,1.0,4.0,1111,0.9910884326538568,0.9950254442130848,24,25,1,Unanimous LP/P-directed,cv_r4f1,4,1
NC_000017.11:7673801:C:T,TP53,1,0.995694489621185,1.0,0.9350405453854294,1.0,0.9964891832092974,1.0,0.9936457591517024,1.0,4.0,1111,0.9802174943419036,0.9877518261731236,25,25,1,Unanimous LP/P-directed,cv_r4f2,4,2
NC_000011.10:108244999:C:T,ATM,1,0.9412990172049116,1.0,0.8669899661663861,1.0,0.9114089394419213,1.0,0.8778318476841599,1.0,4.0,1111,0.8993824426243447,0.920285077046119,25,25,1,Unanimous LP/P-directed,cv_r4f3,4,3
NC_000017.11:7675138:C:T,TP53,1,0.974107162828093,1.0,0.9614972931218132,1.0,0.9963674408940496,1.0,0.9828240365014108,1.0,4.0,1111,0.9786989833363416,0.9860082923359738,25,25,1,Unanimous LP/P-directed,cv_r4f3,4,3
NC_000017.11:43063929:C:T,BRCA1,1,0.9897149088078282,1.0,0.9634051920922684,1.0,0.9567106414984632,1.0,0.9741072471402132,1.0,4.0,1111,0.9709844973846932,0.9802553141177376,25,25,1,Unanimous LP/P-directed,cv_r4f3,4,3
NC_000017.11:43106486:A:C,BRCA1,1,0.9980172256448804,1.0,0.990391556405234,1.0,0.9999999403099352,1.0,0.9900785088037306,1.0,4.0,1111,0.9946218077909452,0.9969633233397492,25,25,1,Unanimous LP/P-directed,cv_r4f3,4,3
NC_000022.11:28725069:C:T,CHEK2,1,0.9918033984347052,1.0,0.9581137574956085,1.0,0.991832403622953,1.0,0.9842902004723696,1.0,4.0,1111,0.981509940006409,0.9880470190142472,24,25,1,Unanimous LP/P-directed,cv_r4f3,4,3
NC_000011.10:108247028:A:G,ATM,1,0.9909517738417972,1.0,0.9898856796642144,1.0,0.9663720355115604,1.0,0.9815512764544304,1.0,4.0,1111,0.9821901913680006,0.9896736243529114,25,25,1,Unanimous LP/P-directed,cv_r4f4,4,4
NC_000011.10:108315862:A:G,ATM,1,0.9991328753780891,1.0,0.9958716002982556,1.0,0.9775201214930586,1.0,0.9916622862733918,1.0,4.0,1111,0.9910467208606988,0.9952818583430788,25,25,1,Unanimous LP/P-directed,cv_r4f4,4,4
NC_000017.11:7674220:G:A,TP53,1,0.9977615854531564,1.0,0.9971875993489704,1.0,0.9999999889170212,1.0,0.9916622862733918,1.0,4.0,1111,0.996652864998135,0.9984565117566954,25,25,1,Unanimous LP/P-directed,cv_r4f4,4,4
NC_000017.11:43124043:A:G,BRCA1,1,0.9678087918431092,1.0,0.9721097895598884,1.0,0.9870981173101948,1.0,0.9916622862733918,1.0,4.0,1111,0.979669746246646,0.987989388518396,25,25,1,Unanimous LP/P-directed,cv_r4f4,4,4
NC_000017.11:58696701:G:C,RAD51C,1,0.7596832790597838,1.0,0.8874991325942967,1.0,0.6115003211456332,1.0,0.2816982301997033,0.0,3.0,1110,0.6350952407498542,0.6568483185574898,25,25,1,Mixed votes,cv_r4f4,4,4
NC_000013.11:32394802:A:T,BRCA2,1,0.9159686388316364,1.0,0.8581833094890807,1.0,0.9751137540972706,1.0,0.94419521995209,1.0,4.0,1111,0.9233652305925196,0.9448126052544568,22,25,1,Unanimous LP/P-directed,cv_r4f4,4,4
NC_000017.11:43067609:G:C,BRCA1,1,0.9578009663801696,1.0,0.984420387929345,1.0,0.9706065506977832,1.0,0.9764834662312404,1.0,4.0,1111,0.9723278428096344,0.9829134769870662,24,25,1,Unanimous LP/P-directed,cv_r4f4,4,4
NC_000016.10:89739478:T:C,FANCA,1,0.8423483261385678,1.0,0.7924795538456602,1.0,0.8271357289342981,1.0,0.9190709669352132,1.0,4.0,1111,0.8452586439634349,0.8640762242123753,24,25,1,Unanimous LP/P-directed,cv_r4f5,4,5
NC_000017.11:7673763:C:T,TP53,1,0.9910731889243698,1.0,0.9742287977964308,1.0,0.998859012666672,1.0,0.9831440984198913,1.0,4.0,1111,0.9868262744518408,0.9910324873093456,25,25,1,Unanimous LP/P-directed,cv_r4f5,4,5
NC_000017.11:43063902:G:T,BRCA1,1,0.9903759288151364,1.0,0.981877717245312,1.0,0.9970616637294772,1.0,0.9819812804366076,1.0,4.0,1111,0.9878241475566332,0.9917735999657312,25,25,1,Unanimous LP/P-directed,cv_r4f5,4,5
NC_000011.10:108335079:G:A,ATM,1,0.6592354174819913,0.0,0.7368621199834519,1.0,0.8118733802773788,1.0,0.8257188236331523,1.0,3.0,0111,0.7584224353439935,0.776530121771135,25,25,1,Mixed votes,cv_r4f5,4,5
NC_000011.10:108244999:C:T,ATM,1,0.952418608696702,1.0,0.8411331316056635,1.0,0.7838827448650231,1.0,0.6302654654992683,0.0,3.0,1110,0.8019249876666643,0.8353583080101308,25,25,1,Mixed votes,cv_r5f1,5,1
NC_000017.11:7673763:C:T,TP53,1,0.989913417016334,1.0,0.9684544761755772,1.0,0.9999999214227322,1.0,0.9905614909229764,1.0,4.0,1111,0.987232326384405,0.9931148341059628,25,25,1,Unanimous LP/P-directed,cv_r5f1,5,1
NC_000017.11:43063902:G:T,BRCA1,1,0.9942346006410316,1.0,0.9879370221466998,1.0,0.9961912046201784,1.0,0.9905614909229764,1.0,4.0,1111,0.9922310795827216,0.9960926760666344,25,25,1,Unanimous LP/P-directed,cv_r5f1,5,1
NC_000017.11:43063929:C:T,BRCA1,1,0.9846815573702704,1.0,0.9586478372599015,1.0,0.9641295741566324,1.0,0.9843049115432668,1.0,4.0,1111,0.9729409700825178,0.9837381020142144,25,25,1,Unanimous LP/P-directed,cv_r5f1,5,1
NC_000017.11:43106486:A:C,BRCA1,1,0.98845167630117,1.0,0.9802949857015756,1.0,0.9999999138241156,1.0,0.9915880010374682,1.0,4.0,1111,0.9900836442160824,0.9949025105928024,25,25,1,Unanimous LP/P-directed,cv_r5f2,5,2
NC_000017.11:43045772:C:T,BRCA1,1,0.96984316064451,1.0,0.9456239053780588,1.0,0.938773567013362,1.0,0.9763248209780064,1.0,4.0,1111,0.9576413635034844,0.973106390276193,25,25,1,Unanimous LP/P-directed,cv_r5f2,5,2
NC_000011.10:108315862:A:G,ATM,1,0.9978013193833756,1.0,0.9948138741748968,1.0,0.9580058756048792,1.0,0.9932018469616928,1.0,4.0,1111,0.9859557290312112,0.993293246728272,25,25,1,Unanimous LP/P-directed,cv_r5f3,5,3
NC_000017.11:58696701:G:C,RAD51C,1,0.6533568991397901,1.0,0.6091437681106072,1.0,0.4458682110583409,1.0,0.4942704776587688,1.0,4.0,1111,0.5506598389918768,0.5685423797194222,25,25,1,Unanimous LP/P-directed,cv_r5f3,5,3
NC_000013.11:32394802:A:T,BRCA2,1,0.9879993654982864,1.0,0.9055830201073308,1.0,0.9861099762507576,1.0,0.9932018469616928,1.0,4.0,1111,0.9682235522045168,0.982437879052704,22,25,1,Unanimous LP/P-directed,cv_r5f3,5,3
NC_000017.11:43067607:C:G,BRCA1,1,0.994929729896934,1.0,0.999605932205572,1.0,0.9914519821074458,1.0,0.9932018469616928,1.0,4.0,1111,0.9947973727929112,0.9979062541570828,24,25,1,Unanimous LP/P-directed,cv_r5f3,5,3
NC_000011.10:108325415:C:T,ATM,1,0.9964695840794304,1.0,0.980192036141758,1.0,0.9882241187651803,1.0,0.9951902785715808,1.0,4.0,1111,0.9900190043894874,0.9946758108502344,25,25,1,Unanimous LP/P-directed,cv_r5f4,5,4
NC_000017.11:7674220:G:A,TP53,1,0.9995151623688882,1.0,0.9979287127499122,1.0,0.9999999873777882,1.0,0.9978519869400218,1.0,4.0,1111,0.9988239623591526,0.999527797635127,25,25,1,Unanimous LP/P-directed,cv_r5f4,5,4
NC_000017.11:7675138:C:T,TP53,1,0.9879491237250688,1.0,0.956058525769642,1.0,0.9976182041774144,1.0,0.9932035527734692,1.0,4.0,1111,0.9837073516113986,0.9907053637236573,25,25,1,Unanimous LP/P-directed,cv_r5f4,5,4
NC_000013.11:32363378:A:G,BRCA2,1,0.9802076930857004,1.0,0.923652944378405,1.0,0.9909784364567708,1.0,0.9671364564093248,1.0,4.0,1111,0.9654938825825502,0.9781091320546784,22,25,1,Unanimous LP/P-directed,cv_r5f4,5,4
NC_000011.10:108247028:A:G,ATM,1,0.9826114774860844,1.0,0.9861778542531056,1.0,0.9755347286496888,1.0,0.9829028293074769,1.0,4.0,1111,0.981806722424089,0.9881834751354478,25,25,1,Unanimous LP/P-directed,cv_r5f5,5,5
NC_000016.10:89739478:T:C,FANCA,1,0.9655005904107552,1.0,0.7282857652630387,1.0,0.8394821632433647,1.0,0.9615960140350908,1.0,4.0,1111,0.8737161332380623,0.8970470121348373,24,25,1,Unanimous LP/P-directed,cv_r5f5,5,5
NC_000017.11:7673801:C:T,TP53,1,0.995286895028506,1.0,0.9602222774482182,1.0,0.9976001344414878,1.0,0.9943510366483062,1.0,4.0,1111,0.9868650858916296,0.991761798554863,25,25,1,Unanimous LP/P-directed,cv_r5f5,5,5
NC_000017.11:43124043:A:G,BRCA1,1,0.980266115812069,1.0,0.9809167303402552,1.0,0.9970714277901428,1.0,0.986246293912605,1.0,4.0,1111,0.986125141963768,0.9912467346523072,25,25,1,Unanimous LP/P-directed,cv_r5f5,5,5
NC_000022.11:28725069:C:T,CHEK2,1,0.968283597705386,1.0,0.9744415999037144,1.0,0.9998693306112052,1.0,0.9943340497605554,1.0,4.0,1111,0.9842321444952152,0.9899154202119322,24,25,1,Unanimous LP/P-directed,cv_r5f5,5,5
NC_000022.11:28725253:G:A,CHEK2,1,0.9931395407456846,1.0,0.9578066386112936,1.0,0.9563353408806264,1.0,0.9738344256486196,1.0,4.0,1111,0.970278986471556,0.9796278727223412,24,25,1,Unanimous LP/P-directed,cv_r5f5,5,5
NC_000011.10:108335079:G:A,ATM,1,0.7209344761723532,1.0,0.8399985111858138,1.0,0.8946037432699392,1.0,0.9825785169069178,1.0,4.0,1111,0.859528811883756,0.8838690637666254,25,25,1,Unanimous LP/P-directed,cv_r5f5,5,5
NC_000017.11:43067609:G:C,BRCA1,1,0.9620763650852489,1.0,0.9750487085856964,1.0,0.938349117456603,1.0,0.8765921667039824,1.0,4.0,1111,0.9380165894578828,0.9537590035048462,24,25,1,Unanimous LP/P-directed,cv_r5f5,5,5
